date,equity,return,gross_exposure,net_exposure,zscore
2012-01-03,100000.0,,0.0,0.0,
2012-01-04,100000.0,0.0,0.0,0.0,
2012-01-05,100000.0,0.0,0.0,0.0,
2012-01-06,100000.0,0.0,0.0,0.0,
2012-01-09,100000.0,0.0,0.0,0.0,
2012-01-10,100000.0,0.0,0.0,0.0,
2012-01-11,100000.0,0.0,0.0,0.0,
2012-01-12,100000.0,0.0,0.0,0.0,
2012-01-13,100000.0,0.0,0.0,0.0,
2012-01-17,100000.0,0.0,0.0,0.0,
2012-01-18,100000.0,0.0,0.0,0.0,
2012-01-19,100000.0,0.0,0.0,0.0,
2012-01-20,100000.0,0.0,0.0,0.0,
2012-01-23,100000.0,0.0,0.0,0.0,
2012-01-24,100000.0,0.0,0.0,0.0,
2012-01-25,100000.0,0.0,0.0,0.0,
2012-01-26,100000.0,0.0,0.0,0.0,
2012-01-27,100000.0,0.0,0.0,0.0,
2012-01-30,100000.0,0.0,0.0,0.0,
2012-01-31,100000.0,0.0,0.0,0.0,
2012-02-01,100000.0,0.0,0.0,0.0,
2012-02-02,100000.0,0.0,0.0,0.0,
2012-02-03,100000.0,0.0,0.0,0.0,
2012-02-06,100000.0,0.0,0.0,0.0,
2012-02-07,100000.0,0.0,0.0,0.0,
2012-02-08,100000.0,0.0,0.0,0.0,
2012-02-09,100000.0,0.0,0.0,0.0,
2012-02-10,100000.0,0.0,0.0,0.0,
2012-02-13,100000.0,0.0,0.0,0.0,
2012-02-14,100000.0,0.0,0.0,0.0,
2012-02-15,100000.0,0.0,0.0,0.0,
2012-02-16,100000.0,0.0,0.0,0.0,
2012-02-17,100000.0,0.0,0.0,0.0,
2012-02-21,100000.0,0.0,0.0,0.0,
2012-02-22,100000.0,0.0,0.0,0.0,
2012-02-23,100000.0,0.0,0.0,0.0,
2012-02-24,100000.0,0.0,0.0,0.0,
2012-02-27,100000.0,0.0,0.0,0.0,
2012-02-28,100000.0,0.0,0.0,0.0,
2012-02-29,100000.0,0.0,0.0,0.0,
2012-03-01,100000.0,0.0,0.0,0.0,
2012-03-02,100000.0,0.0,0.0,0.0,
2012-03-05,100000.0,0.0,0.0,0.0,
2012-03-06,100000.0,0.0,0.0,0.0,
2012-03-07,100000.0,0.0,0.0,0.0,
2012-03-08,100000.0,0.0,0.0,0.0,
2012-03-09,100000.0,0.0,0.0,0.0,
2012-03-12,100000.0,0.0,0.0,0.0,
2012-03-13,100000.0,0.0,0.0,0.0,
2012-03-14,100000.0,0.0,0.0,0.0,
2012-03-15,100000.0,0.0,0.0,0.0,
2012-03-16,100000.0,0.0,0.0,0.0,
2012-03-19,100000.0,0.0,0.0,0.0,
2012-03-20,100000.0,0.0,0.0,0.0,
2012-03-21,100000.0,0.0,0.0,0.0,
2012-03-22,100000.0,0.0,0.0,0.0,
2012-03-23,100000.0,0.0,0.0,0.0,
2012-03-26,100000.0,0.0,0.0,0.0,
2012-03-27,100000.0,0.0,0.0,0.0,
2012-03-28,100000.0,0.0,0.0,0.0,
2012-03-29,100000.0,0.0,0.0,0.0,
2012-03-30,100000.0,0.0,0.0,0.0,
2012-04-02,100000.0,0.0,0.0,0.0,
2012-04-03,100000.0,0.0,0.0,0.0,
2012-04-04,100000.0,0.0,0.0,0.0,
2012-04-05,100000.0,0.0,0.0,0.0,
2012-04-09,100000.0,0.0,0.0,0.0,
2012-04-10,100000.0,0.0,0.0,0.0,
2012-04-11,100000.0,0.0,0.0,0.0,
2012-04-12,100000.0,0.0,0.0,0.0,
2012-04-13,100000.0,0.0,0.0,0.0,
2012-04-16,100000.0,0.0,0.0,0.0,
2012-04-17,100000.0,0.0,0.0,0.0,
2012-04-18,100000.0,0.0,0.0,0.0,
2012-04-19,100000.0,0.0,0.0,0.0,
2012-04-20,100000.0,0.0,0.0,0.0,
2012-04-23,100000.0,0.0,0.0,0.0,
2012-04-24,100000.0,0.0,0.0,0.0,
2012-04-25,100000.0,0.0,0.0,0.0,
2012-04-26,100000.0,0.0,0.0,0.0,
2012-04-27,100000.0,0.0,0.0,0.0,
2012-04-30,100000.0,0.0,0.0,0.0,
2012-05-01,100000.0,0.0,0.0,0.0,
2012-05-02,100000.0,0.0,0.0,0.0,
2012-05-03,100000.0,0.0,0.0,0.0,
2012-05-04,100000.0,0.0,0.0,0.0,
2012-05-07,100000.0,0.0,0.0,0.0,
2012-05-08,100000.0,0.0,0.0,0.0,
2012-05-09,100000.0,0.0,0.0,0.0,
2012-05-10,100000.0,0.0,0.0,0.0,
2012-05-11,100000.0,0.0,0.0,0.0,
2012-05-14,100000.0,0.0,0.0,0.0,
2012-05-15,100000.0,0.0,0.0,0.0,
2012-05-16,100000.0,0.0,0.0,0.0,
2012-05-17,100000.0,0.0,0.0,0.0,
2012-05-18,100000.0,0.0,0.0,0.0,
2012-05-21,100000.0,0.0,0.0,0.0,
2012-05-22,100000.0,0.0,0.0,0.0,
2012-05-23,100000.0,0.0,0.0,0.0,
2012-05-24,100000.0,0.0,0.0,0.0,
2012-05-25,100000.0,0.0,0.0,0.0,
2012-05-29,100000.0,0.0,0.0,0.0,
2012-05-30,100000.0,0.0,0.0,0.0,
2012-05-31,100000.0,0.0,0.0,0.0,
2012-06-01,100000.0,0.0,0.0,0.0,
2012-06-04,100000.0,0.0,0.0,0.0,
2012-06-05,100000.0,0.0,0.0,0.0,
2012-06-06,100000.0,0.0,0.0,0.0,
2012-06-07,100000.0,0.0,0.0,0.0,
2012-06-08,100000.0,0.0,0.0,0.0,
2012-06-11,100000.0,0.0,0.0,0.0,
2012-06-12,100000.0,0.0,0.0,0.0,
2012-06-13,100000.0,0.0,0.0,0.0,
2012-06-14,100000.0,0.0,0.0,0.0,
2012-06-15,100000.0,0.0,0.0,0.0,
2012-06-18,100000.0,0.0,0.0,0.0,
2012-06-19,100000.0,0.0,0.0,0.0,
2012-06-20,100000.0,0.0,0.0,0.0,
2012-06-21,100000.0,0.0,0.0,0.0,
2012-06-22,100000.0,0.0,0.0,0.0,
2012-06-25,100000.0,0.0,0.0,0.0,
2012-06-26,100000.0,0.0,0.0,0.0,
2012-06-27,100000.0,0.0,0.0,0.0,
2012-06-28,100000.0,0.0,0.0,0.0,
2012-06-29,100000.0,0.0,0.0,0.0,
2012-07-02,100000.0,0.0,0.0,0.0,
2012-07-03,100000.0,0.0,0.0,0.0,
2012-07-05,100000.0,0.0,0.0,0.0,
2012-07-06,100000.0,0.0,0.0,0.0,
2012-07-09,100000.0,0.0,0.0,0.0,
2012-07-10,100000.0,0.0,0.0,0.0,
2012-07-11,100000.0,0.0,0.0,0.0,
2012-07-12,100000.0,0.0,0.0,0.0,
2012-07-13,100000.0,0.0,0.0,0.0,
2012-07-16,100000.0,0.0,0.0,0.0,
2012-07-17,100000.0,0.0,0.0,0.0,
2012-07-18,100000.0,0.0,0.0,0.0,
2012-07-19,100000.0,0.0,0.0,0.0,
2012-07-20,100000.0,0.0,0.0,0.0,
2012-07-23,100000.0,0.0,0.0,0.0,
2012-07-24,100000.0,0.0,0.0,0.0,
2012-07-25,100000.0,0.0,0.0,0.0,
2012-07-26,100000.0,0.0,0.0,0.0,
2012-07-27,100000.0,0.0,0.0,0.0,
2012-07-30,100000.0,0.0,0.0,0.0,
2012-07-31,100000.0,0.0,0.0,0.0,
2012-08-01,100000.0,0.0,0.0,0.0,
2012-08-02,100000.0,0.0,0.0,0.0,
2012-08-03,100000.0,0.0,0.0,0.0,
2012-08-06,100000.0,0.0,0.0,0.0,
2012-08-07,100000.0,0.0,0.0,0.0,
2012-08-08,100000.0,0.0,0.0,0.0,
2012-08-09,100000.0,0.0,0.0,0.0,
2012-08-10,100000.0,0.0,0.0,0.0,
2012-08-13,100000.0,0.0,0.0,0.0,
2012-08-14,100000.0,0.0,0.0,0.0,
2012-08-15,100000.0,0.0,0.0,0.0,
2012-08-16,100000.0,0.0,0.0,0.0,
2012-08-17,100000.0,0.0,0.0,0.0,
2012-08-20,100000.0,0.0,0.0,0.0,
2012-08-21,100000.0,0.0,0.0,0.0,
2012-08-22,100000.0,0.0,0.0,0.0,
2012-08-23,100000.0,0.0,0.0,0.0,
2012-08-24,100000.0,0.0,0.0,0.0,
2012-08-27,100000.0,0.0,0.0,0.0,
2012-08-28,100000.0,0.0,0.0,0.0,
2012-08-29,100000.0,0.0,0.0,0.0,
2012-08-30,100000.0,0.0,0.0,0.0,
2012-08-31,100000.0,0.0,0.0,0.0,
2012-09-04,100000.0,0.0,0.0,0.0,
2012-09-05,100000.0,0.0,0.0,0.0,
2012-09-06,100000.0,0.0,0.0,0.0,
2012-09-07,100000.0,0.0,0.0,0.0,
2012-09-10,100000.0,0.0,0.0,0.0,
2012-09-11,100000.0,0.0,0.0,0.0,
2012-09-12,100000.0,0.0,0.0,0.0,
2012-09-13,100000.0,0.0,0.0,0.0,
2012-09-14,100000.0,0.0,0.0,0.0,
2012-09-17,100000.0,0.0,0.0,0.0,
2012-09-18,100000.0,0.0,0.0,0.0,
2012-09-19,100000.0,0.0,0.0,0.0,
2012-09-20,100000.0,0.0,0.0,0.0,
2012-09-21,100000.0,0.0,0.0,0.0,
2012-09-24,100000.0,0.0,0.0,0.0,
2012-09-25,100000.0,0.0,0.0,0.0,
2012-09-26,100000.0,0.0,0.0,0.0,
2012-09-27,100000.0,0.0,0.0,0.0,
2012-09-28,100000.0,0.0,0.0,0.0,
2012-10-01,100000.0,0.0,0.0,0.0,
2012-10-02,100000.0,0.0,0.0,0.0,
2012-10-03,100000.0,0.0,0.0,0.0,
2012-10-04,100000.0,0.0,0.0,0.0,
2012-10-05,100000.0,0.0,0.0,0.0,
2012-10-08,100000.0,0.0,0.0,0.0,
2012-10-09,100000.0,0.0,0.0,0.0,
2012-10-10,100000.0,0.0,0.0,0.0,
2012-10-11,100000.0,0.0,0.0,0.0,
2012-10-12,100000.0,0.0,0.0,0.0,
2012-10-15,100000.0,0.0,0.0,0.0,
2012-10-16,100000.0,0.0,0.0,0.0,
2012-10-17,100000.0,0.0,0.0,0.0,
2012-10-18,100000.0,0.0,0.0,0.0,
2012-10-19,100000.0,0.0,0.0,0.0,
2012-10-22,100000.0,0.0,0.0,0.0,
2012-10-23,100000.0,0.0,0.0,0.0,
2012-10-24,100000.0,0.0,0.0,0.0,
2012-10-25,100000.0,0.0,0.0,0.0,
2012-10-26,100000.0,0.0,0.0,0.0,
2012-10-31,100000.0,0.0,0.0,0.0,
2012-11-01,100000.0,0.0,0.0,0.0,
2012-11-02,100000.0,0.0,0.0,0.0,
2012-11-05,100000.0,0.0,0.0,0.0,
2012-11-06,100000.0,0.0,0.0,0.0,
2012-11-07,100000.0,0.0,0.0,0.0,
2012-11-08,100000.0,0.0,0.0,0.0,
2012-11-09,100000.0,0.0,0.0,0.0,
2012-11-12,100000.0,0.0,0.0,0.0,
2012-11-13,100000.0,0.0,0.0,0.0,
2012-11-14,100000.0,0.0,0.0,0.0,
2012-11-15,100000.0,0.0,0.0,0.0,
2012-11-16,100000.0,0.0,0.0,0.0,
2012-11-19,100000.0,0.0,0.0,0.0,
2012-11-20,100000.0,0.0,0.0,0.0,
2012-11-21,100000.0,0.0,0.0,0.0,
2012-11-23,100000.0,0.0,0.0,0.0,
2012-11-26,100000.0,0.0,0.0,0.0,
2012-11-27,100000.0,0.0,0.0,0.0,
2012-11-28,100000.0,0.0,0.0,0.0,
2012-11-29,100000.0,0.0,0.0,0.0,
2012-11-30,100000.0,0.0,0.0,0.0,
2012-12-03,100000.0,0.0,0.0,0.0,
2012-12-04,100000.0,0.0,0.0,0.0,
2012-12-05,100000.0,0.0,0.0,0.0,
2012-12-06,100000.0,0.0,0.0,0.0,
2012-12-07,100000.0,0.0,0.0,0.0,
2012-12-10,100000.0,0.0,0.0,0.0,
2012-12-11,100000.0,0.0,0.0,0.0,
2012-12-12,100000.0,0.0,0.0,0.0,
2012-12-13,100000.0,0.0,0.0,0.0,
2012-12-14,100000.0,0.0,0.0,0.0,
2012-12-17,100000.0,0.0,0.0,0.0,
2012-12-18,100000.0,0.0,0.0,0.0,
2012-12-19,100000.0,0.0,0.0,0.0,
2012-12-20,100000.0,0.0,0.0,0.0,
2012-12-21,100000.0,0.0,0.0,0.0,
2012-12-24,100000.0,0.0,0.0,0.0,
2012-12-26,100000.0,0.0,0.0,0.0,
2012-12-27,100000.0,0.0,0.0,0.0,
2012-12-28,100000.0,0.0,0.0,0.0,
2012-12-31,100000.0,0.0,0.0,0.0,
2013-01-02,100000.0,0.0,0.0,0.0,
2013-01-03,100000.0,0.0,0.0,0.0,
2013-01-04,100000.0,0.0,0.0,0.0,
2013-01-07,100000.0,0.0,0.0,0.0,
2013-01-08,100000.0,0.0,0.0,0.0,
2013-01-09,100000.0,0.0,0.0,0.0,
2013-01-10,100000.0,0.0,0.0,0.0,
2013-01-11,100000.0,0.0,0.0,0.0,
2013-01-14,100000.0,0.0,0.0,0.0,
2013-01-15,100000.0,0.0,0.0,0.0,
2013-01-16,100000.0,0.0,0.0,0.0,
2013-01-17,100000.0,0.0,0.0,0.0,
2013-01-18,100000.0,0.0,0.0,0.0,
2013-01-22,100000.0,0.0,0.0,0.0,
2013-01-23,100000.0,0.0,0.0,0.0,
2013-01-24,100000.0,0.0,0.0,0.0,
2013-01-25,100000.0,0.0,0.0,0.0,
2013-01-28,100000.0,0.0,0.0,0.0,
2013-01-29,100000.0,0.0,0.0,0.0,
2013-01-30,100000.0,0.0,0.0,0.0,
2013-01-31,100000.0,0.0,0.0,0.0,
2013-02-01,100000.0,0.0,0.0,0.0,
2013-02-04,100000.0,0.0,0.0,0.0,
2013-02-05,100000.0,0.0,0.0,0.0,
2013-02-06,100000.0,0.0,0.0,0.0,
2013-02-07,100000.0,0.0,0.0,0.0,
2013-02-08,100000.0,0.0,0.0,0.0,
2013-02-11,100000.0,0.0,0.0,0.0,
2013-02-12,100000.0,0.0,0.0,0.0,
2013-02-13,100000.0,0.0,0.0,0.0,
2013-02-14,100000.0,0.0,0.0,0.0,
2013-02-15,100000.0,0.0,0.0,0.0,
2013-02-19,100000.0,0.0,0.0,0.0,
2013-02-20,100000.0,0.0,0.0,0.0,
2013-02-21,100000.0,0.0,0.0,0.0,
2013-02-22,100000.0,0.0,0.0,0.0,
2013-02-25,100000.0,0.0,0.0,0.0,
2013-02-26,100000.0,0.0,0.0,0.0,
2013-02-27,100000.0,0.0,0.0,0.0,
2013-02-28,100000.0,0.0,0.0,0.0,
2013-03-01,100000.0,0.0,0.0,0.0,
2013-03-04,100000.0,0.0,0.0,0.0,
2013-03-05,100000.0,0.0,0.0,0.0,
2013-03-06,100000.0,0.0,0.0,0.0,
2013-03-07,100000.0,0.0,0.0,0.0,
2013-03-08,100000.0,0.0,0.0,0.0,
2013-03-11,100000.0,0.0,0.0,0.0,
2013-03-12,100000.0,0.0,0.0,0.0,
2013-03-13,100000.0,0.0,0.0,0.0,
2013-03-14,100000.0,0.0,0.0,0.0,
2013-03-15,100000.0,0.0,0.0,0.0,
2013-03-18,100000.0,0.0,0.0,0.0,
2013-03-19,100000.0,0.0,0.0,0.0,
2013-03-20,100000.0,0.0,0.0,0.0,
2013-03-21,100000.0,0.0,0.0,0.0,
2013-03-22,100000.0,0.0,0.0,0.0,
2013-03-25,100000.0,0.0,0.0,0.0,
2013-03-26,100000.0,0.0,0.0,0.0,
2013-03-27,100000.0,0.0,0.0,0.0,
2013-03-28,100000.0,0.0,0.0,0.0,
2013-04-01,100000.0,0.0,0.0,0.0,
2013-04-02,100000.0,0.0,0.0,0.0,
2013-04-03,100000.0,0.0,0.0,0.0,
2013-04-04,100000.0,0.0,0.0,0.0,
2013-04-05,100000.0,0.0,0.0,0.0,
2013-04-08,100000.0,0.0,0.0,0.0,
2013-04-09,100000.0,0.0,0.0,0.0,
2013-04-10,100000.0,0.0,0.0,0.0,
2013-04-11,100000.0,0.0,0.0,0.0,
2013-04-12,100000.0,0.0,0.0,0.0,
2013-04-15,100000.0,0.0,0.0,0.0,
2013-04-16,100000.0,0.0,0.0,0.0,
2013-04-17,100000.0,0.0,0.0,0.0,
2013-04-18,100000.0,0.0,0.0,0.0,
2013-04-19,100000.0,0.0,0.0,0.0,
2013-04-22,100000.0,0.0,0.0,0.0,
2013-04-23,100000.0,0.0,0.0,0.0,
2013-04-24,100000.0,0.0,0.0,0.0,
2013-04-25,100000.0,0.0,0.0,0.0,
2013-04-26,100000.0,0.0,0.0,0.0,
2013-04-29,100000.0,0.0,0.0,0.0,
2013-04-30,100000.0,0.0,0.0,0.0,
2013-05-01,100000.0,0.0,0.0,0.0,
2013-05-02,100000.0,0.0,0.0,0.0,
2013-05-03,100000.0,0.0,0.0,0.0,
2013-05-06,100000.0,0.0,0.0,0.0,
2013-05-07,100000.0,0.0,0.0,0.0,
2013-05-08,100000.0,0.0,0.0,0.0,
2013-05-09,100000.0,0.0,0.0,0.0,
2013-05-10,100000.0,0.0,0.0,0.0,
2013-05-13,100000.0,0.0,0.0,0.0,
2013-05-14,100000.0,0.0,0.0,0.0,
2013-05-15,100000.0,0.0,0.0,0.0,
2013-05-16,100000.0,0.0,0.0,0.0,
2013-05-17,100000.0,0.0,0.0,0.0,
2013-05-20,100000.0,0.0,0.0,0.0,
2013-05-21,100000.0,0.0,0.0,0.0,
2013-05-22,100000.0,0.0,0.0,0.0,
2013-05-23,100000.0,0.0,0.0,0.0,
2013-05-24,100000.0,0.0,0.0,0.0,
2013-05-28,100000.0,0.0,0.0,0.0,
2013-05-29,100000.0,0.0,0.0,0.0,
2013-05-30,100000.0,0.0,0.0,0.0,
2013-05-31,100000.0,0.0,0.0,0.0,
2013-06-03,100000.0,0.0,0.0,0.0,
2013-06-04,100000.0,0.0,0.0,0.0,
2013-06-05,100000.0,0.0,0.0,0.0,
2013-06-06,100000.0,0.0,0.0,0.0,
2013-06-07,100000.0,0.0,0.0,0.0,
2013-06-10,100000.0,0.0,0.0,0.0,
2013-06-11,100000.0,0.0,0.0,0.0,
2013-06-12,100000.0,0.0,0.0,0.0,
2013-06-13,100000.0,0.0,0.0,0.0,
2013-06-14,100000.0,0.0,0.0,0.0,
2013-06-17,100000.0,0.0,0.0,0.0,
2013-06-18,100000.0,0.0,0.0,0.0,
2013-06-19,100000.0,0.0,0.0,0.0,
2013-06-20,100000.0,0.0,0.0,0.0,
2013-06-21,100000.0,0.0,0.0,0.0,
2013-06-24,100000.0,0.0,0.0,0.0,
2013-06-25,100000.0,0.0,0.0,0.0,
2013-06-26,100000.0,0.0,0.0,0.0,
2013-06-27,100000.0,0.0,0.0,0.0,
2013-06-28,100000.0,0.0,0.0,0.0,
2013-07-01,100000.0,0.0,0.0,0.0,
2013-07-02,100000.0,0.0,0.0,0.0,
2013-07-03,100000.0,0.0,0.0,0.0,
2013-07-05,100000.0,0.0,0.0,0.0,
2013-07-08,100000.0,0.0,0.0,0.0,
2013-07-09,100000.0,0.0,0.0,0.0,
2013-07-10,100000.0,0.0,0.0,0.0,
2013-07-11,100000.0,0.0,0.0,0.0,
2013-07-12,100000.0,0.0,0.0,0.0,
2013-07-15,100000.0,0.0,0.0,0.0,
2013-07-16,100000.0,0.0,0.0,0.0,
2013-07-17,100000.0,0.0,0.0,0.0,
2013-07-18,100000.0,0.0,0.0,0.0,
2013-07-19,100000.0,0.0,0.0,0.0,
2013-07-22,100000.0,0.0,0.0,0.0,
2013-07-23,100000.0,0.0,0.0,0.0,
2013-07-24,100000.0,0.0,0.0,0.0,
2013-07-25,100000.0,0.0,0.0,0.0,
2013-07-26,100000.0,0.0,0.0,0.0,
2013-07-29,100000.0,0.0,0.0,0.0,
2013-07-30,100000.0,0.0,0.0,0.0,
2013-07-31,100000.0,0.0,0.0,0.0,
2013-08-01,100000.0,0.0,0.0,0.0,
2013-08-02,100000.0,0.0,0.0,0.0,
2013-08-05,100000.0,0.0,0.0,0.0,
2013-08-06,100000.0,0.0,0.0,0.0,
2013-08-07,100000.0,0.0,0.0,0.0,
2013-08-08,100000.0,0.0,0.0,0.0,
2013-08-09,100000.0,0.0,0.0,0.0,
2013-08-12,100000.0,0.0,0.0,0.0,
2013-08-13,100000.0,0.0,0.0,0.0,
2013-08-14,100000.0,0.0,0.0,0.0,
2013-08-15,100000.0,0.0,0.0,0.0,
2013-08-16,100000.0,0.0,0.0,0.0,
2013-08-19,100000.0,0.0,0.0,0.0,
2013-08-20,100000.0,0.0,0.0,0.0,
2013-08-21,100000.0,0.0,0.0,0.0,
2013-08-22,100000.0,0.0,0.0,0.0,
2013-08-23,100000.0,0.0,0.0,0.0,
2013-08-26,100000.0,0.0,0.0,0.0,
2013-08-27,100000.0,0.0,0.0,0.0,
2013-08-28,100000.0,0.0,0.0,0.0,
2013-08-29,100000.0,0.0,0.0,0.0,
2013-08-30,100000.0,0.0,0.0,0.0,
2013-09-03,100000.0,0.0,0.0,0.0,
2013-09-04,100000.0,0.0,0.0,0.0,
2013-09-05,100000.0,0.0,0.0,0.0,
2013-09-06,100000.0,0.0,0.0,0.0,
2013-09-09,100000.0,0.0,0.0,0.0,
2013-09-10,100000.0,0.0,0.0,0.0,
2013-09-11,100000.0,0.0,0.0,0.0,
2013-09-12,100000.0,0.0,0.0,0.0,
2013-09-13,100000.0,0.0,0.0,0.0,
2013-09-16,100000.0,0.0,0.0,0.0,
2013-09-17,100000.0,0.0,0.0,0.0,
2013-09-18,100000.0,0.0,0.0,0.0,
2013-09-19,100000.0,0.0,0.0,0.0,
2013-09-20,100000.0,0.0,0.0,0.0,
2013-09-23,100000.0,0.0,0.0,0.0,
2013-09-24,100000.0,0.0,0.0,0.0,
2013-09-25,100000.0,0.0,0.0,0.0,
2013-09-26,100000.0,0.0,0.0,0.0,
2013-09-27,100000.0,0.0,0.0,0.0,
2013-09-30,100000.0,0.0,0.0,0.0,
2013-10-01,100000.0,0.0,0.0,0.0,
2013-10-02,100000.0,0.0,0.0,0.0,
2013-10-03,100000.0,0.0,0.0,0.0,
2013-10-04,100000.0,0.0,0.0,0.0,
2013-10-07,100000.0,0.0,0.0,0.0,
2013-10-08,100000.0,0.0,0.0,0.0,
2013-10-09,100000.0,0.0,0.0,0.0,
2013-10-10,100000.0,0.0,0.0,0.0,
2013-10-11,100000.0,0.0,0.0,0.0,
2013-10-14,100000.0,0.0,0.0,0.0,
2013-10-15,100000.0,0.0,0.0,0.0,
2013-10-16,100000.0,0.0,0.0,0.0,
2013-10-17,100000.0,0.0,0.0,0.0,
2013-10-18,100000.0,0.0,0.0,0.0,
2013-10-21,100000.0,0.0,0.0,0.0,
2013-10-22,100000.0,0.0,0.0,0.0,
2013-10-23,100000.0,0.0,0.0,0.0,
2013-10-24,100000.0,0.0,0.0,0.0,
2013-10-25,100000.0,0.0,0.0,0.0,
2013-10-28,100000.0,0.0,0.0,0.0,
2013-10-29,100000.0,0.0,0.0,0.0,
2013-10-30,100000.0,0.0,0.0,0.0,
2013-10-31,100000.0,0.0,0.0,0.0,
2013-11-01,100000.0,0.0,0.0,0.0,
2013-11-04,100000.0,0.0,0.0,0.0,
2013-11-05,100000.0,0.0,0.0,0.0,
2013-11-06,100000.0,0.0,0.0,0.0,
2013-11-07,100000.0,0.0,0.0,0.0,
2013-11-08,100000.0,0.0,0.0,0.0,
2013-11-11,100000.0,0.0,0.0,0.0,
2013-11-12,100000.0,0.0,0.0,0.0,
2013-11-13,100000.0,0.0,0.0,0.0,
2013-11-14,100000.0,0.0,0.0,0.0,
2013-11-15,100000.0,0.0,0.0,0.0,
2013-11-18,100000.0,0.0,0.0,0.0,
2013-11-19,100000.0,0.0,0.0,0.0,
2013-11-20,100000.0,0.0,0.0,0.0,
2013-11-21,100000.0,0.0,0.0,0.0,
2013-11-22,100000.0,0.0,0.0,0.0,
2013-11-25,100000.0,0.0,0.0,0.0,
2013-11-26,100000.0,0.0,0.0,0.0,
2013-11-27,100000.0,0.0,0.0,0.0,
2013-11-29,100000.0,0.0,0.0,0.0,
2013-12-02,100000.0,0.0,0.0,0.0,
2013-12-03,100000.0,0.0,0.0,0.0,
2013-12-04,100000.0,0.0,0.0,0.0,
2013-12-05,100000.0,0.0,0.0,0.0,
2013-12-06,100000.0,0.0,0.0,0.0,
2013-12-09,100000.0,0.0,0.0,0.0,
2013-12-10,100000.0,0.0,0.0,0.0,
2013-12-11,100000.0,0.0,0.0,0.0,
2013-12-12,100000.0,0.0,0.0,0.0,
2013-12-13,100000.0,0.0,0.0,0.0,
2013-12-16,100000.0,0.0,0.0,0.0,
2013-12-17,100000.0,0.0,0.0,0.0,
2013-12-18,100000.0,0.0,0.0,0.0,
2013-12-19,100000.0,0.0,0.0,0.0,
2013-12-20,100000.0,0.0,0.0,0.0,
2013-12-23,100000.0,0.0,0.0,0.0,
2013-12-24,100000.0,0.0,0.0,0.0,
2013-12-26,100000.0,0.0,0.0,0.0,
2013-12-27,100000.0,0.0,0.0,0.0,
2013-12-30,100000.0,0.0,0.0,0.0,
2013-12-31,100000.0,0.0,0.0,0.0,
2014-01-02,100000.0,0.0,0.0,0.0,
2014-01-03,100000.0,0.0,0.0,0.0,
2014-01-06,100000.0,0.0,0.0,0.0,
2014-01-07,100000.0,0.0,0.0,0.0,
2014-01-08,100000.0,0.0,0.0,0.0,
2014-01-09,100000.0,0.0,0.0,0.0,
2014-01-10,100000.0,0.0,0.0,0.0,
2014-01-13,100000.0,0.0,0.0,0.0,
2014-01-14,100000.0,0.0,0.0,0.0,
2014-01-15,100000.0,0.0,0.0,0.0,
2014-01-16,100000.0,0.0,0.0,0.0,
2014-01-17,100000.0,0.0,0.0,0.0,
2014-01-21,100000.0,0.0,0.0,0.0,
2014-01-22,100000.0,0.0,0.0,0.0,
2014-01-23,100000.0,0.0,0.0,0.0,
2014-01-24,100000.0,0.0,0.0,0.0,
2014-01-27,100000.0,0.0,0.0,0.0,
2014-01-28,100000.0,0.0,0.0,0.0,
2014-01-29,100000.0,0.0,0.0,0.0,
2014-01-30,100000.0,0.0,0.0,0.0,
2014-01-31,100000.0,0.0,0.0,0.0,
2014-02-03,100000.0,0.0,0.0,0.0,
2014-02-04,100000.0,0.0,0.0,0.0,
2014-02-05,100000.0,0.0,0.0,0.0,
2014-02-06,100000.0,0.0,0.0,0.0,
2014-02-07,100000.0,0.0,0.0,0.0,
2014-02-10,100000.0,0.0,0.0,0.0,
2014-02-11,100000.0,0.0,0.0,0.0,
2014-02-12,100000.0,0.0,0.0,0.0,
2014-02-13,100000.0,0.0,0.0,0.0,
2014-02-14,100000.0,0.0,0.0,0.0,
2014-02-18,100000.0,0.0,0.0,0.0,
2014-02-19,100000.0,0.0,0.0,0.0,
2014-02-20,100000.0,0.0,0.0,0.0,
2014-02-21,100000.0,0.0,0.0,0.0,
2014-02-24,100000.0,0.0,0.0,0.0,
2014-02-25,100000.0,0.0,0.0,0.0,
2014-02-26,100000.0,0.0,0.0,0.0,
2014-02-27,100000.0,0.0,0.0,0.0,
2014-02-28,100000.0,0.0,0.0,0.0,
2014-03-03,100000.0,0.0,0.0,0.0,
2014-03-04,100000.0,0.0,0.0,0.0,
2014-03-05,100000.0,0.0,0.0,0.0,
2014-03-06,100000.0,0.0,0.0,0.0,
2014-03-07,100000.0,0.0,0.0,0.0,
2014-03-10,100000.0,0.0,0.0,0.0,
2014-03-11,100000.0,0.0,0.0,0.0,
2014-03-12,100000.0,0.0,0.0,0.0,
2014-03-13,100000.0,0.0,0.0,0.0,
2014-03-14,100000.0,0.0,0.0,0.0,
2014-03-17,100000.0,0.0,0.0,0.0,
2014-03-18,100000.0,0.0,0.0,0.0,
2014-03-19,100000.0,0.0,0.0,0.0,
2014-03-20,100000.0,0.0,0.0,0.0,
2014-03-21,100000.0,0.0,0.0,0.0,
2014-03-24,100000.0,0.0,0.0,0.0,
2014-03-25,100000.0,0.0,0.0,0.0,
2014-03-26,100000.0,0.0,0.0,0.0,
2014-03-27,100000.0,0.0,0.0,0.0,
2014-03-28,100000.0,0.0,0.0,0.0,
2014-03-31,100000.0,0.0,0.0,0.0,
2014-04-01,100000.0,0.0,0.0,0.0,
2014-04-02,100000.0,0.0,0.0,0.0,
2014-04-03,100000.0,0.0,0.0,0.0,
2014-04-04,100000.0,0.0,0.0,0.0,
2014-04-07,100000.0,0.0,0.0,0.0,
2014-04-08,100000.0,0.0,0.0,0.0,
2014-04-09,100000.0,0.0,0.0,0.0,
2014-04-10,100000.0,0.0,0.0,0.0,
2014-04-11,100000.0,0.0,0.0,0.0,
2014-04-14,100000.0,0.0,0.0,0.0,
2014-04-15,100000.0,0.0,0.0,0.0,
2014-04-16,100000.0,0.0,0.0,0.0,
2014-04-17,100000.0,0.0,0.0,0.0,
2014-04-21,100000.0,0.0,0.0,0.0,
2014-04-22,100000.0,0.0,0.0,0.0,
2014-04-23,100000.0,0.0,0.0,0.0,
2014-04-24,100000.0,0.0,0.0,0.0,
2014-04-25,100000.0,0.0,0.0,0.0,
2014-04-28,100000.0,0.0,0.0,0.0,
2014-04-29,100000.0,0.0,0.0,0.0,
2014-04-30,100000.0,0.0,0.0,0.0,
2014-05-01,100000.0,0.0,0.0,0.0,
2014-05-02,100000.0,0.0,0.0,0.0,
2014-05-05,100000.0,0.0,0.0,0.0,
2014-05-06,100000.0,0.0,0.0,0.0,
2014-05-07,100000.0,0.0,0.0,0.0,
2014-05-08,100000.0,0.0,0.0,0.0,
2014-05-09,100000.0,0.0,0.0,0.0,
2014-05-12,100000.0,0.0,0.0,0.0,
2014-05-13,100000.0,0.0,0.0,0.0,
2014-05-14,100000.0,0.0,0.0,0.0,
2014-05-15,100000.0,0.0,0.0,0.0,
2014-05-16,100000.0,0.0,0.0,0.0,
2014-05-19,100000.0,0.0,0.0,0.0,
2014-05-20,100000.0,0.0,0.0,0.0,
2014-05-21,100000.0,0.0,0.0,0.0,
2014-05-22,100000.0,0.0,0.0,0.0,
2014-05-23,100000.0,0.0,0.0,0.0,
2014-05-27,100000.0,0.0,0.0,0.0,
2014-05-28,100000.0,0.0,0.0,0.0,
2014-05-29,100000.0,0.0,0.0,0.0,
2014-05-30,100000.0,0.0,0.0,0.0,
2014-06-02,100000.0,0.0,0.0,0.0,
2014-06-03,100000.0,0.0,0.0,0.0,
2014-06-04,100000.0,0.0,0.0,0.0,
2014-06-05,100000.0,0.0,0.0,0.0,
2014-06-06,100000.0,0.0,0.0,0.0,
2014-06-09,100000.0,0.0,0.0,0.0,
2014-06-10,100000.0,0.0,0.0,0.0,
2014-06-11,100000.0,0.0,0.0,0.0,
2014-06-12,100000.0,0.0,0.0,0.0,
2014-06-13,100000.0,0.0,0.0,0.0,
2014-06-16,100000.0,0.0,0.0,0.0,
2014-06-17,100000.0,0.0,0.0,0.0,
2014-06-18,100000.0,0.0,0.0,0.0,
2014-06-19,100000.0,0.0,0.0,0.0,
2014-06-20,100000.0,0.0,0.0,0.0,
2014-06-23,100000.0,0.0,0.0,0.0,
2014-06-24,100000.0,0.0,0.0,0.0,
2014-06-25,100000.0,0.0,0.0,0.0,
2014-06-26,100000.0,0.0,0.0,0.0,
2014-06-27,100000.0,0.0,0.0,0.0,
2014-06-30,100000.0,0.0,0.0,0.0,
2014-07-01,100000.0,0.0,0.0,0.0,
2014-07-02,100000.0,0.0,0.0,0.0,
2014-07-03,100000.0,0.0,0.0,0.0,
2014-07-07,100000.0,0.0,0.0,0.0,
2014-07-08,100000.0,0.0,0.0,0.0,
2014-07-09,100000.0,0.0,0.0,0.0,
2014-07-10,100000.0,0.0,0.0,0.0,
2014-07-11,100000.0,0.0,0.0,0.0,
2014-07-14,100000.0,0.0,0.0,0.0,
2014-07-15,100000.0,0.0,0.0,0.0,
2014-07-16,100000.0,0.0,0.0,0.0,
2014-07-17,100000.0,0.0,0.0,0.0,
2014-07-18,100000.0,0.0,0.0,0.0,
2014-07-21,100000.0,0.0,0.0,0.0,
2014-07-22,100000.0,0.0,0.0,0.0,
2014-07-23,100000.0,0.0,0.0,0.0,
2014-07-24,100000.0,0.0,0.0,0.0,
2014-07-25,100000.0,0.0,0.0,0.0,
2014-07-28,100000.0,0.0,0.0,0.0,
2014-07-29,100000.0,0.0,0.0,0.0,
2014-07-30,100000.0,0.0,0.0,0.0,
2014-07-31,100000.0,0.0,0.0,0.0,
2014-08-01,100000.0,0.0,0.0,0.0,
2014-08-04,100000.0,0.0,0.0,0.0,
2014-08-05,100000.0,0.0,0.0,0.0,
2014-08-06,100000.0,0.0,0.0,0.0,
2014-08-07,100000.0,0.0,0.0,0.0,
2014-08-08,100000.0,0.0,0.0,0.0,
2014-08-11,100000.0,0.0,0.0,0.0,
2014-08-12,100000.0,0.0,0.0,0.0,
2014-08-13,100000.0,0.0,0.0,0.0,
2014-08-14,100000.0,0.0,0.0,0.0,
2014-08-15,100000.0,0.0,0.0,0.0,
2014-08-18,100000.0,0.0,0.0,0.0,
2014-08-19,100000.0,0.0,0.0,0.0,
2014-08-20,100000.0,0.0,0.0,0.0,
2014-08-21,100000.0,0.0,0.0,0.0,
2014-08-22,100000.0,0.0,0.0,0.0,
2014-08-25,100000.0,0.0,0.0,0.0,
2014-08-26,100000.0,0.0,0.0,0.0,
2014-08-27,100000.0,0.0,0.0,0.0,
2014-08-28,100000.0,0.0,0.0,0.0,
2014-08-29,100000.0,0.0,0.0,0.0,
2014-09-02,100000.0,0.0,0.0,0.0,
2014-09-03,100000.0,0.0,0.0,0.0,
2014-09-04,100000.0,0.0,0.0,0.0,
2014-09-05,100000.0,0.0,0.0,0.0,
2014-09-08,100000.0,0.0,0.0,0.0,
2014-09-09,100000.0,0.0,0.0,0.0,
2014-09-10,100000.0,0.0,0.0,0.0,
2014-09-11,100000.0,0.0,0.0,0.0,
2014-09-12,100000.0,0.0,0.0,0.0,
2014-09-15,100000.0,0.0,0.0,0.0,
2014-09-16,100000.0,0.0,0.0,0.0,
2014-09-17,100000.0,0.0,0.0,0.0,
2014-09-18,100000.0,0.0,0.0,0.0,
2014-09-19,100000.0,0.0,0.0,0.0,
2014-09-22,100000.0,0.0,0.0,0.0,
2014-09-23,100000.0,0.0,0.0,0.0,
2014-09-24,100000.0,0.0,0.0,0.0,
2014-09-25,100000.0,0.0,0.0,0.0,
2014-09-26,100000.0,0.0,0.0,0.0,
2014-09-29,100000.0,0.0,0.0,0.0,
2014-09-30,100000.0,0.0,0.0,0.0,
2014-10-01,100000.0,0.0,0.0,0.0,
2014-10-02,100000.0,0.0,0.0,0.0,
2014-10-03,100000.0,0.0,0.0,0.0,
2014-10-06,100000.0,0.0,0.0,0.0,
2014-10-07,100000.0,0.0,0.0,0.0,
2014-10-08,100000.0,0.0,0.0,0.0,
2014-10-09,100000.0,0.0,0.0,0.0,
2014-10-10,100000.0,0.0,0.0,0.0,
2014-10-13,100000.0,0.0,0.0,0.0,
2014-10-14,100000.0,0.0,0.0,0.0,
2014-10-15,100000.0,0.0,0.0,0.0,
2014-10-16,100000.0,0.0,0.0,0.0,
2014-10-17,100000.0,0.0,0.0,0.0,
2014-10-20,100000.0,0.0,0.0,0.0,
2014-10-21,100000.0,0.0,0.0,0.0,
2014-10-22,100000.0,0.0,0.0,0.0,
2014-10-23,100000.0,0.0,0.0,0.0,
2014-10-24,100000.0,0.0,0.0,0.0,
2014-10-27,100000.0,0.0,0.0,0.0,
2014-10-28,100000.0,0.0,0.0,0.0,
2014-10-29,100000.0,0.0,0.0,0.0,
2014-10-30,100000.0,0.0,0.0,0.0,
2014-10-31,100000.0,0.0,0.0,0.0,
2014-11-03,100000.0,0.0,0.0,0.0,
2014-11-04,100000.0,0.0,0.0,0.0,
2014-11-05,100000.0,0.0,0.0,0.0,
2014-11-06,100000.0,0.0,0.0,0.0,
2014-11-07,100000.0,0.0,0.0,0.0,
2014-11-10,100000.0,0.0,0.0,0.0,
2014-11-11,100000.0,0.0,0.0,0.0,
2014-11-12,100000.0,0.0,0.0,0.0,
2014-11-13,100000.0,0.0,0.0,0.0,
2014-11-14,100000.0,0.0,0.0,0.0,
2014-11-17,100000.0,0.0,0.0,0.0,
2014-11-18,100000.0,0.0,0.0,0.0,
2014-11-19,100000.0,0.0,0.0,0.0,
2014-11-20,100000.0,0.0,0.0,0.0,
2014-11-21,100000.0,0.0,0.0,0.0,
2014-11-24,100000.0,0.0,0.0,0.0,
2014-11-25,100000.0,0.0,0.0,0.0,
2014-11-26,100000.0,0.0,0.0,0.0,
2014-11-28,100000.0,0.0,0.0,0.0,
2014-12-01,100000.0,0.0,0.0,0.0,
2014-12-02,100000.0,0.0,0.0,0.0,
2014-12-03,100000.0,0.0,0.0,0.0,
2014-12-04,100000.0,0.0,0.0,0.0,
2014-12-05,100000.0,0.0,0.0,0.0,
2014-12-08,100000.0,0.0,0.0,0.0,
2014-12-09,100000.0,0.0,0.0,0.0,
2014-12-10,100000.0,0.0,0.0,0.0,
2014-12-11,100000.0,0.0,0.0,0.0,
2014-12-12,100000.0,0.0,0.0,0.0,
2014-12-15,100000.0,0.0,0.0,0.0,
2014-12-16,100000.0,0.0,0.0,0.0,
2014-12-17,100000.0,0.0,0.0,0.0,
2014-12-18,100000.0,0.0,0.0,0.0,
2014-12-19,100000.0,0.0,0.0,0.0,
2014-12-22,100000.0,0.0,0.0,0.0,
2014-12-23,100000.0,0.0,0.0,0.0,
2014-12-24,100000.0,0.0,0.0,0.0,
2014-12-26,100000.0,0.0,0.0,0.0,
2014-12-29,100000.0,0.0,0.0,0.0,
2014-12-30,100000.0,0.0,0.0,0.0,
2014-12-31,100000.0,0.0,0.0,0.0,
2015-01-02,100000.0,0.0,0.0,0.0,
2015-01-05,100000.0,0.0,0.0,0.0,
2015-01-06,100000.0,0.0,0.0,0.0,
2015-01-07,100000.0,0.0,0.0,0.0,
2015-01-08,100000.0,0.0,0.0,0.0,
2015-01-09,100000.0,0.0,0.0,0.0,
2015-01-12,100000.0,0.0,0.0,0.0,
2015-01-13,100000.0,0.0,0.0,0.0,
2015-01-14,100000.0,0.0,0.0,0.0,
2015-01-15,100000.0,0.0,0.0,0.0,
2015-01-16,100000.0,0.0,0.0,0.0,
2015-01-20,100000.0,0.0,0.0,0.0,
2015-01-21,100000.0,0.0,0.0,0.0,
2015-01-22,100000.0,0.0,0.0,0.0,
2015-01-23,100000.0,0.0,0.0,0.0,
2015-01-26,100000.0,0.0,0.0,0.0,
2015-01-27,100000.0,0.0,0.0,0.0,
2015-01-28,100000.0,0.0,0.0,0.0,
2015-01-29,100000.0,0.0,0.0,0.0,
2015-01-30,100000.0,0.0,0.0,0.0,
2015-02-02,100000.0,0.0,0.0,0.0,
2015-02-03,100000.0,0.0,0.0,0.0,
2015-02-04,100000.0,0.0,0.0,0.0,
2015-02-05,100000.0,0.0,0.0,0.0,
2015-02-06,100000.0,0.0,0.0,0.0,
2015-02-09,100000.0,0.0,0.0,0.0,
2015-02-10,100000.0,0.0,0.0,0.0,
2015-02-11,100000.0,0.0,0.0,0.0,
2015-02-12,100000.0,0.0,0.0,0.0,
2015-02-13,100000.0,0.0,0.0,0.0,
2015-02-17,100000.0,0.0,0.0,0.0,
2015-02-18,100000.0,0.0,0.0,0.0,
2015-02-19,100000.0,0.0,0.0,0.0,
2015-02-20,100000.0,0.0,0.0,0.0,
2015-02-23,100000.0,0.0,0.0,0.0,
2015-02-24,100000.0,0.0,0.0,0.0,
2015-02-25,100000.0,0.0,0.0,0.0,
2015-02-26,100000.0,0.0,0.0,0.0,
2015-02-27,100000.0,0.0,0.0,0.0,
2015-03-02,100000.0,0.0,0.0,0.0,
2015-03-03,100000.0,0.0,0.0,0.0,
2015-03-04,100000.0,0.0,0.0,0.0,
2015-03-05,100000.0,0.0,0.0,0.0,
2015-03-06,100000.0,0.0,0.0,0.0,
2015-03-09,100000.0,0.0,0.0,0.0,
2015-03-10,100000.0,0.0,0.0,0.0,
2015-03-11,100000.0,0.0,0.0,0.0,
2015-03-12,100000.0,0.0,0.0,0.0,
2015-03-13,100000.0,0.0,0.0,0.0,
2015-03-16,100000.0,0.0,0.0,0.0,
2015-03-17,100000.0,0.0,0.0,0.0,
2015-03-18,100000.0,0.0,0.0,0.0,
2015-03-19,100000.0,0.0,0.0,0.0,
2015-03-20,100000.0,0.0,0.0,0.0,
2015-03-23,100000.0,0.0,0.0,0.0,
2015-03-24,100000.0,0.0,0.0,0.0,
2015-03-25,100000.0,0.0,0.0,0.0,
2015-03-26,100000.0,0.0,0.0,0.0,
2015-03-27,100000.0,0.0,0.0,0.0,
2015-03-30,100000.0,0.0,0.0,0.0,
2015-03-31,100000.0,0.0,0.0,0.0,
2015-04-01,100000.0,0.0,0.0,0.0,
2015-04-02,100000.0,0.0,0.0,0.0,
2015-04-06,100000.0,0.0,0.0,0.0,
2015-04-07,100000.0,0.0,0.0,0.0,
2015-04-08,100000.0,0.0,0.0,0.0,
2015-04-09,100000.0,0.0,0.0,0.0,
2015-04-10,100000.0,0.0,0.0,0.0,
2015-04-13,100000.0,0.0,0.0,0.0,
2015-04-14,100000.0,0.0,0.0,0.0,
2015-04-15,100000.0,0.0,0.0,0.0,
2015-04-16,100000.0,0.0,0.0,0.0,
2015-04-17,100000.0,0.0,0.0,0.0,
2015-04-20,100000.0,0.0,0.0,0.0,
2015-04-21,100000.0,0.0,0.0,0.0,
2015-04-22,100000.0,0.0,0.0,0.0,
2015-04-23,100000.0,0.0,0.0,0.0,
2015-04-24,100000.0,0.0,0.0,0.0,
2015-04-27,100000.0,0.0,0.0,0.0,
2015-04-28,100000.0,0.0,0.0,0.0,
2015-04-29,100000.0,0.0,0.0,0.0,
2015-04-30,100000.0,0.0,0.0,0.0,
2015-05-01,100000.0,0.0,0.0,0.0,
2015-05-04,100000.0,0.0,0.0,0.0,
2015-05-05,100000.0,0.0,0.0,0.0,
2015-05-06,100000.0,0.0,0.0,0.0,
2015-05-07,100000.0,0.0,0.0,0.0,
2015-05-08,100000.0,0.0,0.0,0.0,
2015-05-11,100000.0,0.0,0.0,0.0,
2015-05-12,100000.0,0.0,0.0,0.0,
2015-05-13,100000.0,0.0,0.0,0.0,
2015-05-14,100000.0,0.0,0.0,0.0,
2015-05-15,100000.0,0.0,0.0,0.0,
2015-05-18,100000.0,0.0,0.0,0.0,
2015-05-19,100000.0,0.0,0.0,0.0,
2015-05-20,100000.0,0.0,0.0,0.0,
2015-05-21,100000.0,0.0,0.0,0.0,
2015-05-22,100000.0,0.0,0.0,0.0,
2015-05-26,100000.0,0.0,0.0,0.0,
2015-05-27,100000.0,0.0,0.0,0.0,
2015-05-28,100000.0,0.0,0.0,0.0,
2015-05-29,100000.0,0.0,0.0,0.0,
2015-06-01,100000.0,0.0,0.0,0.0,
2015-06-02,100000.0,0.0,0.0,0.0,
2015-06-03,100000.0,0.0,0.0,0.0,
2015-06-04,100000.0,0.0,0.0,0.0,
2015-06-05,100000.0,0.0,0.0,0.0,
2015-06-08,100000.0,0.0,0.0,0.0,
2015-06-09,100000.0,0.0,0.0,0.0,
2015-06-10,100000.0,0.0,0.0,0.0,
2015-06-11,100000.0,0.0,0.0,0.0,
2015-06-12,100000.0,0.0,0.0,0.0,
2015-06-15,100000.0,0.0,0.0,0.0,
2015-06-16,100000.0,0.0,0.0,0.0,
2015-06-17,100000.0,0.0,0.0,0.0,
2015-06-18,100000.0,0.0,0.0,0.0,
2015-06-19,100000.0,0.0,0.0,0.0,
2015-06-22,100000.0,0.0,0.0,0.0,
2015-06-23,100000.0,0.0,0.0,0.0,
2015-06-24,100000.0,0.0,0.0,0.0,
2015-06-25,100000.0,0.0,0.0,0.0,
2015-06-26,100000.0,0.0,0.0,0.0,
2015-06-29,100000.0,0.0,0.0,0.0,
2015-06-30,100000.0,0.0,0.0,0.0,
2015-07-01,100000.0,0.0,0.0,0.0,
2015-07-02,100000.0,0.0,0.0,0.0,
2015-07-06,100000.0,0.0,0.0,0.0,
2015-07-07,100000.0,0.0,0.0,0.0,
2015-07-08,100000.0,0.0,0.0,0.0,
2015-07-09,100000.0,0.0,0.0,0.0,
2015-07-10,100000.0,0.0,0.0,0.0,
2015-07-13,100000.0,0.0,0.0,0.0,
2015-07-14,100000.0,0.0,0.0,0.0,
2015-07-15,100000.0,0.0,0.0,0.0,
2015-07-16,100000.0,0.0,0.0,0.0,
2015-07-17,100000.0,0.0,0.0,0.0,
2015-07-20,100000.0,0.0,0.0,0.0,
2015-07-21,100000.0,0.0,0.0,0.0,
2015-07-22,100000.0,0.0,0.0,0.0,
2015-07-23,100000.0,0.0,0.0,0.0,
2015-07-24,100000.0,0.0,0.0,0.0,
2015-07-27,100000.0,0.0,0.0,0.0,
2015-07-28,100000.0,0.0,0.0,0.0,
2015-07-29,100000.0,0.0,0.0,0.0,
2015-07-30,100000.0,0.0,0.0,0.0,
2015-07-31,100000.0,0.0,0.0,0.0,
2015-08-03,100000.0,0.0,0.0,0.0,
2015-08-04,100000.0,0.0,0.0,0.0,
2015-08-05,100000.0,0.0,0.0,0.0,
2015-08-06,100000.0,0.0,0.0,0.0,
2015-08-07,100000.0,0.0,0.0,0.0,
2015-08-10,100000.0,0.0,0.0,0.0,
2015-08-11,100000.0,0.0,0.0,0.0,
2015-08-12,100000.0,0.0,0.0,0.0,
2015-08-13,100000.0,0.0,0.0,0.0,
2015-08-14,100000.0,0.0,0.0,0.0,
2015-08-17,100000.0,0.0,0.0,0.0,
2015-08-18,100000.0,0.0,0.0,0.0,
2015-08-19,100000.0,0.0,0.0,0.0,
2015-08-20,100000.0,0.0,0.0,0.0,
2015-08-21,100000.0,0.0,0.0,0.0,
2015-08-24,100000.0,0.0,0.0,0.0,
2015-08-25,100000.0,0.0,0.0,0.0,
2015-08-26,100000.0,0.0,0.0,0.0,
2015-08-27,100000.0,0.0,0.0,0.0,
2015-08-28,100000.0,0.0,0.0,0.0,
2015-08-31,100000.0,0.0,0.0,0.0,
2015-09-01,100000.0,0.0,0.0,0.0,
2015-09-02,100000.0,0.0,0.0,0.0,
2015-09-03,100000.0,0.0,0.0,0.0,
2015-09-04,100000.0,0.0,0.0,0.0,
2015-09-08,100000.0,0.0,0.0,0.0,
2015-09-09,100000.0,0.0,0.0,0.0,
2015-09-10,100000.0,0.0,0.0,0.0,
2015-09-11,100000.0,0.0,0.0,0.0,
2015-09-14,100000.0,0.0,0.0,0.0,
2015-09-15,100000.0,0.0,0.0,0.0,
2015-09-16,100000.0,0.0,0.0,0.0,
2015-09-17,100000.0,0.0,0.0,0.0,
2015-09-18,100000.0,0.0,0.0,0.0,
2015-09-21,100000.0,0.0,0.0,0.0,
2015-09-22,100000.0,0.0,0.0,0.0,
2015-09-23,100000.0,0.0,0.0,0.0,
2015-09-24,100000.0,0.0,0.0,0.0,
2015-09-25,100000.0,0.0,0.0,0.0,
2015-09-28,100000.0,0.0,0.0,0.0,
2015-09-29,100000.0,0.0,0.0,0.0,
2015-09-30,100000.0,0.0,0.0,0.0,
2015-10-01,100000.0,0.0,0.0,0.0,
2015-10-02,100000.0,0.0,0.0,0.0,
2015-10-05,100000.0,0.0,0.0,0.0,
2015-10-06,100000.0,0.0,0.0,0.0,
2015-10-07,100000.0,0.0,0.0,0.0,
2015-10-08,100000.0,0.0,0.0,0.0,
2015-10-09,100000.0,0.0,0.0,0.0,
2015-10-12,100000.0,0.0,0.0,0.0,
2015-10-13,100000.0,0.0,0.0,0.0,
2015-10-14,100000.0,0.0,0.0,0.0,
2015-10-15,100000.0,0.0,0.0,0.0,
2015-10-16,100000.0,0.0,0.0,0.0,
2015-10-19,100000.0,0.0,0.0,0.0,
2015-10-20,100000.0,0.0,0.0,0.0,
2015-10-21,100000.0,0.0,0.0,0.0,
2015-10-22,100000.0,0.0,0.0,0.0,
2015-10-23,100000.0,0.0,0.0,0.0,
2015-10-26,100000.0,0.0,0.0,0.0,
2015-10-27,100000.0,0.0,0.0,0.0,
2015-10-28,100000.0,0.0,0.0,0.0,
2015-10-29,100000.0,0.0,0.0,0.0,
2015-10-30,100000.0,0.0,0.0,0.0,
2015-11-02,100000.0,0.0,0.0,0.0,
2015-11-03,100000.0,0.0,0.0,0.0,
2015-11-04,100000.0,0.0,0.0,0.0,
2015-11-05,100000.0,0.0,0.0,0.0,
2015-11-06,100000.0,0.0,0.0,0.0,
2015-11-09,100000.0,0.0,0.0,0.0,
2015-11-10,100000.0,0.0,0.0,0.0,
2015-11-11,100000.0,0.0,0.0,0.0,
2015-11-12,100000.0,0.0,0.0,0.0,
2015-11-13,100000.0,0.0,0.0,0.0,
2015-11-16,100000.0,0.0,0.0,0.0,
2015-11-17,100000.0,0.0,0.0,0.0,
2015-11-18,100000.0,0.0,0.0,0.0,
2015-11-19,100000.0,0.0,0.0,0.0,
2015-11-20,100000.0,0.0,0.0,0.0,
2015-11-23,100000.0,0.0,0.0,0.0,
2015-11-24,100000.0,0.0,0.0,0.0,
2015-11-25,100000.0,0.0,0.0,0.0,
2015-11-27,100000.0,0.0,0.0,0.0,
2015-11-30,100000.0,0.0,0.0,0.0,
2015-12-01,100000.0,0.0,0.0,0.0,
2015-12-02,100000.0,0.0,0.0,0.0,
2015-12-03,100000.0,0.0,0.0,0.0,
2015-12-04,100000.0,0.0,0.0,0.0,
2015-12-07,100000.0,0.0,0.0,0.0,
2015-12-08,100000.0,0.0,0.0,0.0,
2015-12-09,100000.0,0.0,0.0,0.0,
2015-12-10,100000.0,0.0,0.0,0.0,
2015-12-11,100000.0,0.0,0.0,0.0,
2015-12-14,100000.0,0.0,0.0,0.0,
2015-12-15,100000.0,0.0,0.0,0.0,
2015-12-16,100000.0,0.0,0.0,0.0,
2015-12-17,100000.0,0.0,0.0,0.0,
2015-12-18,100000.0,0.0,0.0,0.0,
2015-12-21,100000.0,0.0,0.0,0.0,
2015-12-22,100000.0,0.0,0.0,0.0,
2015-12-23,100000.0,0.0,0.0,0.0,
2015-12-24,100000.0,0.0,0.0,0.0,
2015-12-28,100000.0,0.0,0.0,0.0,
2015-12-29,100000.0,0.0,0.0,0.0,
2015-12-30,100000.0,0.0,0.0,0.0,
2015-12-31,100000.0,0.0,0.0,0.0,
2016-01-04,100000.0,0.0,0.0,0.0,
2016-01-05,100000.0,0.0,0.0,0.0,
2016-01-06,100000.0,0.0,0.0,0.0,
2016-01-07,100000.0,0.0,0.0,0.0,
2016-01-08,100000.0,0.0,0.0,0.0,
2016-01-11,100000.0,0.0,0.0,0.0,
2016-01-12,100000.0,0.0,0.0,0.0,
2016-01-13,100000.0,0.0,0.0,0.0,
2016-01-14,100000.0,0.0,0.0,0.0,
2016-01-15,100000.0,0.0,0.0,0.0,
2016-01-19,100000.0,0.0,0.0,0.0,
2016-01-20,100000.0,0.0,0.0,0.0,
2016-01-21,100000.0,0.0,0.0,0.0,
2016-01-22,100000.0,0.0,0.0,0.0,
2016-01-25,100000.0,0.0,0.0,0.0,
2016-01-26,100000.0,0.0,0.0,0.0,
2016-01-27,100000.0,0.0,0.0,0.0,
2016-01-28,100000.0,0.0,0.0,0.0,
2016-01-29,100000.0,0.0,0.0,0.0,
2016-02-01,100000.0,0.0,0.0,0.0,
2016-02-02,100000.0,0.0,0.0,0.0,
2016-02-03,100000.0,0.0,0.0,0.0,
2016-02-04,100000.0,0.0,0.0,0.0,
2016-02-05,100000.0,0.0,0.0,0.0,
2016-02-08,100000.0,0.0,0.0,0.0,
2016-02-09,100000.0,0.0,0.0,0.0,
2016-02-10,100000.0,0.0,0.0,0.0,
2016-02-11,100000.0,0.0,0.0,0.0,
2016-02-12,100000.0,0.0,0.0,0.0,
2016-02-16,100000.0,0.0,0.0,0.0,
2016-02-17,100000.0,0.0,0.0,0.0,
2016-02-18,100000.0,0.0,0.0,0.0,
2016-02-19,100000.0,0.0,0.0,0.0,
2016-02-22,100000.0,0.0,0.0,0.0,
2016-02-23,100000.0,0.0,0.0,0.0,
2016-02-24,100000.0,0.0,0.0,0.0,
2016-02-25,100000.0,0.0,0.0,0.0,
2016-02-26,100000.0,0.0,0.0,0.0,
2016-02-29,100000.0,0.0,0.0,0.0,
2016-03-01,100000.0,0.0,0.0,0.0,
2016-03-02,100000.0,0.0,0.0,0.0,
2016-03-03,100000.0,0.0,0.0,0.0,
2016-03-04,100000.0,0.0,0.0,0.0,
2016-03-07,100000.0,0.0,0.0,0.0,
2016-03-08,100000.0,0.0,0.0,0.0,
2016-03-09,100000.0,0.0,0.0,0.0,
2016-03-10,100000.0,0.0,0.0,0.0,
2016-03-11,100000.0,0.0,0.0,0.0,
2016-03-14,100000.0,0.0,0.0,0.0,
2016-03-15,100000.0,0.0,0.0,0.0,
2016-03-16,100000.0,0.0,0.0,0.0,
2016-03-17,100000.0,0.0,0.0,0.0,
2016-03-18,100000.0,0.0,0.0,0.0,
2016-03-21,100000.0,0.0,0.0,0.0,
2016-03-22,100000.0,0.0,0.0,0.0,
2016-03-23,100000.0,0.0,0.0,0.0,
2016-03-24,100000.0,0.0,0.0,0.0,
2016-03-28,100000.0,0.0,0.0,0.0,
2016-03-29,100000.0,0.0,0.0,0.0,
2016-03-30,100000.0,0.0,0.0,0.0,
2016-03-31,100000.0,0.0,0.0,0.0,
2016-04-01,100000.0,0.0,0.0,0.0,
2016-04-04,100000.0,0.0,0.0,0.0,
2016-04-05,100000.0,0.0,0.0,0.0,
2016-04-06,100000.0,0.0,0.0,0.0,
2016-04-07,100000.0,0.0,0.0,0.0,
2016-04-08,100000.0,0.0,0.0,0.0,
2016-04-11,100000.0,0.0,0.0,0.0,
2016-04-12,100000.0,0.0,0.0,0.0,
2016-04-13,100000.0,0.0,0.0,0.0,
2016-04-14,100000.0,0.0,0.0,0.0,
2016-04-15,100000.0,0.0,0.0,0.0,
2016-04-18,100000.0,0.0,0.0,0.0,
2016-04-19,100000.0,0.0,0.0,0.0,
2016-04-20,100000.0,0.0,0.0,0.0,
2016-04-21,100000.0,0.0,0.0,0.0,
2016-04-22,100000.0,0.0,0.0,0.0,
2016-04-25,100000.0,0.0,0.0,0.0,
2016-04-26,100000.0,0.0,0.0,0.0,
2016-04-27,100000.0,0.0,0.0,0.0,
2016-04-28,100000.0,0.0,0.0,0.0,
2016-04-29,100000.0,0.0,0.0,0.0,
2016-05-02,100000.0,0.0,0.0,0.0,
2016-05-03,100000.0,0.0,0.0,0.0,
2016-05-04,100000.0,0.0,0.0,0.0,
2016-05-05,100000.0,0.0,0.0,0.0,
2016-05-06,100000.0,0.0,0.0,0.0,
2016-05-09,100000.0,0.0,0.0,0.0,
2016-05-10,100000.0,0.0,0.0,0.0,
2016-05-11,100000.0,0.0,0.0,0.0,
2016-05-12,100000.0,0.0,0.0,0.0,
2016-05-13,100000.0,0.0,0.0,0.0,
2016-05-16,100000.0,0.0,0.0,0.0,
2016-05-17,100000.0,0.0,0.0,0.0,
2016-05-18,100000.0,0.0,0.0,0.0,
2016-05-19,100000.0,0.0,0.0,0.0,
2016-05-20,100000.0,0.0,0.0,0.0,
2016-05-23,100000.0,0.0,0.0,0.0,
2016-05-24,100000.0,0.0,0.0,0.0,
2016-05-25,100000.0,0.0,0.0,0.0,
2016-05-26,100000.0,0.0,0.0,0.0,
2016-05-27,100000.0,0.0,0.0,0.0,
2016-05-31,100000.0,0.0,0.0,0.0,
2016-06-01,100000.0,0.0,0.0,0.0,
2016-06-02,100000.0,0.0,0.0,0.0,
2016-06-03,100000.0,0.0,0.0,0.0,
2016-06-06,100000.0,0.0,0.0,0.0,
2016-06-07,100000.0,0.0,0.0,0.0,
2016-06-08,100000.0,0.0,0.0,0.0,
2016-06-09,100000.0,0.0,0.0,0.0,
2016-06-10,100000.0,0.0,0.0,0.0,
2016-06-13,100000.0,0.0,0.0,0.0,
2016-06-14,100000.0,0.0,0.0,0.0,
2016-06-15,100000.0,0.0,0.0,0.0,
2016-06-16,100000.0,0.0,0.0,0.0,
2016-06-17,100000.0,0.0,0.0,0.0,
2016-06-20,100000.0,0.0,0.0,0.0,
2016-06-21,100000.0,0.0,0.0,0.0,
2016-06-22,100000.0,0.0,0.0,0.0,
2016-06-23,100000.0,0.0,0.0,0.0,
2016-06-24,100000.0,0.0,0.0,0.0,
2016-06-27,100000.0,0.0,0.0,0.0,
2016-06-28,100000.0,0.0,0.0,0.0,
2016-06-29,100000.0,0.0,0.0,0.0,
2016-06-30,100000.0,0.0,0.0,0.0,
2016-07-01,100000.0,0.0,0.0,0.0,
2016-07-05,100000.0,0.0,0.0,0.0,
2016-07-06,100000.0,0.0,0.0,0.0,
2016-07-07,100000.0,0.0,0.0,0.0,
2016-07-08,100000.0,0.0,0.0,0.0,
2016-07-11,100000.0,0.0,0.0,0.0,
2016-07-12,100000.0,0.0,0.0,0.0,
2016-07-13,100000.0,0.0,0.0,0.0,
2016-07-14,100000.0,0.0,0.0,0.0,
2016-07-15,100000.0,0.0,0.0,0.0,
2016-07-18,100000.0,0.0,0.0,0.0,
2016-07-19,100000.0,0.0,0.0,0.0,
2016-07-20,100000.0,0.0,0.0,0.0,
2016-07-21,100000.0,0.0,0.0,0.0,
2016-07-22,100000.0,0.0,0.0,0.0,
2016-07-25,100000.0,0.0,0.0,0.0,
2016-07-26,100000.0,0.0,0.0,0.0,
2016-07-27,100000.0,0.0,0.0,0.0,
2016-07-28,100000.0,0.0,0.0,0.0,
2016-07-29,100000.0,0.0,0.0,0.0,
2016-08-01,100000.0,0.0,0.0,0.0,
2016-08-02,100000.0,0.0,0.0,0.0,
2016-08-03,100000.0,0.0,0.0,0.0,
2016-08-04,100000.0,0.0,0.0,0.0,
2016-08-05,100000.0,0.0,0.0,0.0,
2016-08-08,100000.0,0.0,0.0,0.0,
2016-08-09,100000.0,0.0,0.0,0.0,
2016-08-10,100000.0,0.0,0.0,0.0,
2016-08-11,100000.0,0.0,0.0,0.0,
2016-08-12,100000.0,0.0,0.0,0.0,
2016-08-15,100000.0,0.0,0.0,0.0,
2016-08-16,100000.0,0.0,0.0,0.0,
2016-08-17,100000.0,0.0,0.0,0.0,
2016-08-18,100000.0,0.0,0.0,0.0,
2016-08-19,100000.0,0.0,0.0,0.0,
2016-08-22,100000.0,0.0,0.0,0.0,
2016-08-23,100000.0,0.0,0.0,0.0,
2016-08-24,100000.0,0.0,0.0,0.0,
2016-08-25,100000.0,0.0,0.0,0.0,
2016-08-26,100000.0,0.0,0.0,0.0,
2016-08-29,100000.0,0.0,0.0,0.0,
2016-08-30,100000.0,0.0,0.0,0.0,
2016-08-31,100000.0,0.0,0.0,0.0,
2016-09-01,100000.0,0.0,0.0,0.0,
2016-09-02,100000.0,0.0,0.0,0.0,
2016-09-06,100000.0,0.0,0.0,0.0,
2016-09-07,100000.0,0.0,0.0,0.0,
2016-09-08,100000.0,0.0,0.0,0.0,
2016-09-09,100000.0,0.0,0.0,0.0,
2016-09-12,100000.0,0.0,0.0,0.0,
2016-09-13,100000.0,0.0,0.0,0.0,
2016-09-14,100000.0,0.0,0.0,0.0,
2016-09-15,100000.0,0.0,0.0,0.0,
2016-09-16,100000.0,0.0,0.0,0.0,
2016-09-19,100000.0,0.0,0.0,0.0,
2016-09-20,100000.0,0.0,0.0,0.0,
2016-09-21,100000.0,0.0,0.0,0.0,
2016-09-22,100000.0,0.0,0.0,0.0,
2016-09-23,100000.0,0.0,0.0,0.0,
2016-09-26,100000.0,0.0,0.0,0.0,
2016-09-27,100000.0,0.0,0.0,0.0,
2016-09-28,100000.0,0.0,0.0,0.0,
2016-09-29,100000.0,0.0,0.0,0.0,
2016-09-30,100000.0,0.0,0.0,0.0,
2016-10-03,100000.0,0.0,0.0,0.0,
2016-10-04,100000.0,0.0,0.0,0.0,
2016-10-05,100000.0,0.0,0.0,0.0,
2016-10-06,100000.0,0.0,0.0,0.0,
2016-10-07,100000.0,0.0,0.0,0.0,
2016-10-10,100000.0,0.0,0.0,0.0,
2016-10-11,100000.0,0.0,0.0,0.0,
2016-10-12,100000.0,0.0,0.0,0.0,
2016-10-13,100000.0,0.0,0.0,0.0,
2016-10-14,100000.0,0.0,0.0,0.0,
2016-10-17,100000.0,0.0,0.0,0.0,
2016-10-18,100000.0,0.0,0.0,0.0,
2016-10-19,100000.0,0.0,0.0,0.0,
2016-10-20,100000.0,0.0,0.0,0.0,
2016-10-21,100000.0,0.0,0.0,0.0,
2016-10-24,100000.0,0.0,0.0,0.0,
2016-10-25,100000.0,0.0,0.0,0.0,
2016-10-26,100000.0,0.0,0.0,0.0,
2016-10-27,100000.0,0.0,0.0,0.0,
2016-10-28,100000.0,0.0,0.0,0.0,
2016-10-31,100000.0,0.0,0.0,0.0,
2016-11-01,100000.0,0.0,0.0,0.0,
2016-11-02,100000.0,0.0,0.0,0.0,
2016-11-03,100000.0,0.0,0.0,0.0,
2016-11-04,100000.0,0.0,0.0,0.0,
2016-11-07,100000.0,0.0,0.0,0.0,
2016-11-08,100000.0,0.0,0.0,0.0,
2016-11-09,100000.0,0.0,0.0,0.0,
2016-11-10,100000.0,0.0,0.0,0.0,
2016-11-11,100000.0,0.0,0.0,0.0,
2016-11-14,100000.0,0.0,0.0,0.0,
2016-11-15,100000.0,0.0,0.0,0.0,
2016-11-16,100000.0,0.0,0.0,0.0,
2016-11-17,100000.0,0.0,0.0,0.0,
2016-11-18,100000.0,0.0,0.0,0.0,
2016-11-21,100000.0,0.0,0.0,0.0,
2016-11-22,100000.0,0.0,0.0,0.0,
2016-11-23,100000.0,0.0,0.0,0.0,
2016-11-25,100000.0,0.0,0.0,0.0,
2016-11-28,100000.0,0.0,0.0,0.0,
2016-11-29,100000.0,0.0,0.0,0.0,
2016-11-30,100000.0,0.0,0.0,0.0,
2016-12-01,100000.0,0.0,0.0,0.0,
2016-12-02,100000.0,0.0,0.0,0.0,
2016-12-05,100000.0,0.0,0.0,0.0,
2016-12-06,100000.0,0.0,0.0,0.0,
2016-12-07,100000.0,0.0,0.0,0.0,
2016-12-08,100000.0,0.0,0.0,0.0,
2016-12-09,100000.0,0.0,0.0,0.0,
2016-12-12,100000.0,0.0,0.0,0.0,
2016-12-13,100000.0,0.0,0.0,0.0,
2016-12-14,100000.0,0.0,0.0,0.0,
2016-12-15,100000.0,0.0,0.0,0.0,
2016-12-16,100000.0,0.0,0.0,0.0,
2016-12-19,100000.0,0.0,0.0,0.0,
2016-12-20,100000.0,0.0,0.0,0.0,
2016-12-21,100000.0,0.0,0.0,0.0,
2016-12-22,100000.0,0.0,0.0,0.0,
2016-12-23,100000.0,0.0,0.0,0.0,
2016-12-27,100000.0,0.0,0.0,0.0,
2016-12-28,100000.0,0.0,0.0,0.0,
2016-12-29,100000.0,0.0,0.0,0.0,
2016-12-30,100000.0,0.0,0.0,0.0,
2017-01-03,100000.0,0.0,0.0,0.0,
2017-01-04,100000.0,0.0,0.0,0.0,
2017-01-05,100000.0,0.0,0.0,0.0,
2017-01-06,100000.0,0.0,0.0,0.0,
2017-01-09,100000.0,0.0,0.0,0.0,
2017-01-10,100000.0,0.0,0.0,0.0,
2017-01-11,100000.0,0.0,0.0,0.0,
2017-01-12,100000.0,0.0,0.0,0.0,
2017-01-13,100000.0,0.0,0.0,0.0,
2017-01-17,100000.0,0.0,0.0,0.0,
2017-01-18,100000.0,0.0,0.0,0.0,
2017-01-19,100000.0,0.0,0.0,0.0,
2017-01-20,100000.0,0.0,0.0,0.0,
2017-01-23,100000.0,0.0,0.0,0.0,
2017-01-24,100000.0,0.0,0.0,0.0,
2017-01-25,100000.0,0.0,0.0,0.0,
2017-01-26,100000.0,0.0,0.0,0.0,
2017-01-27,100000.0,0.0,0.0,0.0,
2017-01-30,100000.0,0.0,0.0,0.0,
2017-01-31,100000.0,0.0,0.0,0.0,
2017-02-01,100000.0,0.0,0.0,0.0,
2017-02-02,100000.0,0.0,0.0,0.0,
2017-02-03,100000.0,0.0,0.0,0.0,
2017-02-06,100000.0,0.0,0.0,0.0,
2017-02-07,100000.0,0.0,0.0,0.0,
2017-02-08,100000.0,0.0,0.0,0.0,
2017-02-09,100000.0,0.0,0.0,0.0,
2017-02-10,100000.0,0.0,0.0,0.0,
2017-02-13,100000.0,0.0,0.0,0.0,
2017-02-14,100000.0,0.0,0.0,0.0,
2017-02-15,100000.0,0.0,0.0,0.0,
2017-02-16,100000.0,0.0,0.0,0.0,
2017-02-17,100000.0,0.0,0.0,0.0,
2017-02-21,100000.0,0.0,0.0,0.0,
2017-02-22,100000.0,0.0,0.0,0.0,
2017-02-23,100000.0,0.0,0.0,0.0,
2017-02-24,100000.0,0.0,0.0,0.0,
2017-02-27,100000.0,0.0,0.0,0.0,
2017-02-28,100000.0,0.0,0.0,0.0,
2017-03-01,100000.0,0.0,0.0,0.0,
2017-03-02,100000.0,0.0,0.0,0.0,
2017-03-03,100000.0,0.0,0.0,0.0,
2017-03-06,100000.0,0.0,0.0,0.0,
2017-03-07,100000.0,0.0,0.0,0.0,
2017-03-08,100000.0,0.0,0.0,0.0,
2017-03-09,100000.0,0.0,0.0,0.0,
2017-03-10,100000.0,0.0,0.0,0.0,
2017-03-13,100000.0,0.0,0.0,0.0,
2017-03-14,100000.0,0.0,0.0,0.0,
2017-03-15,100000.0,0.0,0.0,0.0,
2017-03-16,100000.0,0.0,0.0,0.0,
2017-03-17,100000.0,0.0,0.0,0.0,
2017-03-20,100000.0,0.0,0.0,0.0,
2017-03-21,100000.0,0.0,0.0,0.0,
2017-03-22,100000.0,0.0,0.0,0.0,
2017-03-23,100000.0,0.0,0.0,0.0,
2017-03-24,100000.0,0.0,0.0,0.0,
2017-03-27,100000.0,0.0,0.0,0.0,
2017-03-28,100000.0,0.0,0.0,0.0,
2017-03-29,100000.0,0.0,0.0,0.0,
2017-03-30,100000.0,0.0,0.0,0.0,
2017-03-31,100000.0,0.0,0.0,0.0,
2017-04-03,100000.0,0.0,0.0,0.0,
2017-04-04,100000.0,0.0,0.0,0.0,
2017-04-05,100000.0,0.0,0.0,0.0,
2017-04-06,100000.0,0.0,0.0,0.0,
2017-04-07,100000.0,0.0,0.0,0.0,
2017-04-10,100000.0,0.0,0.0,0.0,
2017-04-11,100000.0,0.0,0.0,0.0,
2017-04-12,100000.0,0.0,0.0,0.0,
2017-04-13,100000.0,0.0,0.0,0.0,
2017-04-17,100000.0,0.0,0.0,0.0,
2017-04-18,100000.0,0.0,0.0,0.0,
2017-04-19,100000.0,0.0,0.0,0.0,
2017-04-20,100000.0,0.0,0.0,0.0,
2017-04-21,100000.0,0.0,0.0,0.0,
2017-04-24,100000.0,0.0,0.0,0.0,
2017-04-25,100000.0,0.0,0.0,0.0,
2017-04-26,100000.0,0.0,0.0,0.0,
2017-04-27,100000.0,0.0,0.0,0.0,
2017-04-28,100000.0,0.0,0.0,0.0,
2017-05-01,100000.0,0.0,0.0,0.0,
2017-05-02,100000.0,0.0,0.0,0.0,
2017-05-03,100000.0,0.0,0.0,0.0,
2017-05-04,100000.0,0.0,0.0,0.0,
2017-05-05,100000.0,0.0,0.0,0.0,
2017-05-08,100000.0,0.0,0.0,0.0,
2017-05-09,100000.0,0.0,0.0,0.0,
2017-05-10,100000.0,0.0,0.0,0.0,
2017-05-11,100000.0,0.0,0.0,0.0,
2017-05-12,100000.0,0.0,0.0,0.0,
2017-05-15,100000.0,0.0,0.0,0.0,
2017-05-16,100000.0,0.0,0.0,0.0,
2017-05-17,100000.0,0.0,0.0,0.0,
2017-05-18,100000.0,0.0,0.0,0.0,
2017-05-19,100000.0,0.0,0.0,0.0,
2017-05-22,100000.0,0.0,0.0,0.0,
2017-05-23,100000.0,0.0,0.0,0.0,
2017-05-24,100000.0,0.0,0.0,0.0,
2017-05-25,100000.0,0.0,0.0,0.0,
2017-05-26,100000.0,0.0,0.0,0.0,
2017-05-30,100000.0,0.0,0.0,0.0,
2017-05-31,100000.0,0.0,0.0,0.0,
2017-06-01,100000.0,0.0,0.0,0.0,
2017-06-02,100000.0,0.0,0.0,0.0,
2017-06-05,100000.0,0.0,0.0,0.0,
2017-06-06,100000.0,0.0,0.0,0.0,
2017-06-07,100000.0,0.0,0.0,0.0,
2017-06-08,100000.0,0.0,0.0,0.0,
2017-06-09,100000.0,0.0,0.0,0.0,
2017-06-12,100000.0,0.0,0.0,0.0,
2017-06-13,100000.0,0.0,0.0,0.0,
2017-06-14,100000.0,0.0,0.0,0.0,
2017-06-15,100000.0,0.0,0.0,0.0,
2017-06-16,100000.0,0.0,0.0,0.0,
2017-06-19,100000.0,0.0,0.0,0.0,
2017-06-20,100000.0,0.0,0.0,0.0,
2017-06-21,100000.0,0.0,0.0,0.0,
2017-06-22,100000.0,0.0,0.0,0.0,
2017-06-23,100000.0,0.0,0.0,0.0,
2017-06-26,100000.0,0.0,0.0,0.0,
2017-06-27,100000.0,0.0,0.0,0.0,
2017-06-28,100000.0,0.0,0.0,0.0,
2017-06-29,100000.0,0.0,0.0,0.0,
2017-06-30,100000.0,0.0,0.0,0.0,
2017-07-03,100000.0,0.0,0.0,0.0,
2017-07-05,100000.0,0.0,0.0,0.0,
2017-07-06,100000.0,0.0,0.0,0.0,
2017-07-07,100000.0,0.0,0.0,0.0,
2017-07-10,100000.0,0.0,0.0,0.0,
2017-07-11,100000.0,0.0,0.0,0.0,
2017-07-12,100000.0,0.0,0.0,0.0,
2017-07-13,100000.0,0.0,0.0,0.0,
2017-07-14,100000.0,0.0,0.0,0.0,
2017-07-17,100000.0,0.0,0.0,0.0,
2017-07-18,100000.0,0.0,0.0,0.0,
2017-07-19,100000.0,0.0,0.0,0.0,
2017-07-20,100000.0,0.0,0.0,0.0,
2017-07-21,100000.0,0.0,0.0,0.0,
2017-07-24,100000.0,0.0,0.0,0.0,
2017-07-25,100000.0,0.0,0.0,0.0,
2017-07-26,100000.0,0.0,0.0,0.0,
2017-07-27,100000.0,0.0,0.0,0.0,
2017-07-28,100000.0,0.0,0.0,0.0,
2017-07-31,100000.0,0.0,0.0,0.0,
2017-08-01,100000.0,0.0,0.0,0.0,
2017-08-02,100000.0,0.0,0.0,0.0,
2017-08-03,100000.0,0.0,0.0,0.0,
2017-08-04,100000.0,0.0,0.0,0.0,
2017-08-07,100000.0,0.0,0.0,0.0,
2017-08-08,100000.0,0.0,0.0,0.0,
2017-08-09,100000.0,0.0,0.0,0.0,
2017-08-10,100000.0,0.0,0.0,0.0,
2017-08-11,100000.0,0.0,0.0,0.0,
2017-08-14,100000.0,0.0,0.0,0.0,
2017-08-15,100000.0,0.0,0.0,0.0,
2017-08-16,100000.0,0.0,0.0,0.0,
2017-08-17,100000.0,0.0,0.0,0.0,
2017-08-18,100000.0,0.0,0.0,0.0,
2017-08-21,100000.0,0.0,0.0,0.0,
2017-08-22,100000.0,0.0,0.0,0.0,
2017-08-23,100000.0,0.0,0.0,0.0,
2017-08-24,100000.0,0.0,0.0,0.0,
2017-08-25,100000.0,0.0,0.0,0.0,
2017-08-28,100000.0,0.0,0.0,0.0,
2017-08-29,100000.0,0.0,0.0,0.0,
2017-08-30,100000.0,0.0,0.0,0.0,
2017-08-31,100000.0,0.0,0.0,0.0,
2017-09-01,100000.0,0.0,0.0,0.0,
2017-09-05,100000.0,0.0,0.0,0.0,
2017-09-06,100000.0,0.0,0.0,0.0,
2017-09-07,100000.0,0.0,0.0,0.0,
2017-09-08,100000.0,0.0,0.0,0.0,
2017-09-11,100000.0,0.0,0.0,0.0,
2017-09-12,100000.0,0.0,0.0,0.0,
2017-09-13,100000.0,0.0,0.0,0.0,
2017-09-14,100000.0,0.0,0.0,0.0,
2017-09-15,100000.0,0.0,0.0,0.0,
2017-09-18,100000.0,0.0,0.0,0.0,
2017-09-19,100000.0,0.0,0.0,0.0,
2017-09-20,100000.0,0.0,0.0,0.0,
2017-09-21,100000.0,0.0,0.0,0.0,
2017-09-22,100000.0,0.0,0.0,0.0,
2017-09-25,100000.0,0.0,0.0,0.0,
2017-09-26,100000.0,0.0,0.0,0.0,
2017-09-27,100000.0,0.0,0.0,0.0,
2017-09-28,100000.0,0.0,0.0,0.0,
2017-09-29,100000.0,0.0,0.0,0.0,
2017-10-02,100000.0,0.0,0.0,0.0,
2017-10-03,100000.0,0.0,0.0,0.0,
2017-10-04,100000.0,0.0,0.0,0.0,
2017-10-05,100000.0,0.0,0.0,0.0,
2017-10-06,100000.0,0.0,0.0,0.0,
2017-10-09,100000.0,0.0,0.0,0.0,
2017-10-10,100000.0,0.0,0.0,0.0,
2017-10-11,100000.0,0.0,0.0,0.0,
2017-10-12,100000.0,0.0,0.0,0.0,
2017-10-13,100000.0,0.0,0.0,0.0,
2017-10-16,100000.0,0.0,0.0,0.0,
2017-10-17,100000.0,0.0,0.0,0.0,
2017-10-18,100000.0,0.0,0.0,0.0,
2017-10-19,100000.0,0.0,0.0,0.0,
2017-10-20,100000.0,0.0,0.0,0.0,
2017-10-23,100000.0,0.0,0.0,0.0,
2017-10-24,100000.0,0.0,0.0,0.0,
2017-10-25,100000.0,0.0,0.0,0.0,
2017-10-26,100000.0,0.0,0.0,0.0,
2017-10-27,100000.0,0.0,0.0,0.0,
2017-10-30,100000.0,0.0,0.0,0.0,
2017-10-31,100000.0,0.0,0.0,0.0,
2017-11-01,100000.0,0.0,0.0,0.0,
2017-11-02,100000.0,0.0,0.0,0.0,
2017-11-03,100000.0,0.0,0.0,0.0,
2017-11-06,100000.0,0.0,0.0,0.0,
2017-11-07,100000.0,0.0,0.0,0.0,
2017-11-08,100000.0,0.0,0.0,0.0,
2017-11-09,100000.0,0.0,0.0,0.0,
2017-11-10,100000.0,0.0,0.0,0.0,
2017-11-13,100000.0,0.0,0.0,0.0,
2017-11-14,100000.0,0.0,0.0,0.0,
2017-11-15,100000.0,0.0,0.0,0.0,
2017-11-16,100000.0,0.0,0.0,0.0,
2017-11-17,100000.0,0.0,0.0,0.0,
2017-11-20,100000.0,0.0,0.0,0.0,
2017-11-21,100000.0,0.0,0.0,0.0,
2017-11-22,100000.0,0.0,0.0,0.0,
2017-11-24,100000.0,0.0,0.0,0.0,
2017-11-27,100000.0,0.0,0.0,0.0,
2017-11-28,100000.0,0.0,0.0,0.0,
2017-11-29,100000.0,0.0,0.0,0.0,
2017-11-30,100000.0,0.0,0.0,0.0,
2017-12-01,100000.0,0.0,0.0,0.0,
2017-12-04,100000.0,0.0,0.0,0.0,
2017-12-05,100000.0,0.0,0.0,0.0,
2017-12-06,100000.0,0.0,0.0,0.0,
2017-12-07,100000.0,0.0,0.0,0.0,
2017-12-08,100000.0,0.0,0.0,0.0,
2017-12-11,100000.0,0.0,0.0,0.0,
2017-12-12,100000.0,0.0,0.0,0.0,
2017-12-13,100000.0,0.0,0.0,0.0,
2017-12-14,100000.0,0.0,0.0,0.0,
2017-12-15,100000.0,0.0,0.0,0.0,
2017-12-18,100000.0,0.0,0.0,0.0,
2017-12-19,100000.0,0.0,0.0,0.0,
2017-12-20,100000.0,0.0,0.0,0.0,
2017-12-21,100000.0,0.0,0.0,0.0,
2017-12-22,100000.0,0.0,0.0,0.0,
2017-12-26,100000.0,0.0,0.0,0.0,
2017-12-27,100000.0,0.0,0.0,0.0,
2017-12-28,100000.0,0.0,0.0,0.0,
2017-12-29,100000.0,0.0,0.0,0.0,
2018-01-02,100000.0,0.0,0.0,0.0,
2018-01-03,100000.0,0.0,0.0,0.0,
2018-01-04,100000.0,0.0,0.0,0.0,
2018-01-05,100000.0,0.0,0.0,0.0,
2018-01-08,100000.0,0.0,0.0,0.0,
2018-01-09,100000.0,0.0,0.0,0.0,
2018-01-10,100000.0,0.0,0.0,0.0,
2018-01-11,100000.0,0.0,0.0,0.0,
2018-01-12,100000.0,0.0,0.0,0.0,
2018-01-16,100000.0,0.0,0.0,0.0,
2018-01-17,100000.0,0.0,0.0,0.0,
2018-01-18,100000.0,0.0,0.0,0.0,
2018-01-19,100000.0,0.0,0.0,0.0,
2018-01-22,100000.0,0.0,0.0,0.0,
2018-01-23,100000.0,0.0,0.0,0.0,
2018-01-24,100000.0,0.0,0.0,0.0,
2018-01-25,100000.0,0.0,0.0,0.0,
2018-01-26,100000.0,0.0,0.0,0.0,
2018-01-29,100000.0,0.0,0.0,0.0,
2018-01-30,100000.0,0.0,0.0,0.0,
2018-01-31,100000.0,0.0,0.0,0.0,
2018-02-01,100000.0,0.0,0.0,0.0,
2018-02-02,100000.0,0.0,0.0,0.0,
2018-02-05,100000.0,0.0,0.0,0.0,
2018-02-06,100000.0,0.0,0.0,0.0,
2018-02-07,100000.0,0.0,0.0,0.0,
2018-02-08,100000.0,0.0,0.0,0.0,
2018-02-09,100000.0,0.0,0.0,0.0,
2018-02-12,100000.0,0.0,0.0,0.0,
2018-02-13,100000.0,0.0,0.0,0.0,
2018-02-14,100000.0,0.0,0.0,0.0,
2018-02-15,100000.0,0.0,0.0,0.0,
2018-02-16,100000.0,0.0,0.0,0.0,
2018-02-20,100000.0,0.0,0.0,0.0,
2018-02-21,100000.0,0.0,0.0,0.0,
2018-02-22,100000.0,0.0,0.0,0.0,
2018-02-23,100000.0,0.0,0.0,0.0,
2018-02-26,100000.0,0.0,0.0,0.0,
2018-02-27,100000.0,0.0,0.0,0.0,
2018-02-28,100000.0,0.0,0.0,0.0,
2018-03-01,100000.0,0.0,0.0,0.0,
2018-03-02,100000.0,0.0,0.0,0.0,
2018-03-05,100000.0,0.0,0.0,0.0,
2018-03-06,100000.0,0.0,0.0,0.0,
2018-03-07,100000.0,0.0,0.0,0.0,
2018-03-08,100000.0,0.0,0.0,0.0,
2018-03-09,100000.0,0.0,0.0,0.0,
2018-03-12,100000.0,0.0,0.0,0.0,
2018-03-13,100000.0,0.0,0.0,0.0,
2018-03-14,100000.0,0.0,0.0,0.0,
2018-03-15,100000.0,0.0,0.0,0.0,
2018-03-16,100000.0,0.0,0.0,0.0,
2018-03-19,100000.0,0.0,0.0,0.0,
2018-03-20,100000.0,0.0,0.0,0.0,
2018-03-21,100000.0,0.0,0.0,0.0,
2018-03-22,100000.0,0.0,0.0,0.0,
2018-03-23,100000.0,0.0,0.0,0.0,
2018-03-26,100000.0,0.0,0.0,0.0,
2018-03-27,100000.0,0.0,0.0,0.0,
2018-03-28,100000.0,0.0,0.0,0.0,
2018-03-29,100000.0,0.0,0.0,0.0,
2018-04-02,100000.0,0.0,0.0,0.0,
2018-04-03,100000.0,0.0,0.0,0.0,
2018-04-04,100000.0,0.0,0.0,0.0,
2018-04-05,100000.0,0.0,0.0,0.0,
2018-04-06,100000.0,0.0,0.0,0.0,
2018-04-09,100000.0,0.0,0.0,0.0,
2018-04-10,100000.0,0.0,0.0,0.0,
2018-04-11,100000.0,0.0,0.0,0.0,
2018-04-12,100000.0,0.0,0.0,0.0,
2018-04-13,100000.0,0.0,0.0,0.0,
2018-04-16,100000.0,0.0,0.0,0.0,
2018-04-17,100000.0,0.0,0.0,0.0,
2018-04-18,100000.0,0.0,0.0,0.0,
2018-04-19,100000.0,0.0,0.0,0.0,
2018-04-20,100000.0,0.0,0.0,0.0,
2018-04-23,100000.0,0.0,0.0,0.0,
2018-04-24,100000.0,0.0,0.0,0.0,
2018-04-25,100000.0,0.0,0.0,0.0,
2018-04-26,100000.0,0.0,0.0,0.0,
2018-04-27,100000.0,0.0,0.0,0.0,
2018-04-30,100000.0,0.0,0.0,0.0,
2018-05-01,100000.0,0.0,0.0,0.0,
2018-05-02,100000.0,0.0,0.0,0.0,
2018-05-03,100000.0,0.0,0.0,0.0,
2018-05-04,100000.0,0.0,0.0,0.0,
2018-05-07,100000.0,0.0,0.0,0.0,
2018-05-08,100000.0,0.0,0.0,0.0,
2018-05-09,100000.0,0.0,0.0,0.0,
2018-05-10,100000.0,0.0,0.0,0.0,
2018-05-11,100000.0,0.0,0.0,0.0,
2018-05-14,100000.0,0.0,0.0,0.0,
2018-05-15,100000.0,0.0,0.0,0.0,
2018-05-16,100000.0,0.0,0.0,0.0,
2018-05-17,100000.0,0.0,0.0,0.0,
2018-05-18,100000.0,0.0,0.0,0.0,
2018-05-21,100000.0,0.0,0.0,0.0,
2018-05-22,100000.0,0.0,0.0,0.0,
2018-05-23,100000.0,0.0,0.0,0.0,
2018-05-24,100000.0,0.0,0.0,0.0,
2018-05-25,100000.0,0.0,0.0,0.0,
2018-05-29,100000.0,0.0,0.0,0.0,
2018-05-30,100000.0,0.0,0.0,0.0,
2018-05-31,100000.0,0.0,0.0,0.0,
2018-06-01,100000.0,0.0,0.0,0.0,
2018-06-04,100000.0,0.0,0.0,0.0,
2018-06-05,100000.0,0.0,0.0,0.0,
2018-06-06,100000.0,0.0,0.0,0.0,
2018-06-07,100000.0,0.0,0.0,0.0,
2018-06-08,100000.0,0.0,0.0,0.0,
2018-06-11,100000.0,0.0,0.0,0.0,
2018-06-12,100000.0,0.0,0.0,0.0,
2018-06-13,100000.0,0.0,0.0,0.0,
2018-06-14,100000.0,0.0,0.0,0.0,
2018-06-15,100000.0,0.0,0.0,0.0,
2018-06-18,100000.0,0.0,0.0,0.0,
2018-06-19,100000.0,0.0,0.0,0.0,
2018-06-20,100000.0,0.0,0.0,0.0,
2018-06-21,100000.0,0.0,0.0,0.0,
2018-06-22,100000.0,0.0,0.0,0.0,
2018-06-25,100000.0,0.0,0.0,0.0,
2018-06-26,100000.0,0.0,0.0,0.0,
2018-06-27,100000.0,0.0,0.0,0.0,
2018-06-28,100000.0,0.0,0.0,0.0,
2018-06-29,100000.0,0.0,0.0,0.0,
2018-07-02,100000.0,0.0,0.0,0.0,
2018-07-03,100000.0,0.0,0.0,0.0,
2018-07-05,100000.0,0.0,0.0,0.0,
2018-07-06,100000.0,0.0,0.0,0.0,
2018-07-09,100000.0,0.0,0.0,0.0,
2018-07-10,100000.0,0.0,0.0,0.0,
2018-07-11,100000.0,0.0,0.0,0.0,
2018-07-12,100000.0,0.0,0.0,0.0,
2018-07-13,100000.0,0.0,0.0,0.0,
2018-07-16,100000.0,0.0,0.0,0.0,
2018-07-17,100000.0,0.0,0.0,0.0,
2018-07-18,100000.0,0.0,0.0,0.0,
2018-07-19,100000.0,0.0,0.0,0.0,
2018-07-20,100000.0,0.0,0.0,0.0,
2018-07-23,100000.0,0.0,0.0,0.0,
2018-07-24,100000.0,0.0,0.0,0.0,
2018-07-25,100000.0,0.0,0.0,0.0,
2018-07-26,100000.0,0.0,0.0,0.0,
2018-07-27,100000.0,0.0,0.0,0.0,
2018-07-30,100000.0,0.0,0.0,0.0,
2018-07-31,100000.0,0.0,0.0,0.0,
2018-08-01,100000.0,0.0,0.0,0.0,
2018-08-02,100000.0,0.0,0.0,0.0,
2018-08-03,100000.0,0.0,0.0,0.0,
2018-08-06,100000.0,0.0,0.0,0.0,
2018-08-07,100000.0,0.0,0.0,0.0,
2018-08-08,100000.0,0.0,0.0,0.0,
2018-08-09,100000.0,0.0,0.0,0.0,
2018-08-10,100000.0,0.0,0.0,0.0,
2018-08-13,100000.0,0.0,0.0,0.0,
2018-08-14,100000.0,0.0,0.0,0.0,
2018-08-15,100000.0,0.0,0.0,0.0,
2018-08-16,100000.0,0.0,0.0,0.0,
2018-08-17,100000.0,0.0,0.0,0.0,
2018-08-20,100000.0,0.0,0.0,0.0,
2018-08-21,100000.0,0.0,0.0,0.0,
2018-08-22,100000.0,0.0,0.0,0.0,
2018-08-23,100000.0,0.0,0.0,0.0,
2018-08-24,100000.0,0.0,0.0,0.0,
2018-08-27,100000.0,0.0,0.0,0.0,
2018-08-28,100000.0,0.0,0.0,0.0,
2018-08-29,100000.0,0.0,0.0,0.0,
2018-08-30,100000.0,0.0,0.0,0.0,
2018-08-31,100000.0,0.0,0.0,0.0,
2018-09-04,100000.0,0.0,0.0,0.0,
2018-09-05,100000.0,0.0,0.0,0.0,
2018-09-06,100000.0,0.0,0.0,0.0,
2018-09-07,100000.0,0.0,0.0,0.0,
2018-09-10,100000.0,0.0,0.0,0.0,
2018-09-11,100000.0,0.0,0.0,0.0,
2018-09-12,100000.0,0.0,0.0,0.0,
2018-09-13,100000.0,0.0,0.0,0.0,
2018-09-14,100000.0,0.0,0.0,0.0,
2018-09-17,100000.0,0.0,0.0,0.0,
2018-09-18,100000.0,0.0,0.0,0.0,
2018-09-19,100000.0,0.0,0.0,0.0,
2018-09-20,100000.0,0.0,0.0,0.0,
2018-09-21,100000.0,0.0,0.0,0.0,
2018-09-24,100000.0,0.0,0.0,0.0,
2018-09-25,100000.0,0.0,0.0,0.0,
2018-09-26,100000.0,0.0,0.0,0.0,
2018-09-27,100000.0,0.0,0.0,0.0,
2018-09-28,100000.0,0.0,0.0,0.0,
2018-10-01,100000.0,0.0,0.0,0.0,
2018-10-02,100000.0,0.0,0.0,0.0,
2018-10-03,100000.0,0.0,0.0,0.0,
2018-10-04,100000.0,0.0,0.0,0.0,
2018-10-05,100000.0,0.0,0.0,0.0,
2018-10-08,100000.0,0.0,0.0,0.0,
2018-10-09,100000.0,0.0,0.0,0.0,
2018-10-10,100000.0,0.0,0.0,0.0,
2018-10-11,100000.0,0.0,0.0,0.0,
2018-10-12,100000.0,0.0,0.0,0.0,
2018-10-15,100000.0,0.0,0.0,0.0,
2018-10-16,100000.0,0.0,0.0,0.0,
2018-10-17,100000.0,0.0,0.0,0.0,
2018-10-18,100000.0,0.0,0.0,0.0,
2018-10-19,100000.0,0.0,0.0,0.0,
2018-10-22,100000.0,0.0,0.0,0.0,
2018-10-23,100000.0,0.0,0.0,0.0,
2018-10-24,100000.0,0.0,0.0,0.0,
2018-10-25,100000.0,0.0,0.0,0.0,
2018-10-26,100000.0,0.0,0.0,0.0,
2018-10-29,100000.0,0.0,0.0,0.0,
2018-10-30,100000.0,0.0,0.0,0.0,
2018-10-31,100000.0,0.0,0.0,0.0,
2018-11-01,100000.0,0.0,0.0,0.0,
2018-11-02,100000.0,0.0,0.0,0.0,
2018-11-05,100000.0,0.0,0.0,0.0,
2018-11-06,100000.0,0.0,0.0,0.0,
2018-11-07,100000.0,0.0,0.0,0.0,
2018-11-08,100000.0,0.0,0.0,0.0,
2018-11-09,100000.0,0.0,0.0,0.0,
2018-11-12,100000.0,0.0,0.0,0.0,
2018-11-13,100000.0,0.0,0.0,0.0,
2018-11-14,100000.0,0.0,0.0,0.0,
2018-11-15,100000.0,0.0,0.0,0.0,
2018-11-16,100000.0,0.0,0.0,0.0,
2018-11-19,100000.0,0.0,0.0,0.0,
2018-11-20,100000.0,0.0,0.0,0.0,
2018-11-21,100000.0,0.0,0.0,0.0,
2018-11-23,100000.0,0.0,0.0,0.0,
2018-11-26,100000.0,0.0,0.0,0.0,
2018-11-27,100000.0,0.0,0.0,0.0,
2018-11-28,100000.0,0.0,0.0,0.0,
2018-11-29,100000.0,0.0,0.0,0.0,
2018-11-30,100000.0,0.0,0.0,0.0,
2018-12-03,100000.0,0.0,0.0,0.0,
2018-12-04,100000.0,0.0,0.0,0.0,
2018-12-06,100000.0,0.0,0.0,0.0,
2018-12-07,100000.0,0.0,0.0,0.0,
2018-12-10,100000.0,0.0,0.0,0.0,
2018-12-11,100000.0,0.0,0.0,0.0,
2018-12-12,100000.0,0.0,0.0,0.0,
2018-12-13,100000.0,0.0,0.0,0.0,
2018-12-14,100000.0,0.0,0.0,0.0,
2018-12-17,100000.0,0.0,0.0,0.0,
2018-12-18,100000.0,0.0,0.0,0.0,
2018-12-19,100000.0,0.0,0.0,0.0,
2018-12-20,100000.0,0.0,0.0,0.0,
2018-12-21,100000.0,0.0,0.0,0.0,
2018-12-24,100000.0,0.0,0.0,0.0,
2018-12-26,100000.0,0.0,0.0,0.0,
2018-12-27,100000.0,0.0,0.0,0.0,
2018-12-28,100000.0,0.0,0.0,0.0,
2018-12-31,100000.0,0.0,0.0,0.0,
2019-01-02,100000.0,0.0,0.0,0.0,
2019-01-03,100000.0,0.0,0.0,0.0,
2019-01-04,100000.0,0.0,0.0,0.0,
2019-01-07,100000.0,0.0,0.0,0.0,
2019-01-08,100000.0,0.0,0.0,0.0,
2019-01-09,100000.0,0.0,0.0,0.0,
2019-01-10,100000.0,0.0,0.0,0.0,
2019-01-11,100000.0,0.0,0.0,0.0,
2019-01-14,100000.0,0.0,0.0,0.0,
2019-01-15,100000.0,0.0,0.0,0.0,
2019-01-16,100000.0,0.0,0.0,0.0,
2019-01-17,100000.0,0.0,0.0,0.0,
2019-01-18,100000.0,0.0,0.0,0.0,
2019-01-22,100000.0,0.0,0.0,0.0,
2019-01-23,100000.0,0.0,0.0,0.0,
2019-01-24,100000.0,0.0,0.0,0.0,
2019-01-25,100000.0,0.0,0.0,0.0,
2019-01-28,100000.0,0.0,0.0,0.0,
2019-01-29,100000.0,0.0,0.0,0.0,
2019-01-30,100000.0,0.0,0.0,0.0,
2019-01-31,100000.0,0.0,0.0,0.0,
2019-02-01,100000.0,0.0,0.0,0.0,
2019-02-04,100000.0,0.0,0.0,0.0,
2019-02-05,100000.0,0.0,0.0,0.0,
2019-02-06,100000.0,0.0,0.0,0.0,
2019-02-07,100000.0,0.0,0.0,0.0,
2019-02-08,100000.0,0.0,0.0,0.0,
2019-02-11,100000.0,0.0,0.0,0.0,
2019-02-12,100000.0,0.0,0.0,0.0,
2019-02-13,100000.0,0.0,0.0,0.0,
2019-02-14,100000.0,0.0,0.0,0.0,
2019-02-15,100000.0,0.0,0.0,0.0,
2019-02-19,100000.0,0.0,0.0,0.0,
2019-02-20,100000.0,0.0,0.0,0.0,
2019-02-21,100000.0,0.0,0.0,0.0,
2019-02-22,100000.0,0.0,0.0,0.0,
2019-02-25,100000.0,0.0,0.0,0.0,
2019-02-26,100000.0,0.0,0.0,0.0,
2019-02-27,100000.0,0.0,0.0,0.0,
2019-02-28,100000.0,0.0,0.0,0.0,
2019-03-01,100000.0,0.0,0.0,0.0,
2019-03-04,100000.0,0.0,0.0,0.0,
2019-03-05,100000.0,0.0,0.0,0.0,
2019-03-06,100000.0,0.0,0.0,0.0,
2019-03-07,100000.0,0.0,0.0,0.0,
2019-03-08,100000.0,0.0,0.0,0.0,
2019-03-11,100000.0,0.0,0.0,0.0,
2019-03-12,100000.0,0.0,0.0,0.0,
2019-03-13,100000.0,0.0,0.0,0.0,
2019-03-14,100000.0,0.0,0.0,0.0,
2019-03-15,100000.0,0.0,0.0,0.0,
2019-03-18,100000.0,0.0,0.0,0.0,
2019-03-19,100000.0,0.0,0.0,0.0,
2019-03-20,100000.0,0.0,0.0,0.0,
2019-03-21,100000.0,0.0,0.0,0.0,
2019-03-22,100000.0,0.0,0.0,0.0,
2019-03-25,100000.0,0.0,0.0,0.0,
2019-03-26,100000.0,0.0,0.0,0.0,
2019-03-27,100000.0,0.0,0.0,0.0,
2019-03-28,100000.0,0.0,0.0,0.0,
2019-03-29,100000.0,0.0,0.0,0.0,
2019-04-01,100000.0,0.0,0.0,0.0,
2019-04-02,100000.0,0.0,0.0,0.0,
2019-04-03,100000.0,0.0,0.0,0.0,
2019-04-04,100000.0,0.0,0.0,0.0,
2019-04-05,100000.0,0.0,0.0,0.0,
2019-04-08,100000.0,0.0,0.0,0.0,
2019-04-09,100000.0,0.0,0.0,0.0,
2019-04-10,100000.0,0.0,0.0,0.0,
2019-04-11,100000.0,0.0,0.0,0.0,
2019-04-12,100000.0,0.0,0.0,0.0,
2019-04-15,100000.0,0.0,0.0,0.0,
2019-04-16,100000.0,0.0,0.0,0.0,
2019-04-17,100000.0,0.0,0.0,0.0,
2019-04-18,100000.0,0.0,0.0,0.0,
2019-04-22,100000.0,0.0,0.0,0.0,
2019-04-23,100000.0,0.0,0.0,0.0,
2019-04-24,100000.0,0.0,0.0,0.0,
2019-04-25,100000.0,0.0,0.0,0.0,
2019-04-26,100000.0,0.0,0.0,0.0,
2019-04-29,100000.0,0.0,0.0,0.0,
2019-04-30,100000.0,0.0,0.0,0.0,
2019-05-01,100000.0,0.0,0.0,0.0,
2019-05-02,100000.0,0.0,0.0,0.0,
2019-05-03,100000.0,0.0,0.0,0.0,
2019-05-06,100000.0,0.0,0.0,0.0,
2019-05-07,100000.0,0.0,0.0,0.0,
2019-05-08,100000.0,0.0,0.0,0.0,
2019-05-09,100000.0,0.0,0.0,0.0,
2019-05-10,100000.0,0.0,0.0,0.0,
2019-05-13,100000.0,0.0,0.0,0.0,
2019-05-14,100000.0,0.0,0.0,0.0,
2019-05-15,100000.0,0.0,0.0,0.0,
2019-05-16,100000.0,0.0,0.0,0.0,
2019-05-17,100000.0,0.0,0.0,0.0,
2019-05-20,100000.0,0.0,0.0,0.0,
2019-05-21,100000.0,0.0,0.0,0.0,
2019-05-22,100000.0,0.0,0.0,0.0,
2019-05-23,100000.0,0.0,0.0,0.0,
2019-05-24,100000.0,0.0,0.0,0.0,
2019-05-28,100000.0,0.0,0.0,0.0,
2019-05-29,100000.0,0.0,0.0,0.0,
2019-05-30,100000.0,0.0,0.0,0.0,
2019-05-31,100000.0,0.0,0.0,0.0,
2019-06-03,100000.0,0.0,0.0,0.0,
2019-06-04,100000.0,0.0,0.0,0.0,
2019-06-05,100000.0,0.0,0.0,0.0,
2019-06-06,100000.0,0.0,0.0,0.0,
2019-06-07,100000.0,0.0,0.0,0.0,
2019-06-10,100000.0,0.0,0.0,0.0,
2019-06-11,100000.0,0.0,0.0,0.0,
2019-06-12,100000.0,0.0,0.0,0.0,
2019-06-13,100000.0,0.0,0.0,0.0,
2019-06-14,100000.0,0.0,0.0,0.0,
2019-06-17,100000.0,0.0,0.0,0.0,
2019-06-18,100000.0,0.0,0.0,0.0,
2019-06-19,100000.0,0.0,0.0,0.0,
2019-06-20,100000.0,0.0,0.0,0.0,
2019-06-21,100000.0,0.0,0.0,0.0,
2019-06-24,100000.0,0.0,0.0,0.0,
2019-06-25,100000.0,0.0,0.0,0.0,
2019-06-26,100000.0,0.0,0.0,0.0,
2019-06-27,100000.0,0.0,0.0,0.0,
2019-06-28,100000.0,0.0,0.0,0.0,
2019-07-01,100000.0,0.0,0.0,0.0,
2019-07-02,100000.0,0.0,0.0,0.0,
2019-07-03,100000.0,0.0,0.0,0.0,
2019-07-05,100000.0,0.0,0.0,0.0,
2019-07-08,100000.0,0.0,0.0,0.0,
2019-07-09,100000.0,0.0,0.0,0.0,
2019-07-10,100000.0,0.0,0.0,0.0,1.1310547613176565
2019-07-11,100000.0,0.0,0.0,0.0,1.1307002741983523
2019-07-12,100000.0,0.0,0.0,0.0,1.2442559329546705
2019-07-15,100000.0,0.0,0.0,0.0,1.093074715158178
2019-07-16,100000.0,0.0,0.0,0.0,0.6802147831850611
2019-07-17,100000.0,0.0,0.0,0.0,0.46815432017377734
2019-07-18,100000.0,0.0,0.0,0.0,0.4744220367395709
2019-07-19,100000.0,0.0,0.0,0.0,0.6168246892552518
2019-07-22,100000.0,0.0,0.0,0.0,0.7352753561675478
2019-07-23,100000.0,0.0,0.0,0.0,0.9432240616369691
2019-07-24,100000.0,0.0,0.0,0.0,1.1286773940998458
2019-07-25,100000.0,0.0,0.0,0.0,0.854182603794005
2019-07-26,100000.0,0.0,0.0,0.0,0.36384274461740146
2019-07-29,100000.0,0.0,0.0,0.0,0.6029993201923464
2019-07-30,100000.0,0.0,0.0,0.0,0.6321641065931098
2019-07-31,100000.0,0.0,0.0,0.0,0.11236571372672768
2019-08-01,100000.0,0.0,0.0,0.0,-0.8946544625481496
2019-08-02,100000.0,0.0,0.0,0.0,-1.036605780522342
2019-08-05,100000.0,0.0,0.0,0.0,-1.8244389481744474
2019-08-06,100000.0,0.0,0.0,0.0,-1.4566585721865384
2019-08-07,100000.0,0.0,0.0,0.0,-1.580201316893263
2019-08-08,100000.0,0.0,0.0,0.0,-0.1734755228733682
2019-08-09,100000.0,0.0,0.0,0.0,-0.7080054877240431
2019-08-12,100000.0,0.0,0.0,0.0,-0.9679058254310707
2019-08-13,100000.0,0.0,0.0,0.0,-0.5717360764011964
2019-08-14,100000.0,0.0,0.0,0.0,-2.261667346902586
2019-08-15,100000.0,0.0,0.0,0.0,-2.423892738640379
2019-08-16,99950.0,-0.0004999999999999449,1.0005002501250626,1.0005002501250626,-2.0928651391874533
2019-08-19,101386.4292390878,0.014371478129942883,1.0004931626488403,1.0004931626488403,-1.4836920388190125
2019-08-20,100514.36057721503,-0.008601433825194404,1.000497441357761,1.000497441357761,-1.7833368791348696
2019-08-21,101843.42353280964,0.013222617623614319,1.0004909497173757,1.0004909497173757,-1.2351351448594652
2019-08-22,101681.14787776815,-0.0015933837395912809,1.00049173323712,1.00049173323712,-1.261535943652076
2019-08-23,99172.67955817265,-0.02466994494014718,1.0005041711106604,1.0005041711106604,-2.1240368604680735
2019-08-26,99672.0337551528,0.0050351992020871705,1.0005016452270137,1.0005016452270137,-1.8608659514441177
2019-08-27,99370.30922611803,-0.0030271733972637715,1.0005031684050236,1.0005031684050236,-1.8913468201018722
2019-08-28,100180.69454397501,0.008155205756811501,1.0004990981568616,1.0004990981568616,-1.5509886452759842
2019-08-29,100959.04928919757,0.007769508374499301,1.0004952503054656,1.0004952503054656,-1.2464399845881162
2019-08-30,101095.60415120967,0.0013525767424862334,1.0004945813462396,1.0004945813462396,-1.168486653610354
2019-09-03,100341.19615162257,-0.007462322480992545,1.00049829982019,1.00049829982019,-1.380252577991415
2019-09-04,101268.33465532842,0.009239858993756345,1.0004937377529728,1.0004937377529728,-1.044399409483003
2019-09-05,102004.20267033423,0.0072665164042675645,1.000490175881886,1.000490175881886,-0.7970157185687147
2019-09-06,102696.19835629319,0.006783991912523435,1.0004868729398,1.0004868729398,-0.5675508887111161
2019-09-09,103615.2928525314,0.008949644786747868,1.0004825542506661,1.0004825542506661,-0.27623111334852457
2019-09-10,105276.04622973519,0.016028072029554696,1.0004749418485084,1.0004749418485084,0.23999042868775308
2019-09-11,104835.79375806665,-0.004181886454092454,0.0,0.0,0.09709010651856526
2019-09-12,104835.79375806665,0.0,0.0,0.0,0.10581379649462332
2019-09-13,104835.79375806665,0.0,0.0,0.0,0.2174594007121331
2019-09-16,104835.79375806665,0.0,0.0,0.0,0.8650013874136515
2019-09-17,104835.79375806665,0.0,0.0,0.0,0.7045927883895617
2019-09-18,104835.79375806665,0.0,0.0,0.0,0.6825891193850759
2019-09-19,104835.79375806665,0.0,0.0,0.0,0.49547633278635916
2019-09-20,104835.79375806665,0.0,0.0,0.0,0.5659095948810652
2019-09-23,104835.79375806665,0.0,0.0,0.0,0.668586648057526
2019-09-24,104835.79375806665,0.0,0.0,0.0,0.27695968388518016
2019-09-25,104835.79375806665,0.0,0.0,0.0,0.26898627011845144
2019-09-26,104835.79375806665,0.0,0.0,0.0,-0.4071234328041513
2019-09-27,104835.79375806665,0.0,0.0,0.0,-0.5951441072986303
2019-09-30,104835.79375806665,0.0,0.0,0.0,-0.7312112127896305
2019-10-01,104835.79375806665,0.0,0.0,0.0,-1.4735745805989526
2019-10-02,104835.79375806665,0.0,0.0,0.0,-2.382352542833747
2019-10-03,104835.79375806665,0.0,0.0,0.0,-1.99142410425073
2019-10-04,104835.79375806665,0.0,0.0,0.0,-1.636647564577966
2019-10-07,104835.79375806665,0.0,0.0,0.0,-1.832253648273816
2019-10-08,104835.79375806665,0.0,0.0,0.0,-2.222922945243305
2019-10-09,104835.79375806665,0.0,0.0,0.0,-1.7802930692498793
2019-10-10,104835.79375806665,0.0,0.0,0.0,-1.3636308564915671
2019-10-11,104835.79375806665,0.0,0.0,0.0,-0.9620859199579399
2019-10-14,104835.79375806665,0.0,0.0,0.0,-0.9002735896361337
2019-10-15,104835.79375806665,0.0,0.0,0.0,-0.817293172962901
2019-10-16,104835.79375806665,0.0,0.0,0.0,-1.1726362288562895
2019-10-17,104835.79375806665,0.0,0.0,0.0,-1.1156966649935076
2019-10-18,104835.79375806665,0.0,0.0,0.0,-1.2658227154860084
2019-10-21,104835.79375806665,0.0,0.0,0.0,-0.7537195168711001
2019-10-22,104835.79375806665,0.0,0.0,0.0,-0.4792593606618733
2019-10-23,104835.79375806665,0.0,0.0,0.0,-0.31919349474514513
2019-10-24,104835.79375806665,0.0,0.0,0.0,-0.4762600547600211
2019-10-25,104835.79375806665,0.0,0.0,0.0,-0.23754653401334686
2019-10-28,104835.79375806665,0.0,0.0,0.0,-0.3574698430922046
2019-10-29,104835.79375806665,0.0,0.0,0.0,-0.4355791344282068
2019-10-30,104835.79375806665,0.0,0.0,0.0,-0.8675274330172988
2019-10-31,104835.79375806665,0.0,0.0,0.0,-0.9130837162375849
2019-11-01,104835.79375806665,0.0,0.0,0.0,-0.5045448411516127
2019-11-04,104835.79375806665,0.0,0.0,0.0,0.9343352011218677
2019-11-05,104835.79375806665,0.0,0.0,0.0,1.2914624639660341
2019-11-06,104835.79375806665,0.0,0.0,0.0,0.6188077015127758
2019-11-07,104835.79375806665,0.0,0.0,0.0,1.3188050295891247
2019-11-08,104835.79375806665,0.0,0.0,0.0,0.8933993082457462
2019-11-11,104835.79375806665,0.0,0.0,0.0,0.8007138795296934
2019-11-12,104835.79375806665,0.0,0.0,0.0,0.634133853360536
2019-11-13,104835.79375806665,0.0,0.0,0.0,0.7799596121232422
2019-11-14,104835.79375806665,0.0,0.0,0.0,0.6392638735052217
2019-11-15,104835.79375806665,0.0,0.0,0.0,0.7407798907010027
2019-11-18,104835.79375806665,0.0,0.0,0.0,0.16981255394496306
2019-11-19,104835.79375806665,0.0,0.0,0.0,-0.39628334175579105
2019-11-20,104835.79375806665,0.0,0.0,0.0,-0.15353831390390965
2019-11-21,104835.79375806665,0.0,0.0,0.0,0.48323813633842516
2019-11-22,104835.79375806665,0.0,0.0,0.0,0.3985364099908626
2019-11-25,104835.79375806665,0.0,0.0,0.0,0.23776335174470062
2019-11-26,104835.79375806665,0.0,0.0,0.0,0.06203080613965732
2019-11-27,104835.79375806665,0.0,0.0,0.0,0.1002748447024056
2019-11-29,104835.79375806665,0.0,0.0,0.0,-0.22435987717346587
2019-12-02,104835.79375806665,0.0,0.0,0.0,-0.24119306844620678
2019-12-03,104835.79375806665,0.0,0.0,0.0,-0.5484264144271869
2019-12-04,104835.79375806665,0.0,0.0,0.0,-0.1570257737356654
2019-12-05,104835.79375806665,0.0,0.0,0.0,-0.3559969853793712
2019-12-06,104835.79375806665,0.0,0.0,0.0,0.2286535909240873
2019-12-09,104835.79375806665,0.0,0.0,0.0,0.08767188638642154
2019-12-10,104835.79375806665,0.0,0.0,0.0,0.07665034195857978
2019-12-11,104835.79375806665,0.0,0.0,0.0,-0.32096957716848823
2019-12-12,104835.79375806665,0.0,0.0,0.0,0.5375407683335243
2019-12-13,104835.79375806665,0.0,0.0,0.0,0.09769352801784768
2019-12-16,104835.79375806665,0.0,0.0,0.0,0.5606827709404756
2019-12-17,104835.79375806665,0.0,0.0,0.0,0.31573462775235117
2019-12-18,104835.79375806665,0.0,0.0,0.0,0.3414990722330545
2019-12-19,104835.79375806665,0.0,0.0,0.0,0.14848236067443765
2019-12-20,104835.79375806665,0.0,0.0,0.0,0.621644929155784
2019-12-23,104835.79375806665,0.0,0.0,0.0,0.8438449269955118
2019-12-24,104835.79375806665,0.0,0.0,0.0,0.7927701094438848
2019-12-26,104835.79375806665,0.0,0.0,0.0,0.881855343759138
2019-12-27,104835.79375806665,0.0,0.0,0.0,0.798527969731913
2019-12-30,104835.79375806665,0.0,0.0,0.0,0.6354926168669696
2019-12-31,104835.79375806665,0.0,0.0,0.0,0.8917745644282199
2020-01-02,104835.79375806665,0.0,0.0,0.0,1.3863058827937553
2020-01-03,104835.79375806665,0.0,0.0,0.0,1.1808088412419637
2020-01-06,104835.79375806665,0.0,0.0,0.0,1.2450156296779873
2020-01-07,104835.79375806665,0.0,0.0,0.0,0.7431012103716143
2020-01-08,104835.79375806665,0.0,0.0,0.0,-0.335561433239772
2020-01-09,104835.79375806665,0.0,0.0,0.0,-0.2852048839446168
2020-01-10,104835.79375806665,0.0,0.0,0.0,-0.61688657392505
2020-01-13,104835.79375806665,0.0,0.0,0.0,-0.4613844593046546
2020-01-14,104835.79375806665,0.0,0.0,0.0,-0.6453401737709181
2020-01-15,104835.79375806665,0.0,0.0,0.0,-0.7126330844593568
2020-01-16,104835.79375806665,0.0,0.0,0.0,-0.5988066186233247
2020-01-17,104835.79375806665,0.0,0.0,0.0,-0.9249491776330403
2020-01-21,104835.79375806665,0.0,0.0,0.0,-1.5794563405012496
2020-01-22,104783.37586118761,-0.000500000000000056,1.0005002501250624,1.0005002501250624,-1.709983558699921
2020-01-23,104700.19074084185,-0.0007938770788981087,1.000500647577699,1.000500647577699,-1.7101933474054194
2020-01-24,103686.10402277394,-0.009685624361258416,1.0005055440878317,1.0005055440878317,-2.0216798414564305
2020-01-27,101975.6607846332,-0.01649635941345673,1.000514023605983,1.000514023605983,-2.5463131912320964
2020-01-28,102391.90873663868,0.004081836281351281,1.0005119339753088,1.0005119339753088,-2.345630731677586
2020-01-29,101648.76412811631,-0.007257845055255396,1.0005156766767271,1.0005156766767271,-2.5263047736585906
2020-01-30,102638.62675333262,0.009738068472418426,1.0005107034119327,1.0005107034119327,-2.1505223002957545
2020-01-31,98615.68872774213,-0.03919516611673546,1.0005315370967365,1.0005315370967365,-3.3361934991894184
2020-02-03,97379.03881333885,-0.012540093065895652,1.0005382872691881,1.0005382872691881,-3.5720025544979626
2020-02-04,97311.31341507674,-0.0006954823038654023,0.0,0.0,-3.4286478191510072
2020-02-05,97311.31341507674,0.0,0.0,0.0,-2.3079552119801288
2020-02-06,97311.31341507674,0.0,0.0,0.0,-2.5220632899135187
2020-02-07,97311.31341507674,0.0,0.0,0.0,-2.6170139917510857
2020-02-10,97311.31341507674,0.0,0.0,0.0,-2.4993402510596576
2020-02-11,97311.31341507674,0.0,0.0,0.0,-2.1255627996695954
2020-02-12,97311.31341507674,0.0,0.0,0.0,-1.8434196978246962
2020-02-13,97311.31341507674,0.0,0.0,0.0,-1.9248010299891878
2020-02-14,97311.31341507674,0.0,0.0,0.0,-1.981356424962337
2020-02-18,97311.31341507674,0.0,0.0,0.0,-2.0270657154301848
2020-02-19,97311.31341507674,0.0,0.0,0.0,-1.8459315615621559
2020-02-20,97311.31341507674,0.0,0.0,0.0,-2.0320133058055116
2020-02-21,97311.31341507674,0.0,0.0,0.0,-2.224283663804676
2020-02-24,97311.31341507674,0.0,0.0,0.0,-3.2318299783268674
2020-02-25,97311.31341507674,0.0,0.0,0.0,-4.012833641589841
2020-02-26,97311.31341507674,0.0,0.0,0.0,-4.348329618226313
2020-02-27,97311.31341507674,0.0,0.0,0.0,-5.0021997042095805
2020-02-28,97311.31341507674,0.0,0.0,0.0,-4.5621460551388
2020-03-02,97311.31341507674,0.0,0.0,0.0,-3.6179824257353657
2020-03-03,97311.31341507674,0.0,0.0,0.0,-3.989908132290817
2020-03-04,97311.31341507674,0.0,0.0,0.0,-3.19751682985999
2020-03-05,97311.31341507674,0.0,0.0,0.0,-3.466509718400381
2020-03-06,97311.31341507674,0.0,0.0,0.0,-3.7697020915267565
2020-03-09,97311.31341507674,0.0,0.0,0.0,-5.642331175521591
2020-03-10,97311.31341507674,0.0,0.0,0.0,-4.58362231664896
2020-03-11,97311.31341507674,0.0,0.0,0.0,-4.586788810211133
2020-03-12,97311.31341507674,0.0,0.0,0.0,-5.269344777760136
2020-03-13,97311.31341507674,0.0,0.0,0.0,-4.178344935186388
2020-03-16,97311.31341507674,0.0,0.0,0.0,-5.310403581929732
2020-03-17,97311.31341507674,0.0,0.0,0.0,-4.62235318051109
2020-03-18,97311.31341507674,0.0,0.0,0.0,-5.765773688123858
2020-03-19,97311.31341507674,0.0,0.0,0.0,-4.950774237744705
2020-03-20,97311.31341507674,0.0,0.0,0.0,-4.532530887217663
2020-03-23,97311.31341507674,0.0,0.0,0.0,-4.669938939457171
2020-03-24,97311.31341507674,0.0,0.0,0.0,-3.3427398810572493
2020-03-25,97311.31341507674,0.0,0.0,0.0,-2.958120701433334
2020-03-26,97311.31341507674,0.0,0.0,0.0,-2.4024054910690222
2020-03-27,97311.31341507674,0.0,0.0,0.0,-2.838502133662315
2020-03-30,97311.31341507674,0.0,0.0,0.0,-2.555159303650395
2020-03-31,97311.31341507674,0.0,0.0,0.0,-2.4389845865804762
2020-04-01,97311.31341507674,0.0,0.0,0.0,-2.5993704505885065
2020-04-02,97311.31341507674,0.0,0.0,0.0,-2.027472363982983
2020-04-03,97311.31341507674,0.0,0.0,0.0,-2.0858298145503724
2020-04-06,97311.31341507674,0.0,0.0,0.0,-1.7485467668242318
2020-04-07,97311.31341507674,0.0,0.0,0.0,-1.6643997399746684
2020-04-08,97311.31341507674,0.0,0.0,0.0,-1.3204063257356276
2020-04-09,97311.31341507674,0.0,0.0,0.0,-1.4001871996359683
2020-04-13,97311.31341507674,0.0,0.0,0.0,-1.370320106908518
2020-04-14,97311.31341507674,0.0,0.0,0.0,-1.377000273273285
2020-04-15,97311.31341507674,0.0,0.0,0.0,-1.5231640217376978
2020-04-16,97311.31341507674,0.0,0.0,0.0,-1.6603027817226566
2020-04-17,97311.31341507674,0.0,0.0,0.0,-1.1802922688808613
2020-04-20,97311.31341507674,0.0,0.0,0.0,-1.3877473222227528
2020-04-21,97311.31341507674,0.0,0.0,0.0,-1.4563967420214616
2020-04-22,97311.31341507674,0.0,0.0,0.0,-1.2768513930516454
2020-04-23,97311.31341507674,0.0,0.0,0.0,-1.1178303449374234
2020-04-24,97311.31341507674,0.0,0.0,0.0,-1.0854290977191932
2020-04-27,97311.31341507674,0.0,0.0,0.0,-0.9610091732562609
2020-04-28,97311.31341507674,0.0,0.0,0.0,-0.9048477531318959
2020-04-29,97311.31341507674,0.0,0.0,0.0,-0.6351828310984655
2020-04-30,97311.31341507674,0.0,0.0,0.0,-0.7554061473165304
2020-05-01,97311.31341507674,0.0,0.0,0.0,-0.9593131203187012
2020-05-04,97311.31341507674,0.0,0.0,0.0,-0.8096711234148354
2020-05-05,97311.31341507674,0.0,0.0,0.0,-0.7477505706870304
2020-05-06,97311.31341507674,0.0,0.0,0.0,-0.8733613859414106
2020-05-07,97311.31341507674,0.0,0.0,0.0,-0.7571513683349124
2020-05-08,97311.31341507674,0.0,0.0,0.0,-0.5762805596864203
2020-05-11,97311.31341507674,0.0,0.0,0.0,-0.6589694046864928
2020-05-12,97311.31341507674,0.0,0.0,0.0,-0.7607765571653171
2020-05-13,97311.31341507674,0.0,0.0,0.0,-0.9232824642795256
2020-05-14,97311.31341507674,0.0,0.0,0.0,-0.8464840833851843
2020-05-15,97311.31341507674,0.0,0.0,0.0,-0.881054654615314
2020-05-18,97311.31341507674,0.0,0.0,0.0,-0.5715926703591891
2020-05-19,97311.31341507674,0.0,0.0,0.0,-0.7242305338047452
2020-05-20,97311.31341507674,0.0,0.0,0.0,-0.5383814036198781
2020-05-21,97311.31341507674,0.0,0.0,0.0,-0.5953444678745899
2020-05-22,97311.31341507674,0.0,0.0,0.0,-0.6520854949039115
2020-05-26,97311.31341507674,0.0,0.0,0.0,-0.48596477872628996
2020-05-27,97311.31341507674,0.0,0.0,0.0,-0.4459594047760873
2020-05-28,97311.31341507674,0.0,0.0,0.0,-0.5932727524060786
2020-05-29,97311.31341507674,0.0,0.0,0.0,-0.5389641670384944
2020-06-01,97311.31341507674,0.0,0.0,0.0,-0.46253722815556053
2020-06-02,97311.31341507674,0.0,0.0,0.0,-0.3504722464602158
2020-06-03,97311.31341507674,0.0,0.0,0.0,-0.1906206463252208
2020-06-04,97311.31341507674,0.0,0.0,0.0,-0.22166823292383928
2020-06-05,97311.31341507674,0.0,0.0,0.0,0.06833933916854866
2020-06-08,97311.31341507674,0.0,0.0,0.0,0.20519257577106323
2020-06-09,97311.31341507674,0.0,0.0,0.0,0.11532148840736567
2020-06-10,97311.31341507674,0.0,0.0,0.0,-0.10694172876211071
2020-06-11,97311.31341507674,0.0,0.0,0.0,-0.5567753028784462
2020-06-12,97311.31341507674,0.0,0.0,0.0,-0.3984404238245251
2020-06-15,97311.31341507674,0.0,0.0,0.0,-0.4361215405424997
2020-06-16,97311.31341507674,0.0,0.0,0.0,-0.2866431041187502
2020-06-17,97311.31341507674,0.0,0.0,0.0,-0.4283966933116069
2020-06-18,97311.31341507674,0.0,0.0,0.0,-0.3956980682761944
2020-06-19,97311.31341507674,0.0,0.0,0.0,-0.47207050035798354
2020-06-22,97311.31341507674,0.0,0.0,0.0,-0.4107945789257785
2020-06-23,97311.31341507674,0.0,0.0,0.0,-0.39820227993233953
2020-06-24,97311.31341507674,0.0,0.0,0.0,-0.6206683115635179
2020-06-25,97311.31341507674,0.0,0.0,0.0,-0.5233277671115476
2020-06-26,97311.31341507674,0.0,0.0,0.0,-0.6843878694016038
2020-06-29,97311.31341507674,0.0,0.0,0.0,-0.5984068547792187
2020-06-30,97311.31341507674,0.0,0.0,0.0,-0.5109293804616989
2020-07-01,97311.31341507674,0.0,0.0,0.0,-0.6061244849420708
2020-07-02,97311.31341507674,0.0,0.0,0.0,-0.554267274675272
2020-07-06,97311.31341507674,0.0,0.0,0.0,-0.5226077580349635
2020-07-07,97311.31341507674,0.0,0.0,0.0,-0.6524093450618311
2020-07-08,97311.31341507674,0.0,0.0,0.0,-0.6453036684881589
2020-07-09,97311.31341507674,0.0,0.0,0.0,
2020-07-10,97311.31341507674,0.0,0.0,0.0,
2020-07-13,97311.31341507674,0.0,0.0,0.0,
2020-07-14,97311.31341507674,0.0,0.0,0.0,
2020-07-15,97311.31341507674,0.0,0.0,0.0,
2020-07-16,97311.31341507674,0.0,0.0,0.0,
2020-07-17,97311.31341507674,0.0,0.0,0.0,
2020-07-20,97311.31341507674,0.0,0.0,0.0,
2020-07-21,97311.31341507674,0.0,0.0,0.0,
2020-07-22,97311.31341507674,0.0,0.0,0.0,
2020-07-23,97311.31341507674,0.0,0.0,0.0,
2020-07-24,97311.31341507674,0.0,0.0,0.0,
2020-07-27,97311.31341507674,0.0,0.0,0.0,
2020-07-28,97311.31341507674,0.0,0.0,0.0,
2020-07-29,97311.31341507674,0.0,0.0,0.0,
2020-07-30,97311.31341507674,0.0,0.0,0.0,
2020-07-31,97311.31341507674,0.0,0.0,0.0,
2020-08-03,97311.31341507674,0.0,0.0,0.0,
2020-08-04,97311.31341507674,0.0,0.0,0.0,
2020-08-05,97311.31341507674,0.0,0.0,0.0,
2020-08-06,97311.31341507674,0.0,0.0,0.0,
2020-08-07,97311.31341507674,0.0,0.0,0.0,
2020-08-10,97311.31341507674,0.0,0.0,0.0,
2020-08-11,97311.31341507674,0.0,0.0,0.0,
2020-08-12,97311.31341507674,0.0,0.0,0.0,
2020-08-13,97311.31341507674,0.0,0.0,0.0,
2020-08-14,97311.31341507674,0.0,0.0,0.0,
2020-08-17,97311.31341507674,0.0,0.0,0.0,
2020-08-18,97311.31341507674,0.0,0.0,0.0,
2020-08-19,97311.31341507674,0.0,0.0,0.0,
2020-08-20,97311.31341507674,0.0,0.0,0.0,
2020-08-21,97311.31341507674,0.0,0.0,0.0,
2020-08-24,97311.31341507674,0.0,0.0,0.0,
2020-08-25,97311.31341507674,0.0,0.0,0.0,
2020-08-26,97311.31341507674,0.0,0.0,0.0,
2020-08-27,97311.31341507674,0.0,0.0,0.0,
2020-08-28,97311.31341507674,0.0,0.0,0.0,
2020-08-31,97311.31341507674,0.0,0.0,0.0,
2020-09-01,97311.31341507674,0.0,0.0,0.0,
2020-09-02,97311.31341507674,0.0,0.0,0.0,
2020-09-03,97311.31341507674,0.0,0.0,0.0,
2020-09-04,97311.31341507674,0.0,0.0,0.0,
2020-09-08,97311.31341507674,0.0,0.0,0.0,
2020-09-09,97311.31341507674,0.0,0.0,0.0,
2020-09-10,97311.31341507674,0.0,0.0,0.0,
2020-09-11,97311.31341507674,0.0,0.0,0.0,
2020-09-14,97311.31341507674,0.0,0.0,0.0,
2020-09-15,97311.31341507674,0.0,0.0,0.0,
2020-09-16,97311.31341507674,0.0,0.0,0.0,
2020-09-17,97311.31341507674,0.0,0.0,0.0,
2020-09-18,97311.31341507674,0.0,0.0,0.0,
2020-09-21,97311.31341507674,0.0,0.0,0.0,
2020-09-22,97311.31341507674,0.0,0.0,0.0,
2020-09-23,97311.31341507674,0.0,0.0,0.0,
2020-09-24,97311.31341507674,0.0,0.0,0.0,
2020-09-25,97311.31341507674,0.0,0.0,0.0,
2020-09-28,97311.31341507674,0.0,0.0,0.0,
2020-09-29,97311.31341507674,0.0,0.0,0.0,
2020-09-30,97311.31341507674,0.0,0.0,0.0,
2020-10-01,97311.31341507674,0.0,0.0,0.0,
2020-10-02,97311.31341507674,0.0,0.0,0.0,
2020-10-05,97311.31341507674,0.0,0.0,0.0,
2020-10-06,97311.31341507674,0.0,0.0,0.0,
2020-10-07,97311.31341507674,0.0,0.0,0.0,
2020-10-08,97311.31341507674,0.0,0.0,0.0,
2020-10-09,97311.31341507674,0.0,0.0,0.0,
2020-10-12,97311.31341507674,0.0,0.0,0.0,
2020-10-13,97311.31341507674,0.0,0.0,0.0,
2020-10-14,97311.31341507674,0.0,0.0,0.0,
2020-10-15,97311.31341507674,0.0,0.0,0.0,
2020-10-16,97311.31341507674,0.0,0.0,0.0,
2020-10-19,97311.31341507674,0.0,0.0,0.0,
2020-10-20,97311.31341507674,0.0,0.0,0.0,
2020-10-21,97311.31341507674,0.0,0.0,0.0,
2020-10-22,97311.31341507674,0.0,0.0,0.0,
2020-10-23,97311.31341507674,0.0,0.0,0.0,
2020-10-26,97311.31341507674,0.0,0.0,0.0,
2020-10-27,97311.31341507674,0.0,0.0,0.0,
2020-10-28,97311.31341507674,0.0,0.0,0.0,
2020-10-29,97311.31341507674,0.0,0.0,0.0,
2020-10-30,97311.31341507674,0.0,0.0,0.0,
2020-11-02,97311.31341507674,0.0,0.0,0.0,
2020-11-03,97311.31341507674,0.0,0.0,0.0,
2020-11-04,97311.31341507674,0.0,0.0,0.0,
2020-11-05,97311.31341507674,0.0,0.0,0.0,
2020-11-06,97311.31341507674,0.0,0.0,0.0,
2020-11-09,97311.31341507674,0.0,0.0,0.0,
2020-11-10,97311.31341507674,0.0,0.0,0.0,
2020-11-11,97311.31341507674,0.0,0.0,0.0,
2020-11-12,97311.31341507674,0.0,0.0,0.0,
2020-11-13,97311.31341507674,0.0,0.0,0.0,
2020-11-16,97311.31341507674,0.0,0.0,0.0,
2020-11-17,97311.31341507674,0.0,0.0,0.0,
2020-11-18,97311.31341507674,0.0,0.0,0.0,
2020-11-19,97311.31341507674,0.0,0.0,0.0,
2020-11-20,97311.31341507674,0.0,0.0,0.0,
2020-11-23,97311.31341507674,0.0,0.0,0.0,
2020-11-24,97311.31341507674,0.0,0.0,0.0,
2020-11-25,97311.31341507674,0.0,0.0,0.0,
2020-11-27,97311.31341507674,0.0,0.0,0.0,
2020-11-30,97311.31341507674,0.0,0.0,0.0,
2020-12-01,97311.31341507674,0.0,0.0,0.0,
2020-12-02,97311.31341507674,0.0,0.0,0.0,
2020-12-03,97311.31341507674,0.0,0.0,0.0,
2020-12-04,97311.31341507674,0.0,0.0,0.0,
2020-12-07,97311.31341507674,0.0,0.0,0.0,
2020-12-08,97311.31341507674,0.0,0.0,0.0,
2020-12-09,97311.31341507674,0.0,0.0,0.0,
2020-12-10,97311.31341507674,0.0,0.0,0.0,
2020-12-11,97311.31341507674,0.0,0.0,0.0,
2020-12-14,97311.31341507674,0.0,0.0,0.0,
2020-12-15,97311.31341507674,0.0,0.0,0.0,
2020-12-16,97311.31341507674,0.0,0.0,0.0,
2020-12-17,97311.31341507674,0.0,0.0,0.0,
2020-12-18,97311.31341507674,0.0,0.0,0.0,
2020-12-21,97311.31341507674,0.0,0.0,0.0,
2020-12-22,97311.31341507674,0.0,0.0,0.0,
2020-12-23,97311.31341507674,0.0,0.0,0.0,
2020-12-24,97311.31341507674,0.0,0.0,0.0,
2020-12-28,97311.31341507674,0.0,0.0,0.0,
2020-12-29,97311.31341507674,0.0,0.0,0.0,
2020-12-30,97311.31341507674,0.0,0.0,0.0,
2020-12-31,97311.31341507674,0.0,0.0,0.0,
2021-01-04,97311.31341507674,0.0,0.0,0.0,
2021-01-05,97311.31341507674,0.0,0.0,0.0,
2021-01-06,97311.31341507674,0.0,0.0,0.0,
2021-01-07,97311.31341507674,0.0,0.0,0.0,
2021-01-08,97311.31341507674,0.0,0.0,0.0,
2021-01-11,97311.31341507674,0.0,0.0,0.0,
2021-01-12,97311.31341507674,0.0,0.0,0.0,
2021-01-13,97311.31341507674,0.0,0.0,0.0,
2021-01-14,97311.31341507674,0.0,0.0,0.0,
2021-01-15,97311.31341507674,0.0,0.0,0.0,
2021-01-19,97311.31341507674,0.0,0.0,0.0,
2021-01-20,97311.31341507674,0.0,0.0,0.0,
2021-01-21,97311.31341507674,0.0,0.0,0.0,
2021-01-22,97311.31341507674,0.0,0.0,0.0,
2021-01-25,97311.31341507674,0.0,0.0,0.0,
2021-01-26,97311.31341507674,0.0,0.0,0.0,
2021-01-27,97311.31341507674,0.0,0.0,0.0,
2021-01-28,97311.31341507674,0.0,0.0,0.0,
2021-01-29,97311.31341507674,0.0,0.0,0.0,
2021-02-01,97311.31341507674,0.0,0.0,0.0,
2021-02-02,97311.31341507674,0.0,0.0,0.0,
2021-02-03,97311.31341507674,0.0,0.0,0.0,
2021-02-04,97311.31341507674,0.0,0.0,0.0,
2021-02-05,97311.31341507674,0.0,0.0,0.0,
2021-02-08,97311.31341507674,0.0,0.0,0.0,
2021-02-09,97311.31341507674,0.0,0.0,0.0,
2021-02-10,97311.31341507674,0.0,0.0,0.0,
2021-02-11,97311.31341507674,0.0,0.0,0.0,
2021-02-12,97311.31341507674,0.0,0.0,0.0,
2021-02-16,97311.31341507674,0.0,0.0,0.0,
2021-02-17,97311.31341507674,0.0,0.0,0.0,
2021-02-18,97311.31341507674,0.0,0.0,0.0,
2021-02-19,97311.31341507674,0.0,0.0,0.0,
2021-02-22,97311.31341507674,0.0,0.0,0.0,
2021-02-23,97311.31341507674,0.0,0.0,0.0,
2021-02-24,97311.31341507674,0.0,0.0,0.0,
2021-02-25,97311.31341507674,0.0,0.0,0.0,
2021-02-26,97311.31341507674,0.0,0.0,0.0,
2021-03-01,97311.31341507674,0.0,0.0,0.0,
2021-03-02,97311.31341507674,0.0,0.0,0.0,
2021-03-03,97311.31341507674,0.0,0.0,0.0,
2021-03-04,97311.31341507674,0.0,0.0,0.0,
2021-03-05,97311.31341507674,0.0,0.0,0.0,
2021-03-08,97311.31341507674,0.0,0.0,0.0,
2021-03-09,97311.31341507674,0.0,0.0,0.0,
2021-03-10,97311.31341507674,0.0,0.0,0.0,
2021-03-11,97311.31341507674,0.0,0.0,0.0,
2021-03-12,97311.31341507674,0.0,0.0,0.0,
2021-03-15,97311.31341507674,0.0,0.0,0.0,
2021-03-16,97311.31341507674,0.0,0.0,0.0,
2021-03-17,97311.31341507674,0.0,0.0,0.0,
2021-03-18,97311.31341507674,0.0,0.0,0.0,
2021-03-19,97311.31341507674,0.0,0.0,0.0,
2021-03-22,97311.31341507674,0.0,0.0,0.0,
2021-03-23,97311.31341507674,0.0,0.0,0.0,
2021-03-24,97311.31341507674,0.0,0.0,0.0,
2021-03-25,97311.31341507674,0.0,0.0,0.0,
2021-03-26,97311.31341507674,0.0,0.0,0.0,
2021-03-29,97311.31341507674,0.0,0.0,0.0,
2021-03-30,97311.31341507674,0.0,0.0,0.0,
2021-03-31,97311.31341507674,0.0,0.0,0.0,
2021-04-01,97311.31341507674,0.0,0.0,0.0,
2021-04-05,97311.31341507674,0.0,0.0,0.0,
2021-04-06,97311.31341507674,0.0,0.0,0.0,
2021-04-07,97311.31341507674,0.0,0.0,0.0,
2021-04-08,97311.31341507674,0.0,0.0,0.0,
2021-04-09,97311.31341507674,0.0,0.0,0.0,
2021-04-12,97311.31341507674,0.0,0.0,0.0,
2021-04-13,97311.31341507674,0.0,0.0,0.0,
2021-04-14,97311.31341507674,0.0,0.0,0.0,
2021-04-15,97311.31341507674,0.0,0.0,0.0,
2021-04-16,97311.31341507674,0.0,0.0,0.0,
2021-04-19,97311.31341507674,0.0,0.0,0.0,
2021-04-20,97311.31341507674,0.0,0.0,0.0,
2021-04-21,97311.31341507674,0.0,0.0,0.0,
2021-04-22,97311.31341507674,0.0,0.0,0.0,
2021-04-23,97311.31341507674,0.0,0.0,0.0,
2021-04-26,97311.31341507674,0.0,0.0,0.0,
2021-04-27,97311.31341507674,0.0,0.0,0.0,
2021-04-28,97311.31341507674,0.0,0.0,0.0,
2021-04-29,97311.31341507674,0.0,0.0,0.0,
2021-04-30,97311.31341507674,0.0,0.0,0.0,
2021-05-03,97311.31341507674,0.0,0.0,0.0,
2021-05-04,97311.31341507674,0.0,0.0,0.0,
2021-05-05,97311.31341507674,0.0,0.0,0.0,
2021-05-06,97311.31341507674,0.0,0.0,0.0,
2021-05-07,97311.31341507674,0.0,0.0,0.0,
2021-05-10,97311.31341507674,0.0,0.0,0.0,
2021-05-11,97311.31341507674,0.0,0.0,0.0,
2021-05-12,97311.31341507674,0.0,0.0,0.0,
2021-05-13,97311.31341507674,0.0,0.0,0.0,
2021-05-14,97311.31341507674,0.0,0.0,0.0,
2021-05-17,97311.31341507674,0.0,0.0,0.0,
2021-05-18,97311.31341507674,0.0,0.0,0.0,
2021-05-19,97311.31341507674,0.0,0.0,0.0,
2021-05-20,97311.31341507674,0.0,0.0,0.0,
2021-05-21,97311.31341507674,0.0,0.0,0.0,
2021-05-24,97311.31341507674,0.0,0.0,0.0,
2021-05-25,97311.31341507674,0.0,0.0,0.0,
2021-05-26,97311.31341507674,0.0,0.0,0.0,
2021-05-27,97311.31341507674,0.0,0.0,0.0,
2021-05-28,97311.31341507674,0.0,0.0,0.0,
2021-06-01,97311.31341507674,0.0,0.0,0.0,
2021-06-02,97311.31341507674,0.0,0.0,0.0,
2021-06-03,97311.31341507674,0.0,0.0,0.0,
2021-06-04,97311.31341507674,0.0,0.0,0.0,
2021-06-07,97311.31341507674,0.0,0.0,0.0,
2021-06-08,97311.31341507674,0.0,0.0,0.0,
2021-06-09,97311.31341507674,0.0,0.0,0.0,
2021-06-10,97311.31341507674,0.0,0.0,0.0,
2021-06-11,97311.31341507674,0.0,0.0,0.0,
2021-06-14,97311.31341507674,0.0,0.0,0.0,
2021-06-15,97311.31341507674,0.0,0.0,0.0,
2021-06-16,97311.31341507674,0.0,0.0,0.0,
2021-06-17,97311.31341507674,0.0,0.0,0.0,
2021-06-18,97311.31341507674,0.0,0.0,0.0,
2021-06-21,97311.31341507674,0.0,0.0,0.0,
2021-06-22,97311.31341507674,0.0,0.0,0.0,
2021-06-23,97311.31341507674,0.0,0.0,0.0,
2021-06-24,97311.31341507674,0.0,0.0,0.0,
2021-06-25,97311.31341507674,0.0,0.0,0.0,
2021-06-28,97311.31341507674,0.0,0.0,0.0,
2021-06-29,97311.31341507674,0.0,0.0,0.0,
2021-06-30,97311.31341507674,0.0,0.0,0.0,
2021-07-01,97311.31341507674,0.0,0.0,0.0,
2021-07-02,97311.31341507674,0.0,0.0,0.0,
2021-07-06,97311.31341507674,0.0,0.0,0.0,
2021-07-07,97311.31341507674,0.0,0.0,0.0,
2021-07-08,97311.31341507674,0.0,0.0,0.0,
2021-07-09,97311.31341507674,0.0,0.0,0.0,0.9311183872913472
2021-07-12,97311.31341507674,0.0,0.0,0.0,0.7492448468124139
2021-07-13,97311.31341507674,0.0,0.0,0.0,0.7279782568352076
2021-07-14,97311.31341507674,0.0,0.0,0.0,0.9307409412441615
2021-07-15,97311.31341507674,0.0,0.0,0.0,0.9036462025843047
2021-07-16,97311.31341507674,0.0,0.0,0.0,1.3311463613749848
2021-07-19,97311.31341507674,0.0,0.0,0.0,1.5082740206961536
2021-07-20,97311.31341507674,0.0,0.0,0.0,1.4891312034104713
2021-07-21,97311.31341507674,0.0,0.0,0.0,0.7494678890760059
2021-07-22,97311.31341507674,0.0,0.0,0.0,0.8556311453105404
2021-07-23,97311.31341507674,0.0,0.0,0.0,0.7516688009786345
2021-07-26,97311.31341507674,0.0,0.0,0.0,0.45805653440767935
2021-07-27,97311.31341507674,0.0,0.0,0.0,0.21575483749891872
2021-07-28,97311.31341507674,0.0,0.0,0.0,0.12472207627056846
2021-07-29,97311.31341507674,0.0,0.0,0.0,-0.23118571104271834
2021-07-30,97311.31341507674,0.0,0.0,0.0,-0.7119913307396369
2021-08-02,97311.31341507674,0.0,0.0,0.0,-0.6686414372858194
2021-08-03,97311.31341507674,0.0,0.0,0.0,-0.8761499211712327
2021-08-04,97311.31341507674,0.0,0.0,0.0,-0.475859726583456
2021-08-05,97311.31341507674,0.0,0.0,0.0,-0.9050573363613604
2021-08-06,97311.31341507674,0.0,0.0,0.0,-0.9594376246613165
2021-08-09,97311.31341507674,0.0,0.0,0.0,-0.28052156370106357
2021-08-10,97311.31341507674,0.0,0.0,0.0,-0.8691752407598375
2021-08-11,97311.31341507674,0.0,0.0,0.0,-1.3563895290892827
2021-08-12,97311.31341507674,0.0,0.0,0.0,-1.3693253839598691
2021-08-13,97311.31341507674,0.0,0.0,0.0,-1.4148334622954817
2021-08-16,97311.31341507674,0.0,0.0,0.0,-1.384971783538715
2021-08-17,97311.31341507674,0.0,0.0,0.0,-1.6036047653122607
2021-08-18,97311.31341507674,0.0,0.0,0.0,-0.40191118364287404
2021-08-19,97311.31341507674,0.0,0.0,0.0,0.038324794625887476
2021-08-20,97311.31341507674,0.0,0.0,0.0,0.052994862234710775
2021-08-23,97311.31341507674,0.0,0.0,0.0,0.14066753603802531
2021-08-24,97311.31341507674,0.0,0.0,0.0,-0.37695301672466025
2021-08-25,97311.31341507674,0.0,0.0,0.0,-0.8398131149888313
2021-08-26,97311.31341507674,0.0,0.0,0.0,-0.4159666134679172
2021-08-27,97311.31341507674,0.0,0.0,0.0,-0.5731741242409705
2021-08-30,97311.31341507674,0.0,0.0,0.0,-0.9843760137321598
2021-08-31,97311.31341507674,0.0,0.0,0.0,-0.05725538165873217
2021-09-01,97311.31341507674,0.0,0.0,0.0,0.16236011199828743
2021-09-02,97311.31341507674,0.0,0.0,0.0,-0.32874181209729336
2021-09-03,97311.31341507674,0.0,0.0,0.0,-0.32549757032969145
2021-09-07,97311.31341507674,0.0,0.0,0.0,-0.23490945159869386
2021-09-08,97311.31341507674,0.0,0.0,0.0,-0.11618476176197476
2021-09-09,97311.31341507674,0.0,0.0,0.0,0.3620144498487482
2021-09-10,97311.31341507674,0.0,0.0,0.0,0.154551841626104
2021-09-13,97311.31341507674,0.0,0.0,0.0,-0.14674160750397722
2021-09-14,97311.31341507674,0.0,0.0,0.0,0.811439290963417
2021-09-15,97311.31341507674,0.0,0.0,0.0,0.927553795156967
2021-09-16,97311.31341507674,0.0,0.0,0.0,1.3215747340983024
2021-09-17,97311.31341507674,0.0,0.0,0.0,1.252887425203388
2021-09-20,97311.31341507674,0.0,0.0,0.0,1.6591987162132011
2021-09-21,97311.31341507674,0.0,0.0,0.0,1.521205937356083
2021-09-22,97311.31341507674,0.0,0.0,0.0,0.19716240913827587
2021-09-23,97311.31341507674,0.0,0.0,0.0,-0.172234850020442
2021-09-24,97311.31341507674,0.0,0.0,0.0,-0.097055266988449
2021-09-27,97311.31341507674,0.0,0.0,0.0,-0.6806956342558211
2021-09-28,97311.31341507674,0.0,0.0,0.0,-0.25577084802292555
2021-09-29,97311.31341507674,0.0,0.0,0.0,-0.3060182890613619
2021-09-30,97311.31341507674,0.0,0.0,0.0,0.644851956873197
2021-10-01,97311.31341507674,0.0,0.0,0.0,-0.1462433600819089
2021-10-04,97311.31341507674,0.0,0.0,0.0,0.5273523597372604
2021-10-05,97311.31341507674,0.0,0.0,0.0,-1.2634724353012488
2021-10-06,97311.31341507674,0.0,0.0,0.0,-1.6967823348796869
2021-10-07,97262.65775836921,-0.0004999999999999449,1.0005002501250624,-0.21334634127006602,-2.2587284519302564
2021-10-08,96896.86649356442,-0.0037608602647228873,1.0278388614012024,-0.21791470616542225,-2.760521901888746
2021-10-11,97018.3214839336,0.0012534460067110675,1.017222345152774,-0.21637768374872987,-2.3473577144389477
2021-10-12,96804.0139372663,-0.00220893892400309,1.0175036245668252,-0.21905827091846472,-2.5421889673363585
2021-10-13,96338.0439694868,-0.004813539736910788,1.0250223518343182,-0.22494231193325695,-2.985057550022963
2021-10-14,96353.99335569337,0.00016555646709637273,1.036856728628197,-0.2247271499900545,-2.6496657145258795
2021-10-15,96278.24529994161,-0.0007861433980440591,1.0461811328173072,-0.22567819309660242,-2.5141382128399723
2021-10-18,96286.03456871693,8.090372597724382e-05,1.045609799261487,-0.2255664225545423,-2.2747478225955424
2021-10-19,95682.65111915646,-0.006266572844786156,1.070896266052773,-0.23328226483006648,-2.683897317107269
2021-10-20,95086.75977157247,-0.00622778884796904,1.0885069119537774,-0.24099800005609145,-2.9150230577664056
2021-10-21,95146.64548017202,0.0006298007077265577,1.0717916678121477,-0.24020372933677278,-2.564328197058487
2021-10-22,94824.66651224262,-0.0033840285835038397,1.0845368717262271,-0.2444018047861803,-2.5516571709203566
2021-10-25,95013.124902369,0.0019874405791033833,1.0967278960788045,-0.24192037791565363,-2.17413183358918
2021-10-26,95812.48801535193,0.008413186218265256,1.0988492574204733,-0.2315458729097147,-1.4474533009780208
2021-10-27,95866.0397843006,0.0005589226421101046,1.0751506305110645,-0.2308447275581725,-1.3322589887453515
2021-10-28,95391.8748215847,-0.004946120271399401,1.0878341674461343,-0.23694987410201798,-1.5990288519036888
2021-10-29,94726.3297147975,-0.006976958027421154,1.1046216738407182,-0.24562742164179271,-1.9387386277136465
2021-11-01,95434.75255429209,0.007478626498329755,1.1043267504964995,-0.23636769411458056,-1.3580952756935745
2021-11-02,95313.32551225167,-0.0012723566498623606,1.0962681726260814,-0.23792948138215256,-1.368052723333205
2021-11-03,95208.45616812317,-0.0011002589990947165,1.0867657362020091,-0.23927977401807474,-1.3682417312993098
2021-11-04,95230.83658651507,0.0002350675485418563,1.0926239458405356,-0.23897537590036305,-1.281627468006372
2021-11-05,94927.45932335612,-0.0031857040642853107,1.10740874103552,-0.24292174644888243,-1.4006956652560791
2021-11-08,95138.92356377296,0.0022276403679626355,1.1119976395701934,-0.24014575157472864,-1.1999838599431842
2021-11-09,95066.73401482715,-0.0007587803839027574,1.1220849462818623,-0.24107404009037622,-1.1848151298405687
2021-11-10,95273.81439448796,0.0021782633200433388,1.1001401359881353,-0.2383630359097141,-1.0048771663595009
2021-11-11,95343.69197969447,0.0007334395673210814,1.1001974422490473,-0.23744216806007876,-0.9152655154442131
2021-11-12,94989.96924886278,-0.0037099751801831227,1.101406645340116,-0.24203682361433218,-1.0983995165336145
2021-11-15,93893.72190050596,-0.011540664314615978,1.133420615282366,-0.25652462469883824,-1.7202936975894263
2021-11-16,94051.17295411222,0.0016769071501192556,1.138675081983935,-0.25440731097062436,-1.540083035008012
2021-11-17,93889.6139984294,-0.0017177771484215842,1.1326688196486179,-0.2565519669634435,-1.5860708827437673
2021-11-18,93988.737302894,0.001055743018245403,1.1208798096971009,-0.25521300264723956,-1.4747878643283538
2021-11-19,93542.3761533027,-0.004749091884837631,1.0907849080687442,-0.26118885267833364,-1.7383891808440035
2021-11-22,92948.26479157073,-0.006351253690180969,1.1156947599357068,-0.2692366844158403,-1.9855834865292674
2021-11-23,92632.61846738792,-0.0033959356303275845,1.1452598132943588,-0.2735478314744211,-2.0170875843716103
2021-11-24,92352.27438442748,-0.0030264078420619844,1.1566051748128006,-0.2773996884362858,-2.0391381027068047
2021-11-26,92439.07108814929,0.0009398437049910058,1.123709328002452,-0.2761860467751042,-1.9250235610038866
2021-11-29,92463.12432520345,0.0002602063907719554,1.1278463367813105,-0.27584017715646425,-1.8036202124017302
2021-11-30,92461.39289532455,-1.872562593507876e-05,1.1036629801229028,-0.2758501427875395,-1.7831068397382208
2021-12-01,92863.24088090534,0.00434611650330341,1.0938576889454303,-0.2703155179047107,-1.480111551741587
2021-12-02,92097.18189585343,-0.00824932425128655,1.1319543465952506,-0.2808682822236079,-1.8568305454652203
2021-12-03,92258.95177587049,0.0017565128127372542,1.1227951956473439,-0.2786083741344595,-1.69361532898733
2021-12-06,91687.55893125478,-0.006193359382662633,1.1456361794791323,-0.28656261597026966,-1.9353878969459875
2021-12-07,91155.65565465642,-0.005801259001749215,1.1678238857508143,-0.29405555910993636,-2.1074261078313588
2021-12-08,90969.97193051848,-0.002036996199570984,1.1747652517473979,-0.29668239344516434,-2.068920793903834
2021-12-09,91246.15066832997,0.0030359329782185807,1.1704110730397987,-0.29274311429721156,-1.802238733602711
2021-12-10,91387.63009687258,0.0015505248989284848,1.1726350397713832,-0.290727294071502,-1.6251965278641387
2021-12-13,91893.72905626042,0.005537937233423884,1.141446529629944,-0.28360425678142026,-1.3018727436082411
2021-12-14,91642.75061233016,-0.0027311814038649684,1.146040697397514,-0.28710543780938336,-1.3881878458784211
2021-12-15,91841.70651119793,0.002170994405322979,1.1376174176572644,-0.28430300545021614,-1.2212215383668856
2021-12-16,91294.12034132732,-0.005962282177366163,1.1518257213610736,-0.2919921206913076,-1.4794054859587484
2021-12-17,92153.53500197854,0.009413691237048605,1.113144614900841,-0.2799289412433769,-0.9517092058244033
2021-12-20,91567.59598546334,-0.006358291263624527,1.1144999253380259,-0.2881052695512251,-1.2826932381158702
2021-12-21,91394.950485522,-0.0018854431863510879,1.1372338015142736,-0.29052456556611406,-1.2711295504597409
2021-12-22,91334.11053112209,-0.0006656817917916058,1.145505509640964,-0.2913700428205702,-1.2263053744768229
2021-12-23,91193.78555440642,-0.0015363917806792138,1.1492134462932138,-0.2933428694570217,-1.2443362803498397
2021-12-27,90404.09651814302,-0.008659461074705277,1.180281825273646,-0.30462591571666087,-1.5943305228110842
2021-12-28,90404.79384919979,7.713489583283106e-06,1.1774204544744935,-0.3046011214619111,-1.5316103794478122
2021-12-29,90402.80201065811,-2.203244382159575e-05,1.1698133617796582,-0.30461516272719324,-1.4799677974910306
2021-12-30,90465.0657802851,0.000688737165687181,1.163215334689959,-0.30370262700786077,-1.3838106078588857
2021-12-31,90764.75601247633,0.0033127730534026067,1.1616952596324117,-0.2993835115671489,-1.145537948971816
2022-01-03,91187.14874627917,0.004653708690020464,1.184631170662297,-0.2933501419432689,-0.7818700951701689
2022-01-04,91432.80759443114,0.0026940073412702326,0.0,0.0,-0.5069474359126244
2022-01-05,91432.80759443114,0.0,0.0,0.0,-0.40569180956715595
2022-01-06,91432.80759443114,0.0,0.0,0.0,
2022-01-07,91432.80759443114,0.0,0.0,0.0,
2022-01-10,91432.80759443114,0.0,0.0,0.0,
2022-01-11,91432.80759443114,0.0,0.0,0.0,
2022-01-12,91432.80759443114,0.0,0.0,0.0,
2022-01-13,91432.80759443114,0.0,0.0,0.0,
2022-01-14,91432.80759443114,0.0,0.0,0.0,
2022-01-18,91432.80759443114,0.0,0.0,0.0,
2022-01-19,91432.80759443114,0.0,0.0,0.0,
2022-01-20,91432.80759443114,0.0,0.0,0.0,
2022-01-21,91432.80759443114,0.0,0.0,0.0,
2022-01-24,91432.80759443114,0.0,0.0,0.0,
2022-01-25,91432.80759443114,0.0,0.0,0.0,
2022-01-26,91432.80759443114,0.0,0.0,0.0,
2022-01-27,91432.80759443114,0.0,0.0,0.0,
2022-01-28,91432.80759443114,0.0,0.0,0.0,
2022-01-31,91432.80759443114,0.0,0.0,0.0,
2022-02-01,91432.80759443114,0.0,0.0,0.0,
2022-02-02,91432.80759443114,0.0,0.0,0.0,
2022-02-03,91432.80759443114,0.0,0.0,0.0,
2022-02-04,91432.80759443114,0.0,0.0,0.0,
2022-02-07,91432.80759443114,0.0,0.0,0.0,
2022-02-08,91432.80759443114,0.0,0.0,0.0,
2022-02-09,91432.80759443114,0.0,0.0,0.0,
2022-02-10,91432.80759443114,0.0,0.0,0.0,
2022-02-11,91432.80759443114,0.0,0.0,0.0,
2022-02-14,91432.80759443114,0.0,0.0,0.0,
2022-02-15,91432.80759443114,0.0,0.0,0.0,
2022-02-16,91432.80759443114,0.0,0.0,0.0,
2022-02-17,91432.80759443114,0.0,0.0,0.0,
2022-02-18,91432.80759443114,0.0,0.0,0.0,
2022-02-22,91432.80759443114,0.0,0.0,0.0,
2022-02-23,91432.80759443114,0.0,0.0,0.0,
2022-02-24,91432.80759443114,0.0,0.0,0.0,
2022-02-25,91432.80759443114,0.0,0.0,0.0,
2022-02-28,91432.80759443114,0.0,0.0,0.0,
2022-03-01,91432.80759443114,0.0,0.0,0.0,
2022-03-02,91432.80759443114,0.0,0.0,0.0,
2022-03-03,91432.80759443114,0.0,0.0,0.0,
2022-03-04,91432.80759443114,0.0,0.0,0.0,
2022-03-07,91432.80759443114,0.0,0.0,0.0,
2022-03-08,91432.80759443114,0.0,0.0,0.0,
2022-03-09,91432.80759443114,0.0,0.0,0.0,
2022-03-10,91432.80759443114,0.0,0.0,0.0,
2022-03-11,91432.80759443114,0.0,0.0,0.0,
2022-03-14,91432.80759443114,0.0,0.0,0.0,
2022-03-15,91432.80759443114,0.0,0.0,0.0,
2022-03-16,91432.80759443114,0.0,0.0,0.0,
2022-03-17,91432.80759443114,0.0,0.0,0.0,
2022-03-18,91432.80759443114,0.0,0.0,0.0,
2022-03-21,91432.80759443114,0.0,0.0,0.0,
2022-03-22,91432.80759443114,0.0,0.0,0.0,
2022-03-23,91432.80759443114,0.0,0.0,0.0,
2022-03-24,91432.80759443114,0.0,0.0,0.0,
2022-03-25,91432.80759443114,0.0,0.0,0.0,
2022-03-28,91432.80759443114,0.0,0.0,0.0,
2022-03-29,91432.80759443114,0.0,0.0,0.0,
2022-03-30,91432.80759443114,0.0,0.0,0.0,
2022-03-31,91432.80759443114,0.0,0.0,0.0,
2022-04-01,91432.80759443114,0.0,0.0,0.0,
2022-04-04,91432.80759443114,0.0,0.0,0.0,
2022-04-05,91432.80759443114,0.0,0.0,0.0,
2022-04-06,91432.80759443114,0.0,0.0,0.0,
2022-04-07,91432.80759443114,0.0,0.0,0.0,
2022-04-08,91432.80759443114,0.0,0.0,0.0,
2022-04-11,91432.80759443114,0.0,0.0,0.0,
2022-04-12,91432.80759443114,0.0,0.0,0.0,
2022-04-13,91432.80759443114,0.0,0.0,0.0,
2022-04-14,91432.80759443114,0.0,0.0,0.0,
2022-04-18,91432.80759443114,0.0,0.0,0.0,
2022-04-19,91432.80759443114,0.0,0.0,0.0,
2022-04-20,91432.80759443114,0.0,0.0,0.0,
2022-04-21,91432.80759443114,0.0,0.0,0.0,
2022-04-22,91432.80759443114,0.0,0.0,0.0,
2022-04-25,91432.80759443114,0.0,0.0,0.0,
2022-04-26,91432.80759443114,0.0,0.0,0.0,
2022-04-27,91432.80759443114,0.0,0.0,0.0,
2022-04-28,91432.80759443114,0.0,0.0,0.0,
2022-04-29,91432.80759443114,0.0,0.0,0.0,
2022-05-02,91432.80759443114,0.0,0.0,0.0,
2022-05-03,91432.80759443114,0.0,0.0,0.0,
2022-05-04,91432.80759443114,0.0,0.0,0.0,
2022-05-05,91432.80759443114,0.0,0.0,0.0,
2022-05-06,91432.80759443114,0.0,0.0,0.0,
2022-05-09,91432.80759443114,0.0,0.0,0.0,
2022-05-10,91432.80759443114,0.0,0.0,0.0,
2022-05-11,91432.80759443114,0.0,0.0,0.0,
2022-05-12,91432.80759443114,0.0,0.0,0.0,
2022-05-13,91432.80759443114,0.0,0.0,0.0,
2022-05-16,91432.80759443114,0.0,0.0,0.0,
2022-05-17,91432.80759443114,0.0,0.0,0.0,
2022-05-18,91432.80759443114,0.0,0.0,0.0,
2022-05-19,91432.80759443114,0.0,0.0,0.0,
2022-05-20,91432.80759443114,0.0,0.0,0.0,
2022-05-23,91432.80759443114,0.0,0.0,0.0,
2022-05-24,91432.80759443114,0.0,0.0,0.0,
2022-05-25,91432.80759443114,0.0,0.0,0.0,
2022-05-26,91432.80759443114,0.0,0.0,0.0,
2022-05-27,91432.80759443114,0.0,0.0,0.0,
2022-05-31,91432.80759443114,0.0,0.0,0.0,
2022-06-01,91432.80759443114,0.0,0.0,0.0,
2022-06-02,91432.80759443114,0.0,0.0,0.0,
2022-06-03,91432.80759443114,0.0,0.0,0.0,
2022-06-06,91432.80759443114,0.0,0.0,0.0,
2022-06-07,91432.80759443114,0.0,0.0,0.0,
2022-06-08,91432.80759443114,0.0,0.0,0.0,
2022-06-09,91432.80759443114,0.0,0.0,0.0,
2022-06-10,91432.80759443114,0.0,0.0,0.0,
2022-06-13,91432.80759443114,0.0,0.0,0.0,
2022-06-14,91432.80759443114,0.0,0.0,0.0,
2022-06-15,91432.80759443114,0.0,0.0,0.0,
2022-06-16,91432.80759443114,0.0,0.0,0.0,
2022-06-17,91432.80759443114,0.0,0.0,0.0,
2022-06-21,91432.80759443114,0.0,0.0,0.0,
2022-06-22,91432.80759443114,0.0,0.0,0.0,
2022-06-23,91432.80759443114,0.0,0.0,0.0,
2022-06-24,91432.80759443114,0.0,0.0,0.0,
2022-06-27,91432.80759443114,0.0,0.0,0.0,
2022-06-28,91432.80759443114,0.0,0.0,0.0,
2022-06-29,91432.80759443114,0.0,0.0,0.0,
2022-06-30,91432.80759443114,0.0,0.0,0.0,
2022-07-01,91432.80759443114,0.0,0.0,0.0,
2022-07-05,91432.80759443114,0.0,0.0,0.0,
2022-07-06,91432.80759443114,0.0,0.0,0.0,
2022-07-07,91432.80759443114,0.0,0.0,0.0,
2022-07-08,91432.80759443114,0.0,0.0,0.0,
2022-07-11,91432.80759443114,0.0,0.0,0.0,
2022-07-12,91432.80759443114,0.0,0.0,0.0,
2022-07-13,91432.80759443114,0.0,0.0,0.0,
2022-07-14,91432.80759443114,0.0,0.0,0.0,
2022-07-15,91432.80759443114,0.0,0.0,0.0,
2022-07-18,91432.80759443114,0.0,0.0,0.0,
2022-07-19,91432.80759443114,0.0,0.0,0.0,
2022-07-20,91432.80759443114,0.0,0.0,0.0,
2022-07-21,91432.80759443114,0.0,0.0,0.0,
2022-07-22,91432.80759443114,0.0,0.0,0.0,
2022-07-25,91432.80759443114,0.0,0.0,0.0,
2022-07-26,91432.80759443114,0.0,0.0,0.0,
2022-07-27,91432.80759443114,0.0,0.0,0.0,
2022-07-28,91432.80759443114,0.0,0.0,0.0,
2022-07-29,91432.80759443114,0.0,0.0,0.0,
2022-08-01,91432.80759443114,0.0,0.0,0.0,
2022-08-02,91432.80759443114,0.0,0.0,0.0,
2022-08-03,91432.80759443114,0.0,0.0,0.0,
2022-08-04,91432.80759443114,0.0,0.0,0.0,
2022-08-05,91432.80759443114,0.0,0.0,0.0,
2022-08-08,91432.80759443114,0.0,0.0,0.0,
2022-08-09,91432.80759443114,0.0,0.0,0.0,
2022-08-10,91432.80759443114,0.0,0.0,0.0,
2022-08-11,91432.80759443114,0.0,0.0,0.0,
2022-08-12,91432.80759443114,0.0,0.0,0.0,
2022-08-15,91432.80759443114,0.0,0.0,0.0,
2022-08-16,91432.80759443114,0.0,0.0,0.0,
2022-08-17,91432.80759443114,0.0,0.0,0.0,
2022-08-18,91432.80759443114,0.0,0.0,0.0,
2022-08-19,91432.80759443114,0.0,0.0,0.0,
2022-08-22,91432.80759443114,0.0,0.0,0.0,
2022-08-23,91432.80759443114,0.0,0.0,0.0,
2022-08-24,91432.80759443114,0.0,0.0,0.0,
2022-08-25,91432.80759443114,0.0,0.0,0.0,
2022-08-26,91432.80759443114,0.0,0.0,0.0,
2022-08-29,91432.80759443114,0.0,0.0,0.0,
2022-08-30,91432.80759443114,0.0,0.0,0.0,
2022-08-31,91432.80759443114,0.0,0.0,0.0,
2022-09-01,91432.80759443114,0.0,0.0,0.0,
2022-09-02,91432.80759443114,0.0,0.0,0.0,
2022-09-06,91432.80759443114,0.0,0.0,0.0,
2022-09-07,91432.80759443114,0.0,0.0,0.0,
2022-09-08,91432.80759443114,0.0,0.0,0.0,
2022-09-09,91432.80759443114,0.0,0.0,0.0,
2022-09-12,91432.80759443114,0.0,0.0,0.0,
2022-09-13,91432.80759443114,0.0,0.0,0.0,
2022-09-14,91432.80759443114,0.0,0.0,0.0,
2022-09-15,91432.80759443114,0.0,0.0,0.0,
2022-09-16,91432.80759443114,0.0,0.0,0.0,
2022-09-19,91432.80759443114,0.0,0.0,0.0,
2022-09-20,91432.80759443114,0.0,0.0,0.0,
2022-09-21,91432.80759443114,0.0,0.0,0.0,
2022-09-22,91432.80759443114,0.0,0.0,0.0,
2022-09-23,91432.80759443114,0.0,0.0,0.0,
2022-09-26,91432.80759443114,0.0,0.0,0.0,
2022-09-27,91432.80759443114,0.0,0.0,0.0,
2022-09-28,91432.80759443114,0.0,0.0,0.0,
2022-09-29,91432.80759443114,0.0,0.0,0.0,
2022-09-30,91432.80759443114,0.0,0.0,0.0,
2022-10-03,91432.80759443114,0.0,0.0,0.0,
2022-10-04,91432.80759443114,0.0,0.0,0.0,
2022-10-05,91432.80759443114,0.0,0.0,0.0,
2022-10-06,91432.80759443114,0.0,0.0,0.0,
2022-10-07,91432.80759443114,0.0,0.0,0.0,
2022-10-10,91432.80759443114,0.0,0.0,0.0,
2022-10-11,91432.80759443114,0.0,0.0,0.0,
2022-10-12,91432.80759443114,0.0,0.0,0.0,
2022-10-13,91432.80759443114,0.0,0.0,0.0,
2022-10-14,91432.80759443114,0.0,0.0,0.0,
2022-10-17,91432.80759443114,0.0,0.0,0.0,
2022-10-18,91432.80759443114,0.0,0.0,0.0,
2022-10-19,91432.80759443114,0.0,0.0,0.0,
2022-10-20,91432.80759443114,0.0,0.0,0.0,
2022-10-21,91432.80759443114,0.0,0.0,0.0,
2022-10-24,91432.80759443114,0.0,0.0,0.0,
2022-10-25,91432.80759443114,0.0,0.0,0.0,
2022-10-26,91432.80759443114,0.0,0.0,0.0,
2022-10-27,91432.80759443114,0.0,0.0,0.0,
2022-10-28,91432.80759443114,0.0,0.0,0.0,
2022-10-31,91432.80759443114,0.0,0.0,0.0,
2022-11-01,91432.80759443114,0.0,0.0,0.0,
2022-11-02,91432.80759443114,0.0,0.0,0.0,
2022-11-03,91432.80759443114,0.0,0.0,0.0,
2022-11-04,91432.80759443114,0.0,0.0,0.0,
2022-11-07,91432.80759443114,0.0,0.0,0.0,
2022-11-08,91432.80759443114,0.0,0.0,0.0,
2022-11-09,91432.80759443114,0.0,0.0,0.0,
2022-11-10,91432.80759443114,0.0,0.0,0.0,
2022-11-11,91432.80759443114,0.0,0.0,0.0,
2022-11-14,91432.80759443114,0.0,0.0,0.0,
2022-11-15,91432.80759443114,0.0,0.0,0.0,
2022-11-16,91432.80759443114,0.0,0.0,0.0,
2022-11-17,91432.80759443114,0.0,0.0,0.0,
2022-11-18,91432.80759443114,0.0,0.0,0.0,
2022-11-21,91432.80759443114,0.0,0.0,0.0,
2022-11-22,91432.80759443114,0.0,0.0,0.0,
2022-11-23,91432.80759443114,0.0,0.0,0.0,
2022-11-25,91432.80759443114,0.0,0.0,0.0,
2022-11-28,91432.80759443114,0.0,0.0,0.0,
2022-11-29,91432.80759443114,0.0,0.0,0.0,
2022-11-30,91432.80759443114,0.0,0.0,0.0,
2022-12-01,91432.80759443114,0.0,0.0,0.0,
2022-12-02,91432.80759443114,0.0,0.0,0.0,
2022-12-05,91432.80759443114,0.0,0.0,0.0,
2022-12-06,91432.80759443114,0.0,0.0,0.0,
2022-12-07,91432.80759443114,0.0,0.0,0.0,
2022-12-08,91432.80759443114,0.0,0.0,0.0,
2022-12-09,91432.80759443114,0.0,0.0,0.0,
2022-12-12,91432.80759443114,0.0,0.0,0.0,
2022-12-13,91432.80759443114,0.0,0.0,0.0,
2022-12-14,91432.80759443114,0.0,0.0,0.0,
2022-12-15,91432.80759443114,0.0,0.0,0.0,
2022-12-16,91432.80759443114,0.0,0.0,0.0,
2022-12-19,91432.80759443114,0.0,0.0,0.0,
2022-12-20,91432.80759443114,0.0,0.0,0.0,
2022-12-21,91432.80759443114,0.0,0.0,0.0,
2022-12-22,91432.80759443114,0.0,0.0,0.0,
2022-12-23,91432.80759443114,0.0,0.0,0.0,
2022-12-27,91432.80759443114,0.0,0.0,0.0,
2022-12-28,91432.80759443114,0.0,0.0,0.0,
2022-12-29,91432.80759443114,0.0,0.0,0.0,
2022-12-30,91432.80759443114,0.0,0.0,0.0,
2023-01-03,91432.80759443114,0.0,0.0,0.0,
2023-01-04,91432.80759443114,0.0,0.0,0.0,
2023-01-05,91432.80759443114,0.0,0.0,0.0,
2023-01-06,91432.80759443114,0.0,0.0,0.0,
2023-01-09,91432.80759443114,0.0,0.0,0.0,
2023-01-10,91432.80759443114,0.0,0.0,0.0,
2023-01-11,91432.80759443114,0.0,0.0,0.0,
2023-01-12,91432.80759443114,0.0,0.0,0.0,
2023-01-13,91432.80759443114,0.0,0.0,0.0,
2023-01-17,91432.80759443114,0.0,0.0,0.0,
2023-01-18,91432.80759443114,0.0,0.0,0.0,
2023-01-19,91432.80759443114,0.0,0.0,0.0,
2023-01-20,91432.80759443114,0.0,0.0,0.0,
2023-01-23,91432.80759443114,0.0,0.0,0.0,
2023-01-24,91432.80759443114,0.0,0.0,0.0,
2023-01-25,91432.80759443114,0.0,0.0,0.0,
2023-01-26,91432.80759443114,0.0,0.0,0.0,
2023-01-27,91432.80759443114,0.0,0.0,0.0,
2023-01-30,91432.80759443114,0.0,0.0,0.0,
2023-01-31,91432.80759443114,0.0,0.0,0.0,
2023-02-01,91432.80759443114,0.0,0.0,0.0,
2023-02-02,91432.80759443114,0.0,0.0,0.0,
2023-02-03,91432.80759443114,0.0,0.0,0.0,
2023-02-06,91432.80759443114,0.0,0.0,0.0,
2023-02-07,91432.80759443114,0.0,0.0,0.0,
2023-02-08,91432.80759443114,0.0,0.0,0.0,
2023-02-09,91432.80759443114,0.0,0.0,0.0,
2023-02-10,91432.80759443114,0.0,0.0,0.0,
2023-02-13,91432.80759443114,0.0,0.0,0.0,
2023-02-14,91432.80759443114,0.0,0.0,0.0,
2023-02-15,91432.80759443114,0.0,0.0,0.0,
2023-02-16,91432.80759443114,0.0,0.0,0.0,
2023-02-17,91432.80759443114,0.0,0.0,0.0,
2023-02-21,91432.80759443114,0.0,0.0,0.0,
2023-02-22,91432.80759443114,0.0,0.0,0.0,
2023-02-23,91432.80759443114,0.0,0.0,0.0,
2023-02-24,91432.80759443114,0.0,0.0,0.0,
2023-02-27,91432.80759443114,0.0,0.0,0.0,
2023-02-28,91432.80759443114,0.0,0.0,0.0,
2023-03-01,91432.80759443114,0.0,0.0,0.0,
2023-03-02,91432.80759443114,0.0,0.0,0.0,
2023-03-03,91432.80759443114,0.0,0.0,0.0,
2023-03-06,91432.80759443114,0.0,0.0,0.0,
2023-03-07,91432.80759443114,0.0,0.0,0.0,
2023-03-08,91432.80759443114,0.0,0.0,0.0,
2023-03-09,91432.80759443114,0.0,0.0,0.0,
2023-03-10,91432.80759443114,0.0,0.0,0.0,
2023-03-13,91432.80759443114,0.0,0.0,0.0,
2023-03-14,91432.80759443114,0.0,0.0,0.0,
2023-03-15,91432.80759443114,0.0,0.0,0.0,
2023-03-16,91432.80759443114,0.0,0.0,0.0,
2023-03-17,91432.80759443114,0.0,0.0,0.0,
2023-03-20,91432.80759443114,0.0,0.0,0.0,
2023-03-21,91432.80759443114,0.0,0.0,0.0,
2023-03-22,91432.80759443114,0.0,0.0,0.0,
2023-03-23,91432.80759443114,0.0,0.0,0.0,
2023-03-24,91432.80759443114,0.0,0.0,0.0,
2023-03-27,91432.80759443114,0.0,0.0,0.0,
2023-03-28,91432.80759443114,0.0,0.0,0.0,
2023-03-29,91432.80759443114,0.0,0.0,0.0,
2023-03-30,91432.80759443114,0.0,0.0,0.0,
2023-03-31,91432.80759443114,0.0,0.0,0.0,
2023-04-03,91432.80759443114,0.0,0.0,0.0,
2023-04-04,91432.80759443114,0.0,0.0,0.0,
2023-04-05,91432.80759443114,0.0,0.0,0.0,
2023-04-06,91432.80759443114,0.0,0.0,0.0,
2023-04-10,91432.80759443114,0.0,0.0,0.0,
2023-04-11,91432.80759443114,0.0,0.0,0.0,
2023-04-12,91432.80759443114,0.0,0.0,0.0,
2023-04-13,91432.80759443114,0.0,0.0,0.0,
2023-04-14,91432.80759443114,0.0,0.0,0.0,
2023-04-17,91432.80759443114,0.0,0.0,0.0,
2023-04-18,91432.80759443114,0.0,0.0,0.0,
2023-04-19,91432.80759443114,0.0,0.0,0.0,
2023-04-20,91432.80759443114,0.0,0.0,0.0,
2023-04-21,91432.80759443114,0.0,0.0,0.0,
2023-04-24,91432.80759443114,0.0,0.0,0.0,
2023-04-25,91432.80759443114,0.0,0.0,0.0,
2023-04-26,91432.80759443114,0.0,0.0,0.0,
2023-04-27,91432.80759443114,0.0,0.0,0.0,
2023-04-28,91432.80759443114,0.0,0.0,0.0,
2023-05-01,91432.80759443114,0.0,0.0,0.0,
2023-05-02,91432.80759443114,0.0,0.0,0.0,
2023-05-03,91432.80759443114,0.0,0.0,0.0,
2023-05-04,91432.80759443114,0.0,0.0,0.0,
2023-05-05,91432.80759443114,0.0,0.0,0.0,
2023-05-08,91432.80759443114,0.0,0.0,0.0,
2023-05-09,91432.80759443114,0.0,0.0,0.0,
2023-05-10,91432.80759443114,0.0,0.0,0.0,
2023-05-11,91432.80759443114,0.0,0.0,0.0,
2023-05-12,91432.80759443114,0.0,0.0,0.0,
2023-05-15,91432.80759443114,0.0,0.0,0.0,
2023-05-16,91432.80759443114,0.0,0.0,0.0,
2023-05-17,91432.80759443114,0.0,0.0,0.0,
2023-05-18,91432.80759443114,0.0,0.0,0.0,
2023-05-19,91432.80759443114,0.0,0.0,0.0,
2023-05-22,91432.80759443114,0.0,0.0,0.0,
2023-05-23,91432.80759443114,0.0,0.0,0.0,
2023-05-24,91432.80759443114,0.0,0.0,0.0,
2023-05-25,91432.80759443114,0.0,0.0,0.0,
2023-05-26,91432.80759443114,0.0,0.0,0.0,
2023-05-30,91432.80759443114,0.0,0.0,0.0,
2023-05-31,91432.80759443114,0.0,0.0,0.0,
2023-06-01,91432.80759443114,0.0,0.0,0.0,
2023-06-02,91432.80759443114,0.0,0.0,0.0,
2023-06-05,91432.80759443114,0.0,0.0,0.0,
2023-06-06,91432.80759443114,0.0,0.0,0.0,
2023-06-07,91432.80759443114,0.0,0.0,0.0,
2023-06-08,91432.80759443114,0.0,0.0,0.0,
2023-06-09,91432.80759443114,0.0,0.0,0.0,
2023-06-12,91432.80759443114,0.0,0.0,0.0,
2023-06-13,91432.80759443114,0.0,0.0,0.0,
2023-06-14,91432.80759443114,0.0,0.0,0.0,
2023-06-15,91432.80759443114,0.0,0.0,0.0,
2023-06-16,91432.80759443114,0.0,0.0,0.0,
2023-06-20,91432.80759443114,0.0,0.0,0.0,
2023-06-21,91432.80759443114,0.0,0.0,0.0,
2023-06-22,91432.80759443114,0.0,0.0,0.0,
2023-06-23,91432.80759443114,0.0,0.0,0.0,
2023-06-26,91432.80759443114,0.0,0.0,0.0,
2023-06-27,91432.80759443114,0.0,0.0,0.0,
2023-06-28,91432.80759443114,0.0,0.0,0.0,
2023-06-29,91432.80759443114,0.0,0.0,0.0,
2023-06-30,91432.80759443114,0.0,0.0,0.0,
2023-07-03,91432.80759443114,0.0,0.0,0.0,
2023-07-05,91432.80759443114,0.0,0.0,0.0,
2023-07-06,91432.80759443114,0.0,0.0,0.0,
2023-07-07,91432.80759443114,0.0,0.0,0.0,
2023-07-10,91432.80759443114,0.0,0.0,0.0,
2023-07-11,91432.80759443114,0.0,0.0,0.0,
2023-07-12,91432.80759443114,0.0,0.0,0.0,
2023-07-13,91432.80759443114,0.0,0.0,0.0,
2023-07-14,91432.80759443114,0.0,0.0,0.0,
2023-07-17,91432.80759443114,0.0,0.0,0.0,
2023-07-18,91432.80759443114,0.0,0.0,0.0,
2023-07-19,91432.80759443114,0.0,0.0,0.0,
2023-07-20,91432.80759443114,0.0,0.0,0.0,
2023-07-21,91432.80759443114,0.0,0.0,0.0,
2023-07-24,91432.80759443114,0.0,0.0,0.0,
2023-07-25,91432.80759443114,0.0,0.0,0.0,
2023-07-26,91432.80759443114,0.0,0.0,0.0,
2023-07-27,91432.80759443114,0.0,0.0,0.0,
2023-07-28,91432.80759443114,0.0,0.0,0.0,
2023-07-31,91432.80759443114,0.0,0.0,0.0,
2023-08-01,91432.80759443114,0.0,0.0,0.0,
2023-08-02,91432.80759443114,0.0,0.0,0.0,
2023-08-03,91432.80759443114,0.0,0.0,0.0,
2023-08-04,91432.80759443114,0.0,0.0,0.0,
2023-08-07,91432.80759443114,0.0,0.0,0.0,
2023-08-08,91432.80759443114,0.0,0.0,0.0,
2023-08-09,91432.80759443114,0.0,0.0,0.0,
2023-08-10,91432.80759443114,0.0,0.0,0.0,
2023-08-11,91432.80759443114,0.0,0.0,0.0,
2023-08-14,91432.80759443114,0.0,0.0,0.0,
2023-08-15,91432.80759443114,0.0,0.0,0.0,
2023-08-16,91432.80759443114,0.0,0.0,0.0,
2023-08-17,91432.80759443114,0.0,0.0,0.0,
2023-08-18,91432.80759443114,0.0,0.0,0.0,
2023-08-21,91432.80759443114,0.0,0.0,0.0,
2023-08-22,91432.80759443114,0.0,0.0,0.0,
2023-08-23,91432.80759443114,0.0,0.0,0.0,
2023-08-24,91432.80759443114,0.0,0.0,0.0,
2023-08-25,91432.80759443114,0.0,0.0,0.0,
2023-08-28,91432.80759443114,0.0,0.0,0.0,
2023-08-29,91432.80759443114,0.0,0.0,0.0,
2023-08-30,91432.80759443114,0.0,0.0,0.0,
2023-08-31,91432.80759443114,0.0,0.0,0.0,
2023-09-01,91432.80759443114,0.0,0.0,0.0,
2023-09-05,91432.80759443114,0.0,0.0,0.0,
2023-09-06,91432.80759443114,0.0,0.0,0.0,
2023-09-07,91432.80759443114,0.0,0.0,0.0,
2023-09-08,91432.80759443114,0.0,0.0,0.0,
2023-09-11,91432.80759443114,0.0,0.0,0.0,
2023-09-12,91432.80759443114,0.0,0.0,0.0,
2023-09-13,91432.80759443114,0.0,0.0,0.0,
2023-09-14,91432.80759443114,0.0,0.0,0.0,
2023-09-15,91432.80759443114,0.0,0.0,0.0,
2023-09-18,91432.80759443114,0.0,0.0,0.0,
2023-09-19,91432.80759443114,0.0,0.0,0.0,
2023-09-20,91432.80759443114,0.0,0.0,0.0,
2023-09-21,91432.80759443114,0.0,0.0,0.0,
2023-09-22,91432.80759443114,0.0,0.0,0.0,
2023-09-25,91432.80759443114,0.0,0.0,0.0,
2023-09-26,91432.80759443114,0.0,0.0,0.0,
2023-09-27,91432.80759443114,0.0,0.0,0.0,
2023-09-28,91432.80759443114,0.0,0.0,0.0,
2023-09-29,91432.80759443114,0.0,0.0,0.0,
2023-10-02,91432.80759443114,0.0,0.0,0.0,
2023-10-03,91432.80759443114,0.0,0.0,0.0,
2023-10-04,91432.80759443114,0.0,0.0,0.0,
2023-10-05,91432.80759443114,0.0,0.0,0.0,
2023-10-06,91432.80759443114,0.0,0.0,0.0,
2023-10-09,91432.80759443114,0.0,0.0,0.0,
2023-10-10,91432.80759443114,0.0,0.0,0.0,
2023-10-11,91432.80759443114,0.0,0.0,0.0,
2023-10-12,91432.80759443114,0.0,0.0,0.0,
2023-10-13,91432.80759443114,0.0,0.0,0.0,
2023-10-16,91432.80759443114,0.0,0.0,0.0,
2023-10-17,91432.80759443114,0.0,0.0,0.0,
2023-10-18,91432.80759443114,0.0,0.0,0.0,
2023-10-19,91432.80759443114,0.0,0.0,0.0,
2023-10-20,91432.80759443114,0.0,0.0,0.0,
2023-10-23,91432.80759443114,0.0,0.0,0.0,
2023-10-24,91432.80759443114,0.0,0.0,0.0,
2023-10-25,91432.80759443114,0.0,0.0,0.0,
2023-10-26,91432.80759443114,0.0,0.0,0.0,
2023-10-27,91432.80759443114,0.0,0.0,0.0,
2023-10-30,91432.80759443114,0.0,0.0,0.0,
2023-10-31,91432.80759443114,0.0,0.0,0.0,
2023-11-01,91432.80759443114,0.0,0.0,0.0,
2023-11-02,91432.80759443114,0.0,0.0,0.0,
2023-11-03,91432.80759443114,0.0,0.0,0.0,
2023-11-06,91432.80759443114,0.0,0.0,0.0,
2023-11-07,91432.80759443114,0.0,0.0,0.0,
2023-11-08,91432.80759443114,0.0,0.0,0.0,
2023-11-09,91432.80759443114,0.0,0.0,0.0,
2023-11-10,91432.80759443114,0.0,0.0,0.0,
2023-11-13,91432.80759443114,0.0,0.0,0.0,
2023-11-14,91432.80759443114,0.0,0.0,0.0,
2023-11-15,91432.80759443114,0.0,0.0,0.0,
2023-11-16,91432.80759443114,0.0,0.0,0.0,
2023-11-17,91432.80759443114,0.0,0.0,0.0,
2023-11-20,91432.80759443114,0.0,0.0,0.0,
2023-11-21,91432.80759443114,0.0,0.0,0.0,
2023-11-22,91432.80759443114,0.0,0.0,0.0,
2023-11-24,91432.80759443114,0.0,0.0,0.0,
2023-11-27,91432.80759443114,0.0,0.0,0.0,
2023-11-28,91432.80759443114,0.0,0.0,0.0,
2023-11-29,91432.80759443114,0.0,0.0,0.0,
2023-11-30,91432.80759443114,0.0,0.0,0.0,
2023-12-01,91432.80759443114,0.0,0.0,0.0,
2023-12-04,91432.80759443114,0.0,0.0,0.0,
2023-12-05,91432.80759443114,0.0,0.0,0.0,
2023-12-06,91432.80759443114,0.0,0.0,0.0,
2023-12-07,91432.80759443114,0.0,0.0,0.0,
2023-12-08,91432.80759443114,0.0,0.0,0.0,
2023-12-11,91432.80759443114,0.0,0.0,0.0,
2023-12-12,91432.80759443114,0.0,0.0,0.0,
2023-12-13,91432.80759443114,0.0,0.0,0.0,
2023-12-14,91432.80759443114,0.0,0.0,0.0,
2023-12-15,91432.80759443114,0.0,0.0,0.0,
2023-12-18,91432.80759443114,0.0,0.0,0.0,
2023-12-19,91432.80759443114,0.0,0.0,0.0,
2023-12-20,91432.80759443114,0.0,0.0,0.0,
2023-12-21,91432.80759443114,0.0,0.0,0.0,
2023-12-22,91432.80759443114,0.0,0.0,0.0,
2023-12-26,91432.80759443114,0.0,0.0,0.0,
2023-12-27,91432.80759443114,0.0,0.0,0.0,
2023-12-28,91432.80759443114,0.0,0.0,0.0,
2023-12-29,91432.80759443114,0.0,0.0,0.0,
2024-01-02,91432.80759443114,0.0,0.0,0.0,
2024-01-03,91432.80759443114,0.0,0.0,0.0,
2024-01-04,91432.80759443114,0.0,0.0,0.0,
2024-01-05,91432.80759443114,0.0,0.0,0.0,
2024-01-08,91432.80759443114,0.0,0.0,0.0,
2024-01-09,91432.80759443114,0.0,0.0,0.0,
2024-01-10,91432.80759443114,0.0,0.0,0.0,
2024-01-11,91432.80759443114,0.0,0.0,0.0,
2024-01-12,91432.80759443114,0.0,0.0,0.0,
2024-01-16,91432.80759443114,0.0,0.0,0.0,
2024-01-17,91432.80759443114,0.0,0.0,0.0,
2024-01-18,91432.80759443114,0.0,0.0,0.0,
2024-01-19,91432.80759443114,0.0,0.0,0.0,
2024-01-22,91432.80759443114,0.0,0.0,0.0,
2024-01-23,91432.80759443114,0.0,0.0,0.0,
2024-01-24,91432.80759443114,0.0,0.0,0.0,
2024-01-25,91432.80759443114,0.0,0.0,0.0,
2024-01-26,91432.80759443114,0.0,0.0,0.0,
2024-01-29,91432.80759443114,0.0,0.0,0.0,
2024-01-30,91432.80759443114,0.0,0.0,0.0,
2024-01-31,91432.80759443114,0.0,0.0,0.0,
2024-02-01,91432.80759443114,0.0,0.0,0.0,
2024-02-02,91432.80759443114,0.0,0.0,0.0,
2024-02-05,91432.80759443114,0.0,0.0,0.0,
2024-02-06,91432.80759443114,0.0,0.0,0.0,
2024-02-07,91432.80759443114,0.0,0.0,0.0,
2024-02-08,91432.80759443114,0.0,0.0,0.0,
2024-02-09,91432.80759443114,0.0,0.0,0.0,
2024-02-12,91432.80759443114,0.0,0.0,0.0,
2024-02-13,91432.80759443114,0.0,0.0,0.0,
2024-02-14,91432.80759443114,0.0,0.0,0.0,
2024-02-15,91432.80759443114,0.0,0.0,0.0,
2024-02-16,91432.80759443114,0.0,0.0,0.0,
2024-02-20,91432.80759443114,0.0,0.0,0.0,
2024-02-21,91432.80759443114,0.0,0.0,0.0,
2024-02-22,91432.80759443114,0.0,0.0,0.0,
2024-02-23,91432.80759443114,0.0,0.0,0.0,
2024-02-26,91432.80759443114,0.0,0.0,0.0,
2024-02-27,91432.80759443114,0.0,0.0,0.0,
2024-02-28,91432.80759443114,0.0,0.0,0.0,
2024-02-29,91432.80759443114,0.0,0.0,0.0,
2024-03-01,91432.80759443114,0.0,0.0,0.0,
2024-03-04,91432.80759443114,0.0,0.0,0.0,
2024-03-05,91432.80759443114,0.0,0.0,0.0,
2024-03-06,91432.80759443114,0.0,0.0,0.0,
2024-03-07,91432.80759443114,0.0,0.0,0.0,
2024-03-08,91432.80759443114,0.0,0.0,0.0,
2024-03-11,91432.80759443114,0.0,0.0,0.0,
2024-03-12,91432.80759443114,0.0,0.0,0.0,
2024-03-13,91432.80759443114,0.0,0.0,0.0,
2024-03-14,91432.80759443114,0.0,0.0,0.0,
2024-03-15,91432.80759443114,0.0,0.0,0.0,
2024-03-18,91432.80759443114,0.0,0.0,0.0,
2024-03-19,91432.80759443114,0.0,0.0,0.0,
2024-03-20,91432.80759443114,0.0,0.0,0.0,
2024-03-21,91432.80759443114,0.0,0.0,0.0,
2024-03-22,91432.80759443114,0.0,0.0,0.0,
2024-03-25,91432.80759443114,0.0,0.0,0.0,
2024-03-26,91432.80759443114,0.0,0.0,0.0,
2024-03-27,91432.80759443114,0.0,0.0,0.0,
2024-03-28,91432.80759443114,0.0,0.0,0.0,
2024-04-01,91432.80759443114,0.0,0.0,0.0,
2024-04-02,91432.80759443114,0.0,0.0,0.0,
2024-04-03,91432.80759443114,0.0,0.0,0.0,
2024-04-04,91432.80759443114,0.0,0.0,0.0,
2024-04-05,91432.80759443114,0.0,0.0,0.0,
2024-04-08,91432.80759443114,0.0,0.0,0.0,
2024-04-09,91432.80759443114,0.0,0.0,0.0,
2024-04-10,91432.80759443114,0.0,0.0,0.0,
2024-04-11,91432.80759443114,0.0,0.0,0.0,
2024-04-12,91432.80759443114,0.0,0.0,0.0,
2024-04-15,91432.80759443114,0.0,0.0,0.0,
2024-04-16,91432.80759443114,0.0,0.0,0.0,
2024-04-17,91432.80759443114,0.0,0.0,0.0,
2024-04-18,91432.80759443114,0.0,0.0,0.0,
2024-04-19,91432.80759443114,0.0,0.0,0.0,
2024-04-22,91432.80759443114,0.0,0.0,0.0,
2024-04-23,91432.80759443114,0.0,0.0,0.0,
2024-04-24,91432.80759443114,0.0,0.0,0.0,
2024-04-25,91432.80759443114,0.0,0.0,0.0,
2024-04-26,91432.80759443114,0.0,0.0,0.0,
2024-04-29,91432.80759443114,0.0,0.0,0.0,
2024-04-30,91432.80759443114,0.0,0.0,0.0,
2024-05-01,91432.80759443114,0.0,0.0,0.0,
2024-05-02,91432.80759443114,0.0,0.0,0.0,
2024-05-03,91432.80759443114,0.0,0.0,0.0,
2024-05-06,91432.80759443114,0.0,0.0,0.0,
2024-05-07,91432.80759443114,0.0,0.0,0.0,
2024-05-08,91432.80759443114,0.0,0.0,0.0,
2024-05-09,91432.80759443114,0.0,0.0,0.0,
2024-05-10,91432.80759443114,0.0,0.0,0.0,
2024-05-13,91432.80759443114,0.0,0.0,0.0,
2024-05-14,91432.80759443114,0.0,0.0,0.0,
2024-05-15,91432.80759443114,0.0,0.0,0.0,
2024-05-16,91432.80759443114,0.0,0.0,0.0,
2024-05-17,91432.80759443114,0.0,0.0,0.0,
2024-05-20,91432.80759443114,0.0,0.0,0.0,
2024-05-21,91432.80759443114,0.0,0.0,0.0,
2024-05-22,91432.80759443114,0.0,0.0,0.0,
2024-05-23,91432.80759443114,0.0,0.0,0.0,
2024-05-24,91432.80759443114,0.0,0.0,0.0,
2024-05-28,91432.80759443114,0.0,0.0,0.0,
2024-05-29,91432.80759443114,0.0,0.0,0.0,
2024-05-30,91432.80759443114,0.0,0.0,0.0,
2024-05-31,91432.80759443114,0.0,0.0,0.0,
2024-06-03,91432.80759443114,0.0,0.0,0.0,
2024-06-04,91432.80759443114,0.0,0.0,0.0,
2024-06-05,91432.80759443114,0.0,0.0,0.0,
2024-06-06,91432.80759443114,0.0,0.0,0.0,
2024-06-07,91432.80759443114,0.0,0.0,0.0,
2024-06-10,91432.80759443114,0.0,0.0,0.0,
2024-06-11,91432.80759443114,0.0,0.0,0.0,
2024-06-12,91432.80759443114,0.0,0.0,0.0,
2024-06-13,91432.80759443114,0.0,0.0,0.0,
2024-06-14,91432.80759443114,0.0,0.0,0.0,
2024-06-17,91432.80759443114,0.0,0.0,0.0,
2024-06-18,91432.80759443114,0.0,0.0,0.0,
2024-06-20,91432.80759443114,0.0,0.0,0.0,
2024-06-21,91432.80759443114,0.0,0.0,0.0,
2024-06-24,91432.80759443114,0.0,0.0,0.0,
2024-06-25,91432.80759443114,0.0,0.0,0.0,
2024-06-26,91432.80759443114,0.0,0.0,0.0,
2024-06-27,91432.80759443114,0.0,0.0,0.0,
2024-06-28,91432.80759443114,0.0,0.0,0.0,
2024-07-01,91432.80759443114,0.0,0.0,0.0,
2024-07-02,91432.80759443114,0.0,0.0,0.0,
2024-07-03,91432.80759443114,0.0,0.0,0.0,
2024-07-05,91432.80759443114,0.0,0.0,0.0,
2024-07-08,91432.80759443114,0.0,0.0,0.0,
2024-07-09,91432.80759443114,0.0,0.0,0.0,
2024-07-10,91432.80759443114,0.0,0.0,0.0,
2024-07-11,91432.80759443114,0.0,0.0,0.0,
2024-07-12,91432.80759443114,0.0,0.0,0.0,0.6284986865312338
2024-07-15,91432.80759443114,0.0,0.0,0.0,0.9238408533057849
2024-07-16,91432.80759443114,0.0,0.0,0.0,0.9095778824840115
2024-07-17,91432.80759443114,0.0,0.0,0.0,1.2943808864271804
2024-07-18,91432.80759443114,0.0,0.0,0.0,1.3867100957272491
2024-07-19,91432.80759443114,0.0,0.0,0.0,1.0122594537744396
2024-07-22,91432.80759443114,0.0,0.0,0.0,0.7553088981392257
2024-07-23,91432.80759443114,0.0,0.0,0.0,0.3852785907393547
2024-07-24,91432.80759443114,0.0,0.0,0.0,0.5278844319256317
2024-07-25,91432.80759443114,0.0,0.0,0.0,0.8518284081232218
2024-07-26,91432.80759443114,0.0,0.0,0.0,0.8706911990543338
2024-07-29,91432.80759443114,0.0,0.0,0.0,0.692940140165646
2024-07-30,91432.80759443114,0.0,0.0,0.0,1.0595489968136445
2024-07-31,91432.80759443114,0.0,0.0,0.0,1.1543429772457512
2024-08-01,91432.80759443114,0.0,0.0,0.0,0.24351383242682603
2024-08-02,91432.80759443114,0.0,0.0,0.0,-0.23049372618226427
2024-08-05,91432.80759443114,0.0,0.0,0.0,-0.7612002821620948
2024-08-06,91432.80759443114,0.0,0.0,0.0,-0.9621504671175977
2024-08-07,91432.80759443114,0.0,0.0,0.0,-1.0237990912415103
2024-08-08,91432.80759443114,0.0,0.0,0.0,-0.7126894506123935
2024-08-09,91432.80759443114,0.0,0.0,0.0,-0.6369363660308881
2024-08-12,91432.80759443114,0.0,0.0,0.0,-0.6440447296749012
2024-08-13,91432.80759443114,0.0,0.0,0.0,-0.8036346133806175
2024-08-14,91432.80759443114,0.0,0.0,0.0,-0.7174797929371057
2024-08-15,91432.80759443114,0.0,0.0,0.0,-0.43897015205215306
2024-08-16,91432.80759443114,0.0,0.0,0.0,-0.41328408509300213
2024-08-19,91432.80759443114,0.0,0.0,0.0,-0.2613413988103724
2024-08-20,91432.80759443114,0.0,0.0,0.0,-0.6735981411253746
2024-08-21,91432.80759443114,0.0,0.0,0.0,-0.621029164260096
2024-08-22,91432.80759443114,0.0,0.0,0.0,-0.5434842238067978
2024-08-23,91432.80759443114,0.0,0.0,0.0,-0.24783256439318485
2024-08-26,91432.80759443114,0.0,0.0,0.0,-0.05894912297180339
2024-08-27,91432.80759443114,0.0,0.0,0.0,-0.30411883873688006
2024-08-28,91432.80759443114,0.0,0.0,0.0,-0.47272268279907753
2024-08-29,91432.80759443114,0.0,0.0,0.0,-0.2357016303063479
2024-08-30,91432.80759443114,0.0,0.0,0.0,-0.17712131809560297
2024-09-03,91432.80759443114,0.0,0.0,0.0,-0.7046416281351188
2024-09-04,91432.80759443114,0.0,0.0,0.0,-1.1107150786961266
2024-09-05,91432.80759443114,0.0,0.0,0.0,-1.299031898147821
2024-09-06,91432.80759443114,0.0,0.0,0.0,-1.6361872618303992
2024-09-09,91387.09119063393,-0.0004999999999999449,1.0005002501250624,1.0005002501250624,-1.3083927748864967
2024-09-10,89708.9374515432,-0.018363137695126985,1.0005096081293117,1.0005096081293117,-1.7294050391266091
2024-09-11,89373.50273875367,-0.00373914486469884,1.0005115207796078,1.0005115207796078,-1.8052619237478786
2024-09-12,90295.66236336685,0.01031804277951065,1.0005062967876932,1.0005062967876932,-1.5730921620591354
2024-09-13,91045.9575042669,0.0083093154340097,1.0005021244770265,1.0005021244770265,-1.3952376811504357
2024-09-16,92056.25367112138,0.011096551615782824,1.0004966137766211,1.0004966137766211,-1.1505037431613598
2024-09-17,92967.70059319235,0.009900977779599751,1.000491745020104,1.000491745020104,-0.9278641830146157
2024-09-18,93272.7293622711,0.003281018753098941,0.0,0.0,-0.8577918841791762
2024-09-19,93272.7293622711,0.0,0.0,0.0,-0.6870981770424545
2024-09-20,93272.7293622711,0.0,0.0,0.0,-0.6404817898107501
2024-09-23,93272.7293622711,0.0,0.0,0.0,-0.32390177830243727
2024-09-24,93272.7293622711,0.0,0.0,0.0,-0.36915869319990996
2024-09-25,93272.7293622711,0.0,0.0,0.0,-0.9991226620972504
2024-09-26,93272.7293622711,0.0,0.0,0.0,-1.399179966672882
2024-09-27,93226.09299758996,-0.000500000000000056,1.0005002501250626,1.0005002501250626,-0.7510615118389841
2024-09-30,94317.76759747439,0.011709968365966494,0.0,0.0,-0.4348401429793326
2024-10-01,94317.76759747439,0.0,0.0,0.0,0.027163361522812898
2024-10-02,94317.76759747439,0.0,0.0,0.0,0.2672226633997608
2024-10-03,94317.76759747439,0.0,0.0,0.0,0.3423701759333578
2024-10-04,94317.76759747439,0.0,0.0,0.0,0.33841195202539454
2024-10-07,94317.76759747439,0.0,0.0,0.0,0.4089985093311433
2024-10-08,94317.76759747439,0.0,0.0,0.0,-0.09318154053062773
2024-10-09,94317.76759747439,0.0,0.0,0.0,0.0430830052073633
2024-10-10,94317.76759747439,0.0,0.0,0.0,0.22792722521407174
2024-10-11,94317.76759747439,0.0,0.0,0.0,0.36468953900729445
2024-10-14,94317.76759747439,0.0,0.0,0.0,0.4303150264078796
2024-10-15,94317.76759747439,0.0,0.0,0.0,-0.36855608908103793
2024-10-16,94317.76759747439,0.0,0.0,0.0,-0.20386948657994397
2024-10-17,94317.76759747439,0.0,0.0,0.0,0.17316170503267972
2024-10-18,94317.76759747439,0.0,0.0,0.0,0.08275072977278895
2024-10-21,94317.76759747439,0.0,0.0,0.0,0.10255487536292189
2024-10-22,94317.76759747439,0.0,0.0,0.0,0.12907065095941958
2024-10-23,94317.76759747439,0.0,0.0,0.0,0.03753363690122716
2024-10-24,94317.76759747439,0.0,0.0,0.0,0.002416631181176711
2024-10-25,94317.76759747439,0.0,0.0,0.0,0.052994442810965
2024-10-28,94317.76759747439,0.0,0.0,0.0,-0.018695825011546936
2024-10-29,94317.76759747439,0.0,0.0,0.0,-0.4217239313068018
2024-10-30,94317.76759747439,0.0,0.0,0.0,-0.5280632624011403
2024-10-31,94317.76759747439,0.0,0.0,0.0,-0.4011304907907371
2024-11-01,94317.76759747439,0.0,0.0,0.0,0.21120211969855826
2024-11-04,94317.76759747439,0.0,0.0,0.0,0.5019921170318434
2024-11-05,94317.76759747439,0.0,0.0,0.0,0.41729265909663577
2024-11-06,94317.76759747439,0.0,0.0,0.0,1.183886246655615
2024-11-07,94317.76759747439,0.0,0.0,0.0,1.0266556088819412
2024-11-08,94317.76759747439,0.0,0.0,0.0,1.0387361983744896
2024-11-11,94317.76759747439,0.0,0.0,0.0,0.9318173586176378
2024-11-12,94317.76759747439,0.0,0.0,0.0,0.7217627743893174
2024-11-13,94317.76759747439,0.0,0.0,0.0,1.3040673571134942
2024-11-14,94317.76759747439,0.0,0.0,0.0,1.7631057821802136
2024-11-15,94270.60871367565,-0.0004999999999999449,1.0005002501250626,-1.0005002501250626,1.6287228590118619
2024-11-18,93659.99564763457,-0.006477236907376671,1.0135224609273743,-1.0135224609273743,1.7904837995161478
2024-11-19,94449.6499122435,0.008431073044032011,0.9966682951139283,-0.9966682951139283,1.5243059940693036
2024-11-20,93374.34634404267,-0.011384939692205664,1.0196420225762173,-1.0196420225762173,1.824707647603324
2024-11-21,93013.41615385124,-0.0038654106221163165,1.0274587521802863,-1.0274587521802863,1.899946794719738
2024-11-22,92622.60883712336,-0.004201623087162543,0.0,0.0,1.9658951479002869
2024-11-25,92622.60883712336,0.0,0.0,0.0,1.5811031770225545
2024-11-26,92622.60883712336,0.0,0.0,0.0,1.788346689284672
2024-11-27,92622.60883712336,0.0,0.0,0.0,1.691098510009948
2024-11-29,92622.60883712336,0.0,0.0,0.0,1.6548674127756202
2024-12-02,92622.60883712336,0.0,0.0,0.0,1.6691225506027652
2024-12-03,92622.60883712336,0.0,0.0,0.0,1.604584809053225
2024-12-04,92622.60883712336,0.0,0.0,0.0,0.9647918142632611
2024-12-05,92622.60883712336,0.0,0.0,0.0,1.12191711252132
2024-12-06,92622.60883712336,0.0,0.0,0.0,0.4952375792686267
2024-12-09,92622.60883712336,0.0,0.0,0.0,0.7337928652807472
2024-12-10,92622.60883712336,0.0,0.0,0.0,0.7152851640142182
2024-12-11,92622.60883712336,0.0,0.0,0.0,0.5763496210397212
2024-12-12,92622.60883712336,0.0,0.0,0.0,0.35936112727196284
2024-12-13,92622.60883712336,0.0,0.0,0.0,0.19873727949784797
2024-12-16,92622.60883712336,0.0,0.0,0.0,-0.5649092148167639
2024-12-17,92622.60883712336,0.0,0.0,0.0,-0.7674913765543264
2024-12-18,92622.60883712336,0.0,0.0,0.0,-1.4375868284767659
2024-12-19,92576.2975327048,-0.0004999999999999449,1.0005002501250626,1.0005002501250626,-1.9025424090284748
2024-12-20,93512.25476053664,0.01011011730622724,0.0,0.0,-1.5987121245647018
2024-12-23,93512.25476053664,0.0,0.0,0.0,-1.5408088555127288
2024-12-24,93512.25476053664,0.0,0.0,0.0,-1.3860660311567048
2024-12-26,93512.25476053664,0.0,0.0,0.0,-1.3445474842432064
2024-12-27,93512.25476053664,0.0,0.0,0.0,-1.3268380205793837
2024-12-30,93512.25476053664,0.0,0.0,0.0,-1.4800315706423066
2024-12-31,93512.25476053664,0.0,0.0,0.0,-1.1257083028694752
