date,equity,return,gross_exposure,net_exposure,zscore
2012-01-03,100000.0,,0.0,0.0,
2012-01-04,100000.0,0.0,0.0,0.0,
2012-01-05,100000.0,0.0,0.0,0.0,
2012-01-06,100000.0,0.0,0.0,0.0,
2012-01-09,100000.0,0.0,0.0,0.0,
2012-01-10,100000.0,0.0,0.0,0.0,
2012-01-11,100000.0,0.0,0.0,0.0,
2012-01-12,100000.0,0.0,0.0,0.0,
2012-01-13,100000.0,0.0,0.0,0.0,
2012-01-17,100000.0,0.0,0.0,0.0,
2012-01-18,100000.0,0.0,0.0,0.0,
2012-01-19,100000.0,0.0,0.0,0.0,
2012-01-20,100000.0,0.0,0.0,0.0,
2012-01-23,100000.0,0.0,0.0,0.0,
2012-01-24,100000.0,0.0,0.0,0.0,
2012-01-25,100000.0,0.0,0.0,0.0,
2012-01-26,100000.0,0.0,0.0,0.0,
2012-01-27,100000.0,0.0,0.0,0.0,
2012-01-30,100000.0,0.0,0.0,0.0,
2012-01-31,100000.0,0.0,0.0,0.0,
2012-02-01,100000.0,0.0,0.0,0.0,
2012-02-02,100000.0,0.0,0.0,0.0,
2012-02-03,100000.0,0.0,0.0,0.0,
2012-02-06,100000.0,0.0,0.0,0.0,
2012-02-07,100000.0,0.0,0.0,0.0,
2012-02-08,100000.0,0.0,0.0,0.0,
2012-02-09,100000.0,0.0,0.0,0.0,
2012-02-10,100000.0,0.0,0.0,0.0,
2012-02-13,100000.0,0.0,0.0,0.0,
2012-02-14,100000.0,0.0,0.0,0.0,
2012-02-15,100000.0,0.0,0.0,0.0,
2012-02-16,100000.0,0.0,0.0,0.0,
2012-02-17,100000.0,0.0,0.0,0.0,
2012-02-21,100000.0,0.0,0.0,0.0,
2012-02-22,100000.0,0.0,0.0,0.0,
2012-02-23,100000.0,0.0,0.0,0.0,
2012-02-24,100000.0,0.0,0.0,0.0,
2012-02-27,100000.0,0.0,0.0,0.0,
2012-02-28,100000.0,0.0,0.0,0.0,
2012-02-29,100000.0,0.0,0.0,0.0,
2012-03-01,100000.0,0.0,0.0,0.0,
2012-03-02,100000.0,0.0,0.0,0.0,
2012-03-05,100000.0,0.0,0.0,0.0,
2012-03-06,100000.0,0.0,0.0,0.0,
2012-03-07,100000.0,0.0,0.0,0.0,
2012-03-08,100000.0,0.0,0.0,0.0,
2012-03-09,100000.0,0.0,0.0,0.0,
2012-03-12,100000.0,0.0,0.0,0.0,
2012-03-13,100000.0,0.0,0.0,0.0,
2012-03-14,100000.0,0.0,0.0,0.0,
2012-03-15,100000.0,0.0,0.0,0.0,
2012-03-16,100000.0,0.0,0.0,0.0,
2012-03-19,100000.0,0.0,0.0,0.0,
2012-03-20,100000.0,0.0,0.0,0.0,
2012-03-21,100000.0,0.0,0.0,0.0,
2012-03-22,100000.0,0.0,0.0,0.0,
2012-03-23,100000.0,0.0,0.0,0.0,
2012-03-26,100000.0,0.0,0.0,0.0,
2012-03-27,100000.0,0.0,0.0,0.0,
2012-03-28,100000.0,0.0,0.0,0.0,
2012-03-29,100000.0,0.0,0.0,0.0,
2012-03-30,100000.0,0.0,0.0,0.0,
2012-04-02,100000.0,0.0,0.0,0.0,
2012-04-03,100000.0,0.0,0.0,0.0,
2012-04-04,100000.0,0.0,0.0,0.0,
2012-04-05,100000.0,0.0,0.0,0.0,
2012-04-09,100000.0,0.0,0.0,0.0,
2012-04-10,100000.0,0.0,0.0,0.0,
2012-04-11,100000.0,0.0,0.0,0.0,
2012-04-12,100000.0,0.0,0.0,0.0,
2012-04-13,100000.0,0.0,0.0,0.0,
2012-04-16,100000.0,0.0,0.0,0.0,
2012-04-17,100000.0,0.0,0.0,0.0,
2012-04-18,100000.0,0.0,0.0,0.0,
2012-04-19,100000.0,0.0,0.0,0.0,
2012-04-20,100000.0,0.0,0.0,0.0,
2012-04-23,100000.0,0.0,0.0,0.0,
2012-04-24,100000.0,0.0,0.0,0.0,
2012-04-25,100000.0,0.0,0.0,0.0,
2012-04-26,100000.0,0.0,0.0,0.0,
2012-04-27,100000.0,0.0,0.0,0.0,
2012-04-30,100000.0,0.0,0.0,0.0,
2012-05-01,100000.0,0.0,0.0,0.0,
2012-05-02,100000.0,0.0,0.0,0.0,
2012-05-03,100000.0,0.0,0.0,0.0,
2012-05-04,100000.0,0.0,0.0,0.0,
2012-05-07,100000.0,0.0,0.0,0.0,
2012-05-08,100000.0,0.0,0.0,0.0,
2012-05-09,100000.0,0.0,0.0,0.0,
2012-05-10,100000.0,0.0,0.0,0.0,
2012-05-11,100000.0,0.0,0.0,0.0,
2012-05-14,100000.0,0.0,0.0,0.0,
2012-05-15,100000.0,0.0,0.0,0.0,
2012-05-16,100000.0,0.0,0.0,0.0,
2012-05-17,100000.0,0.0,0.0,0.0,
2012-05-18,100000.0,0.0,0.0,0.0,
2012-05-21,100000.0,0.0,0.0,0.0,
2012-05-22,100000.0,0.0,0.0,0.0,
2012-05-23,100000.0,0.0,0.0,0.0,
2012-05-24,100000.0,0.0,0.0,0.0,
2012-05-25,100000.0,0.0,0.0,0.0,
2012-05-29,100000.0,0.0,0.0,0.0,
2012-05-30,100000.0,0.0,0.0,0.0,
2012-05-31,100000.0,0.0,0.0,0.0,
2012-06-01,100000.0,0.0,0.0,0.0,
2012-06-04,100000.0,0.0,0.0,0.0,
2012-06-05,100000.0,0.0,0.0,0.0,
2012-06-06,100000.0,0.0,0.0,0.0,
2012-06-07,100000.0,0.0,0.0,0.0,
2012-06-08,100000.0,0.0,0.0,0.0,
2012-06-11,100000.0,0.0,0.0,0.0,
2012-06-12,100000.0,0.0,0.0,0.0,
2012-06-13,100000.0,0.0,0.0,0.0,
2012-06-14,100000.0,0.0,0.0,0.0,
2012-06-15,100000.0,0.0,0.0,0.0,
2012-06-18,100000.0,0.0,0.0,0.0,
2012-06-19,100000.0,0.0,0.0,0.0,
2012-06-20,100000.0,0.0,0.0,0.0,
2012-06-21,100000.0,0.0,0.0,0.0,
2012-06-22,100000.0,0.0,0.0,0.0,
2012-06-25,100000.0,0.0,0.0,0.0,
2012-06-26,100000.0,0.0,0.0,0.0,
2012-06-27,100000.0,0.0,0.0,0.0,
2012-06-28,100000.0,0.0,0.0,0.0,
2012-06-29,100000.0,0.0,0.0,0.0,
2012-07-02,100000.0,0.0,0.0,0.0,
2012-07-03,100000.0,0.0,0.0,0.0,0.46665613817369506
2012-07-05,100000.0,0.0,0.0,0.0,0.48018807055020096
2012-07-06,100000.0,0.0,0.0,0.0,0.5128622084105551
2012-07-09,100000.0,0.0,0.0,0.0,0.49458289844399095
2012-07-10,100000.0,0.0,0.0,0.0,0.27046218359449953
2012-07-11,100000.0,0.0,0.0,0.0,0.5391261766873954
2012-07-12,100000.0,0.0,0.0,0.0,0.19222942308286958
2012-07-13,100000.0,0.0,0.0,0.0,0.6199576939231096
2012-07-16,100000.0,0.0,0.0,0.0,0.6965520364672235
2012-07-17,100000.0,0.0,0.0,0.0,1.146067830416691
2012-07-18,100000.0,0.0,0.0,0.0,1.312317176036014
2012-07-19,100000.0,0.0,0.0,0.0,1.7155109112581706
2012-07-20,100000.0,0.0,0.0,0.0,1.4498908215508677
2012-07-23,100000.0,0.0,0.0,0.0,0.9657298783385514
2012-07-24,100000.0,0.0,0.0,0.0,0.9964032176259207
2012-07-25,100000.0,0.0,0.0,0.0,1.3299350346919678
2012-07-26,100000.0,0.0,0.0,0.0,1.6203517130610603
2012-07-27,100000.0,0.0,0.0,0.0,2.249469483480472
2012-07-30,99950.0,-0.0004999999999999449,1.0005002501250626,-0.24639779970566847,2.159595693152276
2012-07-31,99536.43182599332,-0.004137750615374469,0.9999747794706851,-0.25156408976795075,2.2987538224671953
2012-08-01,99526.40894800183,-0.00010069557254188677,0.9967472339960041,-0.251677712111599,2.1958257062862283
2012-08-02,99276.99308503597,-0.00250602694905,0.9940450448744057,-0.2548099144049167,2.2149221125164877
2012-08-03,98774.96916555689,-0.005056800209984891,1.0185107450308115,-0.2611750351533882,2.3272818048329658
2012-08-06,98858.72228743785,0.0008479184816609919,1.0185077472652897,-0.2600938829659552,2.1655720737215884
2012-08-07,99268.81024106333,0.0041482222725186535,1.0238578053407765,-0.254875695118241,1.870350056219033
2012-08-08,98710.10841412233,-0.005628170878488992,1.03271678266997,-0.2619655671245685,2.0300775597860743
2012-08-09,99047.39682688593,0.003416959196808511,1.0320754399387535,-0.25765536598442185,1.7934769634602075
2012-08-10,99243.0149272424,0.0019749948673397633,1.0314836087298112,-0.25516362931039077,1.6337916998524422
2012-08-13,99630.15002186573,0.003900880025734299,1.0178889351553206,-0.2502736972605261,1.409022795863463
2012-08-14,99906.4006324944,0.0027727611628411974,1.0157001328041395,-0.2468040264996776,1.2451229823116272
2012-08-15,100278.90440502565,0.003728527603566567,1.0124385486460403,-0.24216007353460509,1.0477094669136258
2012-08-16,99943.45477525904,-0.003345166480995143,1.0302377363449957,-0.24631676418395296,1.155373284011816
2012-08-17,100215.29199553437,0.002719910182078511,1.0264144380236202,-0.2429234597789999,1.0077103073102887
2012-08-20,99828.06039536715,-0.0038639971251540617,1.0356815631732337,-0.24773210038999416,1.1419719245489492
2012-08-21,99319.17396783909,-0.005097629118632874,1.0472401364055524,-0.25411236783590374,1.3324553680942224
2012-08-22,99125.38642834981,-0.0019511593959896656,1.049514359020237,-0.2565511892522575,1.371936188187619
2012-08-23,99590.22660227628,0.004689416008102576,1.033106820225348,-0.25067330483616523,1.1359971860352536
2012-08-24,99853.732450805,0.002645900682413771,1.0314177698962659,-0.2473601777766311,0.9898153688367058
2012-08-27,100225.73669884187,0.003725491665723668,1.0227345330201638,-0.24271775684150787,0.7939239793918247
2012-08-28,99995.36571720302,-0.0022985212104856823,1.0270987709063262,-0.24556816760367348,0.8805235110078057
2012-08-29,100112.81558305856,0.001174553090667274,1.023858796246079,-0.2440942871495481,0.7977866124965043
2012-08-30,100868.8334462235,0.007551659183311132,1.0002497372717791,-0.23475724238132223,0.37708858116678573
2012-08-31,100391.51541320283,-0.0047320665532942785,0.0,0.0,0.5804850578375478
2012-09-04,100391.51541320283,0.0,0.0,0.0,-0.071784959822462
2012-09-05,100391.51541320283,0.0,0.0,0.0,-0.18269728089918308
2012-09-06,100391.51541320283,0.0,0.0,0.0,0.2233479413781087
2012-09-07,100391.51541320283,0.0,0.0,0.0,0.09866497177913015
2012-09-10,100391.51541320283,0.0,0.0,0.0,-0.28836063357183267
2012-09-11,100391.51541320283,0.0,0.0,0.0,0.158687840074321
2012-09-12,100391.51541320283,0.0,0.0,0.0,0.2661113396651787
2012-09-13,100391.51541320283,0.0,0.0,0.0,0.5236688466387942
2012-09-14,100391.51541320283,0.0,0.0,0.0,0.5129656882035561
2012-09-17,100391.51541320283,0.0,0.0,0.0,0.20286198939831965
2012-09-18,100391.51541320283,0.0,0.0,0.0,0.12939938987120791
2012-09-19,100391.51541320283,0.0,0.0,0.0,0.413615600088144
2012-09-20,100391.51541320283,0.0,0.0,0.0,0.20536347084009818
2012-09-21,100391.51541320283,0.0,0.0,0.0,0.2563609336055604
2012-09-24,100391.51541320283,0.0,0.0,0.0,0.18520706845147494
2012-09-25,100391.51541320283,0.0,0.0,0.0,-0.2882455456730162
2012-09-26,100391.51541320283,0.0,0.0,0.0,-0.3614965904817657
2012-09-27,100391.51541320283,0.0,0.0,0.0,0.1490860509125857
2012-09-28,100391.51541320283,0.0,0.0,0.0,-0.2531714826350097
2012-10-01,100391.51541320283,0.0,0.0,0.0,0.005061639231131669
2012-10-02,100391.51541320283,0.0,0.0,0.0,-0.1359951470443785
2012-10-03,100391.51541320283,0.0,0.0,0.0,-0.3809963868780664
2012-10-04,100391.51541320283,0.0,0.0,0.0,-0.41445527865237697
2012-10-05,100391.51541320283,0.0,0.0,0.0,-0.4559098236266458
2012-10-08,100391.51541320283,0.0,0.0,0.0,-0.404862695771591
2012-10-09,100391.51541320283,0.0,0.0,0.0,-0.26937028625316256
2012-10-10,100391.51541320283,0.0,0.0,0.0,0.2428013671646365
2012-10-11,100391.51541320283,0.0,0.0,0.0,0.4200616125408374
2012-10-12,100391.51541320283,0.0,0.0,0.0,0.41064029604324487
2012-10-15,100391.51541320283,0.0,0.0,0.0,1.0156545649677482
2012-10-16,100391.51541320283,0.0,0.0,0.0,1.0753987784857306
2012-10-17,100391.51541320283,0.0,0.0,0.0,1.792572975811005
2012-10-18,100391.51541320283,0.0,0.0,0.0,1.7367323699858603
2012-10-19,100391.51541320283,0.0,0.0,0.0,1.4263724824621868
2012-10-22,100391.51541320283,0.0,0.0,0.0,1.5536626993865923
2012-10-23,100391.51541320283,0.0,0.0,0.0,1.1226263714656437
2012-10-24,100391.51541320283,0.0,0.0,0.0,1.760513884194214
2012-10-25,100391.51541320283,0.0,0.0,0.0,1.7994215496086585
2012-10-26,100391.51541320283,0.0,0.0,0.0,1.608533465581013
2012-10-31,100391.51541320283,0.0,0.0,0.0,1.4160121383206408
2012-11-01,100391.51541320283,0.0,0.0,0.0,1.119841174073157
2012-11-02,100391.51541320283,0.0,0.0,0.0,0.4490078683483327
2012-11-05,100391.51541320283,0.0,0.0,0.0,1.0769416275810668
2012-11-06,100391.51541320283,0.0,0.0,0.0,1.8854466075344904
2012-11-07,100391.51541320283,0.0,0.0,0.0,1.7922007602154286
2012-11-08,100391.51541320283,0.0,0.0,0.0,1.8452364089202251
2012-11-09,100391.51541320283,0.0,0.0,0.0,1.9869924213125874
2012-11-12,100391.51541320283,0.0,0.0,0.0,1.9248272444478867
2012-11-13,100391.51541320283,0.0,0.0,0.0,1.3388957382976339
2012-11-14,100391.51541320283,0.0,0.0,0.0,1.0529780958505948
2012-11-15,100391.51541320283,0.0,0.0,0.0,1.1387635274813128
2012-11-16,100391.51541320283,0.0,0.0,0.0,0.9281122981184347
2012-11-19,100391.51541320283,0.0,0.0,0.0,1.2650479147481228
2012-11-20,100391.51541320283,0.0,0.0,0.0,0.9867251082960931
2012-11-21,100391.51541320283,0.0,0.0,0.0,0.7272375932768049
2012-11-23,100391.51541320283,0.0,0.0,0.0,1.3453831501024935
2012-11-26,100391.51541320283,0.0,0.0,0.0,1.248661736428568
2012-11-27,100391.51541320283,0.0,0.0,0.0,1.5820059035624885
2012-11-28,100391.51541320283,0.0,0.0,0.0,1.742517251722884
2012-11-29,100391.51541320283,0.0,0.0,0.0,1.8396450432174474
2012-11-30,100391.51541320283,0.0,0.0,0.0,2.041871208395272
2012-12-03,100341.31965549622,-0.000500000000000056,1.0005002501250624,-0.24639779970566836,2.0765727571894446
2012-12-04,100147.47435500054,-0.0019318591898254134,1.0030133733098658,-0.24879793144543066,2.130806320495362
2012-12-05,100206.01501094138,0.0005845445061682941,1.0045227943103445,-0.24805596842275462,1.985072812609763
2012-12-06,99969.86537604673,-0.002356641314085417,1.010054932310685,-0.2509916807245129,2.1025267970424615
2012-12-07,99444.8849666026,-0.00525138658003943,1.021196398612542,-0.2575832260178398,2.3879460993956343
2012-12-10,99644.089776911,0.0020031679897392074,1.024181745626394,-0.2550564508044728,2.1087564906398177
2012-12-11,99417.63096969665,-0.0022726767610738996,1.032307082550813,-0.25790256587851673,2.1530923649671374
2012-12-12,99512.85523741203,0.0009578207284421936,1.0363135142620523,-0.2566860861971193,1.9741344760047932
2012-12-13,99648.16740828704,0.0013597456384122353,1.029745809881288,-0.2549668231559923,1.7952967607982782
2012-12-14,99409.92848958452,-0.0023908008034547734,1.0313408213315305,-0.2579616136275579,1.879316319226032
2012-12-17,99295.16605461763,-0.0011544363496742704,1.036936104153162,-0.25940272321135227,1.8665885421890849
2012-12-18,99260.68014608692,-0.0003473070231005959,1.0414036573121452,-0.25982740961436634,1.8067796978280763
2012-12-19,99509.28806518282,0.0025045961676870565,1.0376641612457764,-0.2566670570807809,1.5756581774916043
2012-12-20,99265.09728922654,-0.002453949583041126,1.0440406530890058,-0.25974556860611636,1.6681739157061546
2012-12-21,99563.87339591356,0.0030098807621825596,1.0335011424507554,-0.25595236735029125,1.4272882024032747
2012-12-24,99739.95026840687,0.0017684815434324541,1.0282541531123224,-0.253722390245037,1.2741435523699756
2012-12-26,99774.08053497174,0.00034219253642109315,1.026177631151743,-0.25328080888493326,1.2108585690979383
2012-12-27,99318.21367101469,-0.004568990879322277,1.0351898978759642,-0.25902056934306117,1.474244983989985
2012-12-28,99276.99883194514,-0.0004149776515923742,1.0305146243767458,-0.2595304069238801,1.4558948916949535
2012-12-31,98655.36477785523,-0.006261612069299205,1.0543798832154776,-0.2674539135806505,1.8039478194373781
2013-01-02,98402.33755950046,-0.0025647588341952687,1.0729833861202442,-0.27069983878726694,1.8989985873685613
2013-01-03,98304.48253734868,-0.0009944379836770434,0.0,0.0,1.8711325452802041
2013-01-04,98304.48253734868,0.0,0.0,0.0,
2013-01-07,98304.48253734868,0.0,0.0,0.0,
2013-01-08,98304.48253734868,0.0,0.0,0.0,
2013-01-09,98304.48253734868,0.0,0.0,0.0,
2013-01-10,98304.48253734868,0.0,0.0,0.0,
2013-01-11,98304.48253734868,0.0,0.0,0.0,
2013-01-14,98304.48253734868,0.0,0.0,0.0,
2013-01-15,98304.48253734868,0.0,0.0,0.0,
2013-01-16,98304.48253734868,0.0,0.0,0.0,
2013-01-17,98304.48253734868,0.0,0.0,0.0,
2013-01-18,98304.48253734868,0.0,0.0,0.0,
2013-01-22,98304.48253734868,0.0,0.0,0.0,
2013-01-23,98304.48253734868,0.0,0.0,0.0,
2013-01-24,98304.48253734868,0.0,0.0,0.0,
2013-01-25,98304.48253734868,0.0,0.0,0.0,
2013-01-28,98304.48253734868,0.0,0.0,0.0,
2013-01-29,98304.48253734868,0.0,0.0,0.0,
2013-01-30,98304.48253734868,0.0,0.0,0.0,
2013-01-31,98304.48253734868,0.0,0.0,0.0,
2013-02-01,98304.48253734868,0.0,0.0,0.0,
2013-02-04,98304.48253734868,0.0,0.0,0.0,
2013-02-05,98304.48253734868,0.0,0.0,0.0,
2013-02-06,98304.48253734868,0.0,0.0,0.0,
2013-02-07,98304.48253734868,0.0,0.0,0.0,
2013-02-08,98304.48253734868,0.0,0.0,0.0,
2013-02-11,98304.48253734868,0.0,0.0,0.0,
2013-02-12,98304.48253734868,0.0,0.0,0.0,
2013-02-13,98304.48253734868,0.0,0.0,0.0,
2013-02-14,98304.48253734868,0.0,0.0,0.0,
2013-02-15,98304.48253734868,0.0,0.0,0.0,
2013-02-19,98304.48253734868,0.0,0.0,0.0,
2013-02-20,98304.48253734868,0.0,0.0,0.0,
2013-02-21,98304.48253734868,0.0,0.0,0.0,
2013-02-22,98304.48253734868,0.0,0.0,0.0,
2013-02-25,98304.48253734868,0.0,0.0,0.0,
2013-02-26,98304.48253734868,0.0,0.0,0.0,
2013-02-27,98304.48253734868,0.0,0.0,0.0,
2013-02-28,98304.48253734868,0.0,0.0,0.0,
2013-03-01,98304.48253734868,0.0,0.0,0.0,
2013-03-04,98304.48253734868,0.0,0.0,0.0,
2013-03-05,98304.48253734868,0.0,0.0,0.0,
2013-03-06,98304.48253734868,0.0,0.0,0.0,
2013-03-07,98304.48253734868,0.0,0.0,0.0,
2013-03-08,98304.48253734868,0.0,0.0,0.0,
2013-03-11,98304.48253734868,0.0,0.0,0.0,
2013-03-12,98304.48253734868,0.0,0.0,0.0,
2013-03-13,98304.48253734868,0.0,0.0,0.0,
2013-03-14,98304.48253734868,0.0,0.0,0.0,
2013-03-15,98304.48253734868,0.0,0.0,0.0,
2013-03-18,98304.48253734868,0.0,0.0,0.0,
2013-03-19,98304.48253734868,0.0,0.0,0.0,
2013-03-20,98304.48253734868,0.0,0.0,0.0,
2013-03-21,98304.48253734868,0.0,0.0,0.0,
2013-03-22,98304.48253734868,0.0,0.0,0.0,
2013-03-25,98304.48253734868,0.0,0.0,0.0,
2013-03-26,98304.48253734868,0.0,0.0,0.0,
2013-03-27,98304.48253734868,0.0,0.0,0.0,
2013-03-28,98304.48253734868,0.0,0.0,0.0,
2013-04-01,98304.48253734868,0.0,0.0,0.0,
2013-04-02,98304.48253734868,0.0,0.0,0.0,
2013-04-03,98304.48253734868,0.0,0.0,0.0,
2013-04-04,98304.48253734868,0.0,0.0,0.0,
2013-04-05,98304.48253734868,0.0,0.0,0.0,
2013-04-08,98304.48253734868,0.0,0.0,0.0,
2013-04-09,98304.48253734868,0.0,0.0,0.0,
2013-04-10,98304.48253734868,0.0,0.0,0.0,
2013-04-11,98304.48253734868,0.0,0.0,0.0,
2013-04-12,98304.48253734868,0.0,0.0,0.0,
2013-04-15,98304.48253734868,0.0,0.0,0.0,
2013-04-16,98304.48253734868,0.0,0.0,0.0,
2013-04-17,98304.48253734868,0.0,0.0,0.0,
2013-04-18,98304.48253734868,0.0,0.0,0.0,
2013-04-19,98304.48253734868,0.0,0.0,0.0,
2013-04-22,98304.48253734868,0.0,0.0,0.0,
2013-04-23,98304.48253734868,0.0,0.0,0.0,
2013-04-24,98304.48253734868,0.0,0.0,0.0,
2013-04-25,98304.48253734868,0.0,0.0,0.0,
2013-04-26,98304.48253734868,0.0,0.0,0.0,
2013-04-29,98304.48253734868,0.0,0.0,0.0,
2013-04-30,98304.48253734868,0.0,0.0,0.0,
2013-05-01,98304.48253734868,0.0,0.0,0.0,
2013-05-02,98304.48253734868,0.0,0.0,0.0,
2013-05-03,98304.48253734868,0.0,0.0,0.0,
2013-05-06,98304.48253734868,0.0,0.0,0.0,
2013-05-07,98304.48253734868,0.0,0.0,0.0,
2013-05-08,98304.48253734868,0.0,0.0,0.0,
2013-05-09,98304.48253734868,0.0,0.0,0.0,
2013-05-10,98304.48253734868,0.0,0.0,0.0,
2013-05-13,98304.48253734868,0.0,0.0,0.0,
2013-05-14,98304.48253734868,0.0,0.0,0.0,
2013-05-15,98304.48253734868,0.0,0.0,0.0,
2013-05-16,98304.48253734868,0.0,0.0,0.0,
2013-05-17,98304.48253734868,0.0,0.0,0.0,
2013-05-20,98304.48253734868,0.0,0.0,0.0,
2013-05-21,98304.48253734868,0.0,0.0,0.0,
2013-05-22,98304.48253734868,0.0,0.0,0.0,
2013-05-23,98304.48253734868,0.0,0.0,0.0,
2013-05-24,98304.48253734868,0.0,0.0,0.0,
2013-05-28,98304.48253734868,0.0,0.0,0.0,
2013-05-29,98304.48253734868,0.0,0.0,0.0,
2013-05-30,98304.48253734868,0.0,0.0,0.0,
2013-05-31,98304.48253734868,0.0,0.0,0.0,
2013-06-03,98304.48253734868,0.0,0.0,0.0,
2013-06-04,98304.48253734868,0.0,0.0,0.0,
2013-06-05,98304.48253734868,0.0,0.0,0.0,
2013-06-06,98304.48253734868,0.0,0.0,0.0,
2013-06-07,98304.48253734868,0.0,0.0,0.0,
2013-06-10,98304.48253734868,0.0,0.0,0.0,
2013-06-11,98304.48253734868,0.0,0.0,0.0,
2013-06-12,98304.48253734868,0.0,0.0,0.0,
2013-06-13,98304.48253734868,0.0,0.0,0.0,
2013-06-14,98304.48253734868,0.0,0.0,0.0,
2013-06-17,98304.48253734868,0.0,0.0,0.0,
2013-06-18,98304.48253734868,0.0,0.0,0.0,
2013-06-19,98304.48253734868,0.0,0.0,0.0,
2013-06-20,98304.48253734868,0.0,0.0,0.0,
2013-06-21,98304.48253734868,0.0,0.0,0.0,
2013-06-24,98304.48253734868,0.0,0.0,0.0,
2013-06-25,98304.48253734868,0.0,0.0,0.0,
2013-06-26,98304.48253734868,0.0,0.0,0.0,
2013-06-27,98304.48253734868,0.0,0.0,0.0,
2013-06-28,98304.48253734868,0.0,0.0,0.0,
2013-07-01,98304.48253734868,0.0,0.0,0.0,
2013-07-02,98304.48253734868,0.0,0.0,0.0,
2013-07-03,98304.48253734868,0.0,0.0,0.0,
2013-07-05,98304.48253734868,0.0,0.0,0.0,
2013-07-08,98304.48253734868,0.0,0.0,0.0,
2013-07-09,98304.48253734868,0.0,0.0,0.0,
2013-07-10,98304.48253734868,0.0,0.0,0.0,
2013-07-11,98304.48253734868,0.0,0.0,0.0,
2013-07-12,98304.48253734868,0.0,0.0,0.0,
2013-07-15,98304.48253734868,0.0,0.0,0.0,
2013-07-16,98304.48253734868,0.0,0.0,0.0,
2013-07-17,98304.48253734868,0.0,0.0,0.0,
2013-07-18,98304.48253734868,0.0,0.0,0.0,
2013-07-19,98304.48253734868,0.0,0.0,0.0,
2013-07-22,98304.48253734868,0.0,0.0,0.0,
2013-07-23,98304.48253734868,0.0,0.0,0.0,
2013-07-24,98304.48253734868,0.0,0.0,0.0,
2013-07-25,98304.48253734868,0.0,0.0,0.0,
2013-07-26,98304.48253734868,0.0,0.0,0.0,
2013-07-29,98304.48253734868,0.0,0.0,0.0,
2013-07-30,98304.48253734868,0.0,0.0,0.0,
2013-07-31,98304.48253734868,0.0,0.0,0.0,
2013-08-01,98304.48253734868,0.0,0.0,0.0,
2013-08-02,98304.48253734868,0.0,0.0,0.0,
2013-08-05,98304.48253734868,0.0,0.0,0.0,
2013-08-06,98304.48253734868,0.0,0.0,0.0,
2013-08-07,98304.48253734868,0.0,0.0,0.0,
2013-08-08,98304.48253734868,0.0,0.0,0.0,
2013-08-09,98304.48253734868,0.0,0.0,0.0,
2013-08-12,98304.48253734868,0.0,0.0,0.0,
2013-08-13,98304.48253734868,0.0,0.0,0.0,
2013-08-14,98304.48253734868,0.0,0.0,0.0,
2013-08-15,98304.48253734868,0.0,0.0,0.0,
2013-08-16,98304.48253734868,0.0,0.0,0.0,
2013-08-19,98304.48253734868,0.0,0.0,0.0,
2013-08-20,98304.48253734868,0.0,0.0,0.0,
2013-08-21,98304.48253734868,0.0,0.0,0.0,
2013-08-22,98304.48253734868,0.0,0.0,0.0,
2013-08-23,98304.48253734868,0.0,0.0,0.0,
2013-08-26,98304.48253734868,0.0,0.0,0.0,
2013-08-27,98304.48253734868,0.0,0.0,0.0,
2013-08-28,98304.48253734868,0.0,0.0,0.0,
2013-08-29,98304.48253734868,0.0,0.0,0.0,
2013-08-30,98304.48253734868,0.0,0.0,0.0,
2013-09-03,98304.48253734868,0.0,0.0,0.0,
2013-09-04,98304.48253734868,0.0,0.0,0.0,
2013-09-05,98304.48253734868,0.0,0.0,0.0,
2013-09-06,98304.48253734868,0.0,0.0,0.0,
2013-09-09,98304.48253734868,0.0,0.0,0.0,
2013-09-10,98304.48253734868,0.0,0.0,0.0,
2013-09-11,98304.48253734868,0.0,0.0,0.0,
2013-09-12,98304.48253734868,0.0,0.0,0.0,
2013-09-13,98304.48253734868,0.0,0.0,0.0,
2013-09-16,98304.48253734868,0.0,0.0,0.0,
2013-09-17,98304.48253734868,0.0,0.0,0.0,
2013-09-18,98304.48253734868,0.0,0.0,0.0,
2013-09-19,98304.48253734868,0.0,0.0,0.0,
2013-09-20,98304.48253734868,0.0,0.0,0.0,
2013-09-23,98304.48253734868,0.0,0.0,0.0,
2013-09-24,98304.48253734868,0.0,0.0,0.0,
2013-09-25,98304.48253734868,0.0,0.0,0.0,
2013-09-26,98304.48253734868,0.0,0.0,0.0,
2013-09-27,98304.48253734868,0.0,0.0,0.0,
2013-09-30,98304.48253734868,0.0,0.0,0.0,
2013-10-01,98304.48253734868,0.0,0.0,0.0,
2013-10-02,98304.48253734868,0.0,0.0,0.0,
2013-10-03,98304.48253734868,0.0,0.0,0.0,
2013-10-04,98304.48253734868,0.0,0.0,0.0,
2013-10-07,98304.48253734868,0.0,0.0,0.0,
2013-10-08,98304.48253734868,0.0,0.0,0.0,
2013-10-09,98304.48253734868,0.0,0.0,0.0,
2013-10-10,98304.48253734868,0.0,0.0,0.0,
2013-10-11,98304.48253734868,0.0,0.0,0.0,
2013-10-14,98304.48253734868,0.0,0.0,0.0,
2013-10-15,98304.48253734868,0.0,0.0,0.0,
2013-10-16,98304.48253734868,0.0,0.0,0.0,
2013-10-17,98304.48253734868,0.0,0.0,0.0,
2013-10-18,98304.48253734868,0.0,0.0,0.0,
2013-10-21,98304.48253734868,0.0,0.0,0.0,
2013-10-22,98304.48253734868,0.0,0.0,0.0,
2013-10-23,98304.48253734868,0.0,0.0,0.0,
2013-10-24,98304.48253734868,0.0,0.0,0.0,
2013-10-25,98304.48253734868,0.0,0.0,0.0,
2013-10-28,98304.48253734868,0.0,0.0,0.0,
2013-10-29,98304.48253734868,0.0,0.0,0.0,
2013-10-30,98304.48253734868,0.0,0.0,0.0,
2013-10-31,98304.48253734868,0.0,0.0,0.0,
2013-11-01,98304.48253734868,0.0,0.0,0.0,
2013-11-04,98304.48253734868,0.0,0.0,0.0,
2013-11-05,98304.48253734868,0.0,0.0,0.0,
2013-11-06,98304.48253734868,0.0,0.0,0.0,
2013-11-07,98304.48253734868,0.0,0.0,0.0,
2013-11-08,98304.48253734868,0.0,0.0,0.0,
2013-11-11,98304.48253734868,0.0,0.0,0.0,
2013-11-12,98304.48253734868,0.0,0.0,0.0,
2013-11-13,98304.48253734868,0.0,0.0,0.0,
2013-11-14,98304.48253734868,0.0,0.0,0.0,
2013-11-15,98304.48253734868,0.0,0.0,0.0,
2013-11-18,98304.48253734868,0.0,0.0,0.0,
2013-11-19,98304.48253734868,0.0,0.0,0.0,
2013-11-20,98304.48253734868,0.0,0.0,0.0,
2013-11-21,98304.48253734868,0.0,0.0,0.0,
2013-11-22,98304.48253734868,0.0,0.0,0.0,
2013-11-25,98304.48253734868,0.0,0.0,0.0,
2013-11-26,98304.48253734868,0.0,0.0,0.0,
2013-11-27,98304.48253734868,0.0,0.0,0.0,
2013-11-29,98304.48253734868,0.0,0.0,0.0,
2013-12-02,98304.48253734868,0.0,0.0,0.0,
2013-12-03,98304.48253734868,0.0,0.0,0.0,
2013-12-04,98304.48253734868,0.0,0.0,0.0,
2013-12-05,98304.48253734868,0.0,0.0,0.0,
2013-12-06,98304.48253734868,0.0,0.0,0.0,
2013-12-09,98304.48253734868,0.0,0.0,0.0,
2013-12-10,98304.48253734868,0.0,0.0,0.0,
2013-12-11,98304.48253734868,0.0,0.0,0.0,
2013-12-12,98304.48253734868,0.0,0.0,0.0,
2013-12-13,98304.48253734868,0.0,0.0,0.0,
2013-12-16,98304.48253734868,0.0,0.0,0.0,
2013-12-17,98304.48253734868,0.0,0.0,0.0,
2013-12-18,98304.48253734868,0.0,0.0,0.0,
2013-12-19,98304.48253734868,0.0,0.0,0.0,
2013-12-20,98304.48253734868,0.0,0.0,0.0,
2013-12-23,98304.48253734868,0.0,0.0,0.0,
2013-12-24,98304.48253734868,0.0,0.0,0.0,
2013-12-26,98304.48253734868,0.0,0.0,0.0,
2013-12-27,98304.48253734868,0.0,0.0,0.0,
2013-12-30,98304.48253734868,0.0,0.0,0.0,
2013-12-31,98304.48253734868,0.0,0.0,0.0,
2014-01-02,98304.48253734868,0.0,0.0,0.0,
2014-01-03,98304.48253734868,0.0,0.0,0.0,
2014-01-06,98304.48253734868,0.0,0.0,0.0,
2014-01-07,98304.48253734868,0.0,0.0,0.0,
2014-01-08,98304.48253734868,0.0,0.0,0.0,
2014-01-09,98304.48253734868,0.0,0.0,0.0,
2014-01-10,98304.48253734868,0.0,0.0,0.0,
2014-01-13,98304.48253734868,0.0,0.0,0.0,
2014-01-14,98304.48253734868,0.0,0.0,0.0,
2014-01-15,98304.48253734868,0.0,0.0,0.0,
2014-01-16,98304.48253734868,0.0,0.0,0.0,
2014-01-17,98304.48253734868,0.0,0.0,0.0,
2014-01-21,98304.48253734868,0.0,0.0,0.0,
2014-01-22,98304.48253734868,0.0,0.0,0.0,
2014-01-23,98304.48253734868,0.0,0.0,0.0,
2014-01-24,98304.48253734868,0.0,0.0,0.0,
2014-01-27,98304.48253734868,0.0,0.0,0.0,
2014-01-28,98304.48253734868,0.0,0.0,0.0,
2014-01-29,98304.48253734868,0.0,0.0,0.0,
2014-01-30,98304.48253734868,0.0,0.0,0.0,
2014-01-31,98304.48253734868,0.0,0.0,0.0,
2014-02-03,98304.48253734868,0.0,0.0,0.0,
2014-02-04,98304.48253734868,0.0,0.0,0.0,
2014-02-05,98304.48253734868,0.0,0.0,0.0,
2014-02-06,98304.48253734868,0.0,0.0,0.0,
2014-02-07,98304.48253734868,0.0,0.0,0.0,
2014-02-10,98304.48253734868,0.0,0.0,0.0,
2014-02-11,98304.48253734868,0.0,0.0,0.0,
2014-02-12,98304.48253734868,0.0,0.0,0.0,
2014-02-13,98304.48253734868,0.0,0.0,0.0,
2014-02-14,98304.48253734868,0.0,0.0,0.0,
2014-02-18,98304.48253734868,0.0,0.0,0.0,
2014-02-19,98304.48253734868,0.0,0.0,0.0,
2014-02-20,98304.48253734868,0.0,0.0,0.0,
2014-02-21,98304.48253734868,0.0,0.0,0.0,
2014-02-24,98304.48253734868,0.0,0.0,0.0,
2014-02-25,98304.48253734868,0.0,0.0,0.0,
2014-02-26,98304.48253734868,0.0,0.0,0.0,
2014-02-27,98304.48253734868,0.0,0.0,0.0,
2014-02-28,98304.48253734868,0.0,0.0,0.0,
2014-03-03,98304.48253734868,0.0,0.0,0.0,
2014-03-04,98304.48253734868,0.0,0.0,0.0,
2014-03-05,98304.48253734868,0.0,0.0,0.0,
2014-03-06,98304.48253734868,0.0,0.0,0.0,
2014-03-07,98304.48253734868,0.0,0.0,0.0,
2014-03-10,98304.48253734868,0.0,0.0,0.0,
2014-03-11,98304.48253734868,0.0,0.0,0.0,
2014-03-12,98304.48253734868,0.0,0.0,0.0,
2014-03-13,98304.48253734868,0.0,0.0,0.0,
2014-03-14,98304.48253734868,0.0,0.0,0.0,
2014-03-17,98304.48253734868,0.0,0.0,0.0,
2014-03-18,98304.48253734868,0.0,0.0,0.0,
2014-03-19,98304.48253734868,0.0,0.0,0.0,
2014-03-20,98304.48253734868,0.0,0.0,0.0,
2014-03-21,98304.48253734868,0.0,0.0,0.0,
2014-03-24,98304.48253734868,0.0,0.0,0.0,
2014-03-25,98304.48253734868,0.0,0.0,0.0,
2014-03-26,98304.48253734868,0.0,0.0,0.0,
2014-03-27,98304.48253734868,0.0,0.0,0.0,
2014-03-28,98304.48253734868,0.0,0.0,0.0,
2014-03-31,98304.48253734868,0.0,0.0,0.0,
2014-04-01,98304.48253734868,0.0,0.0,0.0,
2014-04-02,98304.48253734868,0.0,0.0,0.0,
2014-04-03,98304.48253734868,0.0,0.0,0.0,
2014-04-04,98304.48253734868,0.0,0.0,0.0,
2014-04-07,98304.48253734868,0.0,0.0,0.0,
2014-04-08,98304.48253734868,0.0,0.0,0.0,
2014-04-09,98304.48253734868,0.0,0.0,0.0,
2014-04-10,98304.48253734868,0.0,0.0,0.0,
2014-04-11,98304.48253734868,0.0,0.0,0.0,
2014-04-14,98304.48253734868,0.0,0.0,0.0,
2014-04-15,98304.48253734868,0.0,0.0,0.0,
2014-04-16,98304.48253734868,0.0,0.0,0.0,
2014-04-17,98304.48253734868,0.0,0.0,0.0,
2014-04-21,98304.48253734868,0.0,0.0,0.0,
2014-04-22,98304.48253734868,0.0,0.0,0.0,
2014-04-23,98304.48253734868,0.0,0.0,0.0,
2014-04-24,98304.48253734868,0.0,0.0,0.0,
2014-04-25,98304.48253734868,0.0,0.0,0.0,
2014-04-28,98304.48253734868,0.0,0.0,0.0,
2014-04-29,98304.48253734868,0.0,0.0,0.0,
2014-04-30,98304.48253734868,0.0,0.0,0.0,
2014-05-01,98304.48253734868,0.0,0.0,0.0,
2014-05-02,98304.48253734868,0.0,0.0,0.0,
2014-05-05,98304.48253734868,0.0,0.0,0.0,
2014-05-06,98304.48253734868,0.0,0.0,0.0,
2014-05-07,98304.48253734868,0.0,0.0,0.0,
2014-05-08,98304.48253734868,0.0,0.0,0.0,
2014-05-09,98304.48253734868,0.0,0.0,0.0,
2014-05-12,98304.48253734868,0.0,0.0,0.0,
2014-05-13,98304.48253734868,0.0,0.0,0.0,
2014-05-14,98304.48253734868,0.0,0.0,0.0,
2014-05-15,98304.48253734868,0.0,0.0,0.0,
2014-05-16,98304.48253734868,0.0,0.0,0.0,
2014-05-19,98304.48253734868,0.0,0.0,0.0,
2014-05-20,98304.48253734868,0.0,0.0,0.0,
2014-05-21,98304.48253734868,0.0,0.0,0.0,
2014-05-22,98304.48253734868,0.0,0.0,0.0,
2014-05-23,98304.48253734868,0.0,0.0,0.0,
2014-05-27,98304.48253734868,0.0,0.0,0.0,
2014-05-28,98304.48253734868,0.0,0.0,0.0,
2014-05-29,98304.48253734868,0.0,0.0,0.0,
2014-05-30,98304.48253734868,0.0,0.0,0.0,
2014-06-02,98304.48253734868,0.0,0.0,0.0,
2014-06-03,98304.48253734868,0.0,0.0,0.0,
2014-06-04,98304.48253734868,0.0,0.0,0.0,
2014-06-05,98304.48253734868,0.0,0.0,0.0,
2014-06-06,98304.48253734868,0.0,0.0,0.0,
2014-06-09,98304.48253734868,0.0,0.0,0.0,
2014-06-10,98304.48253734868,0.0,0.0,0.0,
2014-06-11,98304.48253734868,0.0,0.0,0.0,
2014-06-12,98304.48253734868,0.0,0.0,0.0,
2014-06-13,98304.48253734868,0.0,0.0,0.0,
2014-06-16,98304.48253734868,0.0,0.0,0.0,
2014-06-17,98304.48253734868,0.0,0.0,0.0,
2014-06-18,98304.48253734868,0.0,0.0,0.0,
2014-06-19,98304.48253734868,0.0,0.0,0.0,
2014-06-20,98304.48253734868,0.0,0.0,0.0,
2014-06-23,98304.48253734868,0.0,0.0,0.0,
2014-06-24,98304.48253734868,0.0,0.0,0.0,
2014-06-25,98304.48253734868,0.0,0.0,0.0,
2014-06-26,98304.48253734868,0.0,0.0,0.0,
2014-06-27,98304.48253734868,0.0,0.0,0.0,
2014-06-30,98304.48253734868,0.0,0.0,0.0,
2014-07-01,98304.48253734868,0.0,0.0,0.0,
2014-07-02,98304.48253734868,0.0,0.0,0.0,
2014-07-03,98304.48253734868,0.0,0.0,0.0,
2014-07-07,98304.48253734868,0.0,0.0,0.0,
2014-07-08,98304.48253734868,0.0,0.0,0.0,
2014-07-09,98304.48253734868,0.0,0.0,0.0,
2014-07-10,98304.48253734868,0.0,0.0,0.0,
2014-07-11,98304.48253734868,0.0,0.0,0.0,
2014-07-14,98304.48253734868,0.0,0.0,0.0,
2014-07-15,98304.48253734868,0.0,0.0,0.0,
2014-07-16,98304.48253734868,0.0,0.0,0.0,
2014-07-17,98304.48253734868,0.0,0.0,0.0,
2014-07-18,98304.48253734868,0.0,0.0,0.0,
2014-07-21,98304.48253734868,0.0,0.0,0.0,
2014-07-22,98304.48253734868,0.0,0.0,0.0,
2014-07-23,98304.48253734868,0.0,0.0,0.0,
2014-07-24,98304.48253734868,0.0,0.0,0.0,
2014-07-25,98304.48253734868,0.0,0.0,0.0,
2014-07-28,98304.48253734868,0.0,0.0,0.0,
2014-07-29,98304.48253734868,0.0,0.0,0.0,
2014-07-30,98304.48253734868,0.0,0.0,0.0,
2014-07-31,98304.48253734868,0.0,0.0,0.0,
2014-08-01,98304.48253734868,0.0,0.0,0.0,
2014-08-04,98304.48253734868,0.0,0.0,0.0,
2014-08-05,98304.48253734868,0.0,0.0,0.0,
2014-08-06,98304.48253734868,0.0,0.0,0.0,
2014-08-07,98304.48253734868,0.0,0.0,0.0,
2014-08-08,98304.48253734868,0.0,0.0,0.0,
2014-08-11,98304.48253734868,0.0,0.0,0.0,
2014-08-12,98304.48253734868,0.0,0.0,0.0,
2014-08-13,98304.48253734868,0.0,0.0,0.0,
2014-08-14,98304.48253734868,0.0,0.0,0.0,
2014-08-15,98304.48253734868,0.0,0.0,0.0,
2014-08-18,98304.48253734868,0.0,0.0,0.0,
2014-08-19,98304.48253734868,0.0,0.0,0.0,
2014-08-20,98304.48253734868,0.0,0.0,0.0,
2014-08-21,98304.48253734868,0.0,0.0,0.0,
2014-08-22,98304.48253734868,0.0,0.0,0.0,
2014-08-25,98304.48253734868,0.0,0.0,0.0,
2014-08-26,98304.48253734868,0.0,0.0,0.0,
2014-08-27,98304.48253734868,0.0,0.0,0.0,
2014-08-28,98304.48253734868,0.0,0.0,0.0,
2014-08-29,98304.48253734868,0.0,0.0,0.0,
2014-09-02,98304.48253734868,0.0,0.0,0.0,
2014-09-03,98304.48253734868,0.0,0.0,0.0,
2014-09-04,98304.48253734868,0.0,0.0,0.0,
2014-09-05,98304.48253734868,0.0,0.0,0.0,
2014-09-08,98304.48253734868,0.0,0.0,0.0,
2014-09-09,98304.48253734868,0.0,0.0,0.0,
2014-09-10,98304.48253734868,0.0,0.0,0.0,
2014-09-11,98304.48253734868,0.0,0.0,0.0,
2014-09-12,98304.48253734868,0.0,0.0,0.0,
2014-09-15,98304.48253734868,0.0,0.0,0.0,
2014-09-16,98304.48253734868,0.0,0.0,0.0,
2014-09-17,98304.48253734868,0.0,0.0,0.0,
2014-09-18,98304.48253734868,0.0,0.0,0.0,
2014-09-19,98304.48253734868,0.0,0.0,0.0,
2014-09-22,98304.48253734868,0.0,0.0,0.0,
2014-09-23,98304.48253734868,0.0,0.0,0.0,
2014-09-24,98304.48253734868,0.0,0.0,0.0,
2014-09-25,98304.48253734868,0.0,0.0,0.0,
2014-09-26,98304.48253734868,0.0,0.0,0.0,
2014-09-29,98304.48253734868,0.0,0.0,0.0,
2014-09-30,98304.48253734868,0.0,0.0,0.0,
2014-10-01,98304.48253734868,0.0,0.0,0.0,
2014-10-02,98304.48253734868,0.0,0.0,0.0,
2014-10-03,98304.48253734868,0.0,0.0,0.0,
2014-10-06,98304.48253734868,0.0,0.0,0.0,
2014-10-07,98304.48253734868,0.0,0.0,0.0,
2014-10-08,98304.48253734868,0.0,0.0,0.0,
2014-10-09,98304.48253734868,0.0,0.0,0.0,
2014-10-10,98304.48253734868,0.0,0.0,0.0,
2014-10-13,98304.48253734868,0.0,0.0,0.0,
2014-10-14,98304.48253734868,0.0,0.0,0.0,
2014-10-15,98304.48253734868,0.0,0.0,0.0,
2014-10-16,98304.48253734868,0.0,0.0,0.0,
2014-10-17,98304.48253734868,0.0,0.0,0.0,
2014-10-20,98304.48253734868,0.0,0.0,0.0,
2014-10-21,98304.48253734868,0.0,0.0,0.0,
2014-10-22,98304.48253734868,0.0,0.0,0.0,
2014-10-23,98304.48253734868,0.0,0.0,0.0,
2014-10-24,98304.48253734868,0.0,0.0,0.0,
2014-10-27,98304.48253734868,0.0,0.0,0.0,
2014-10-28,98304.48253734868,0.0,0.0,0.0,
2014-10-29,98304.48253734868,0.0,0.0,0.0,
2014-10-30,98304.48253734868,0.0,0.0,0.0,
2014-10-31,98304.48253734868,0.0,0.0,0.0,
2014-11-03,98304.48253734868,0.0,0.0,0.0,
2014-11-04,98304.48253734868,0.0,0.0,0.0,
2014-11-05,98304.48253734868,0.0,0.0,0.0,
2014-11-06,98304.48253734868,0.0,0.0,0.0,
2014-11-07,98304.48253734868,0.0,0.0,0.0,
2014-11-10,98304.48253734868,0.0,0.0,0.0,
2014-11-11,98304.48253734868,0.0,0.0,0.0,
2014-11-12,98304.48253734868,0.0,0.0,0.0,
2014-11-13,98304.48253734868,0.0,0.0,0.0,
2014-11-14,98304.48253734868,0.0,0.0,0.0,
2014-11-17,98304.48253734868,0.0,0.0,0.0,
2014-11-18,98304.48253734868,0.0,0.0,0.0,
2014-11-19,98304.48253734868,0.0,0.0,0.0,
2014-11-20,98304.48253734868,0.0,0.0,0.0,
2014-11-21,98304.48253734868,0.0,0.0,0.0,
2014-11-24,98304.48253734868,0.0,0.0,0.0,
2014-11-25,98304.48253734868,0.0,0.0,0.0,
2014-11-26,98304.48253734868,0.0,0.0,0.0,
2014-11-28,98304.48253734868,0.0,0.0,0.0,
2014-12-01,98304.48253734868,0.0,0.0,0.0,
2014-12-02,98304.48253734868,0.0,0.0,0.0,
2014-12-03,98304.48253734868,0.0,0.0,0.0,
2014-12-04,98304.48253734868,0.0,0.0,0.0,
2014-12-05,98304.48253734868,0.0,0.0,0.0,
2014-12-08,98304.48253734868,0.0,0.0,0.0,
2014-12-09,98304.48253734868,0.0,0.0,0.0,
2014-12-10,98304.48253734868,0.0,0.0,0.0,
2014-12-11,98304.48253734868,0.0,0.0,0.0,
2014-12-12,98304.48253734868,0.0,0.0,0.0,
2014-12-15,98304.48253734868,0.0,0.0,0.0,
2014-12-16,98304.48253734868,0.0,0.0,0.0,
2014-12-17,98304.48253734868,0.0,0.0,0.0,
2014-12-18,98304.48253734868,0.0,0.0,0.0,
2014-12-19,98304.48253734868,0.0,0.0,0.0,
2014-12-22,98304.48253734868,0.0,0.0,0.0,
2014-12-23,98304.48253734868,0.0,0.0,0.0,
2014-12-24,98304.48253734868,0.0,0.0,0.0,
2014-12-26,98304.48253734868,0.0,0.0,0.0,
2014-12-29,98304.48253734868,0.0,0.0,0.0,
2014-12-30,98304.48253734868,0.0,0.0,0.0,
2014-12-31,98304.48253734868,0.0,0.0,0.0,
2015-01-02,98304.48253734868,0.0,0.0,0.0,
2015-01-05,98304.48253734868,0.0,0.0,0.0,
2015-01-06,98304.48253734868,0.0,0.0,0.0,
2015-01-07,98304.48253734868,0.0,0.0,0.0,
2015-01-08,98304.48253734868,0.0,0.0,0.0,
2015-01-09,98304.48253734868,0.0,0.0,0.0,
2015-01-12,98304.48253734868,0.0,0.0,0.0,
2015-01-13,98304.48253734868,0.0,0.0,0.0,
2015-01-14,98304.48253734868,0.0,0.0,0.0,
2015-01-15,98304.48253734868,0.0,0.0,0.0,
2015-01-16,98304.48253734868,0.0,0.0,0.0,
2015-01-20,98304.48253734868,0.0,0.0,0.0,
2015-01-21,98304.48253734868,0.0,0.0,0.0,
2015-01-22,98304.48253734868,0.0,0.0,0.0,
2015-01-23,98304.48253734868,0.0,0.0,0.0,
2015-01-26,98304.48253734868,0.0,0.0,0.0,
2015-01-27,98304.48253734868,0.0,0.0,0.0,
2015-01-28,98304.48253734868,0.0,0.0,0.0,
2015-01-29,98304.48253734868,0.0,0.0,0.0,
2015-01-30,98304.48253734868,0.0,0.0,0.0,
2015-02-02,98304.48253734868,0.0,0.0,0.0,
2015-02-03,98304.48253734868,0.0,0.0,0.0,
2015-02-04,98304.48253734868,0.0,0.0,0.0,
2015-02-05,98304.48253734868,0.0,0.0,0.0,
2015-02-06,98304.48253734868,0.0,0.0,0.0,
2015-02-09,98304.48253734868,0.0,0.0,0.0,
2015-02-10,98304.48253734868,0.0,0.0,0.0,
2015-02-11,98304.48253734868,0.0,0.0,0.0,
2015-02-12,98304.48253734868,0.0,0.0,0.0,
2015-02-13,98304.48253734868,0.0,0.0,0.0,
2015-02-17,98304.48253734868,0.0,0.0,0.0,
2015-02-18,98304.48253734868,0.0,0.0,0.0,
2015-02-19,98304.48253734868,0.0,0.0,0.0,
2015-02-20,98304.48253734868,0.0,0.0,0.0,
2015-02-23,98304.48253734868,0.0,0.0,0.0,
2015-02-24,98304.48253734868,0.0,0.0,0.0,
2015-02-25,98304.48253734868,0.0,0.0,0.0,
2015-02-26,98304.48253734868,0.0,0.0,0.0,
2015-02-27,98304.48253734868,0.0,0.0,0.0,
2015-03-02,98304.48253734868,0.0,0.0,0.0,
2015-03-03,98304.48253734868,0.0,0.0,0.0,
2015-03-04,98304.48253734868,0.0,0.0,0.0,
2015-03-05,98304.48253734868,0.0,0.0,0.0,
2015-03-06,98304.48253734868,0.0,0.0,0.0,
2015-03-09,98304.48253734868,0.0,0.0,0.0,
2015-03-10,98304.48253734868,0.0,0.0,0.0,
2015-03-11,98304.48253734868,0.0,0.0,0.0,
2015-03-12,98304.48253734868,0.0,0.0,0.0,
2015-03-13,98304.48253734868,0.0,0.0,0.0,
2015-03-16,98304.48253734868,0.0,0.0,0.0,
2015-03-17,98304.48253734868,0.0,0.0,0.0,
2015-03-18,98304.48253734868,0.0,0.0,0.0,
2015-03-19,98304.48253734868,0.0,0.0,0.0,
2015-03-20,98304.48253734868,0.0,0.0,0.0,
2015-03-23,98304.48253734868,0.0,0.0,0.0,
2015-03-24,98304.48253734868,0.0,0.0,0.0,
2015-03-25,98304.48253734868,0.0,0.0,0.0,
2015-03-26,98304.48253734868,0.0,0.0,0.0,
2015-03-27,98304.48253734868,0.0,0.0,0.0,
2015-03-30,98304.48253734868,0.0,0.0,0.0,
2015-03-31,98304.48253734868,0.0,0.0,0.0,
2015-04-01,98304.48253734868,0.0,0.0,0.0,
2015-04-02,98304.48253734868,0.0,0.0,0.0,
2015-04-06,98304.48253734868,0.0,0.0,0.0,
2015-04-07,98304.48253734868,0.0,0.0,0.0,
2015-04-08,98304.48253734868,0.0,0.0,0.0,
2015-04-09,98304.48253734868,0.0,0.0,0.0,
2015-04-10,98304.48253734868,0.0,0.0,0.0,
2015-04-13,98304.48253734868,0.0,0.0,0.0,
2015-04-14,98304.48253734868,0.0,0.0,0.0,
2015-04-15,98304.48253734868,0.0,0.0,0.0,
2015-04-16,98304.48253734868,0.0,0.0,0.0,
2015-04-17,98304.48253734868,0.0,0.0,0.0,
2015-04-20,98304.48253734868,0.0,0.0,0.0,
2015-04-21,98304.48253734868,0.0,0.0,0.0,
2015-04-22,98304.48253734868,0.0,0.0,0.0,
2015-04-23,98304.48253734868,0.0,0.0,0.0,
2015-04-24,98304.48253734868,0.0,0.0,0.0,
2015-04-27,98304.48253734868,0.0,0.0,0.0,
2015-04-28,98304.48253734868,0.0,0.0,0.0,
2015-04-29,98304.48253734868,0.0,0.0,0.0,
2015-04-30,98304.48253734868,0.0,0.0,0.0,
2015-05-01,98304.48253734868,0.0,0.0,0.0,
2015-05-04,98304.48253734868,0.0,0.0,0.0,
2015-05-05,98304.48253734868,0.0,0.0,0.0,
2015-05-06,98304.48253734868,0.0,0.0,0.0,
2015-05-07,98304.48253734868,0.0,0.0,0.0,
2015-05-08,98304.48253734868,0.0,0.0,0.0,
2015-05-11,98304.48253734868,0.0,0.0,0.0,
2015-05-12,98304.48253734868,0.0,0.0,0.0,
2015-05-13,98304.48253734868,0.0,0.0,0.0,
2015-05-14,98304.48253734868,0.0,0.0,0.0,
2015-05-15,98304.48253734868,0.0,0.0,0.0,
2015-05-18,98304.48253734868,0.0,0.0,0.0,
2015-05-19,98304.48253734868,0.0,0.0,0.0,
2015-05-20,98304.48253734868,0.0,0.0,0.0,
2015-05-21,98304.48253734868,0.0,0.0,0.0,
2015-05-22,98304.48253734868,0.0,0.0,0.0,
2015-05-26,98304.48253734868,0.0,0.0,0.0,
2015-05-27,98304.48253734868,0.0,0.0,0.0,
2015-05-28,98304.48253734868,0.0,0.0,0.0,
2015-05-29,98304.48253734868,0.0,0.0,0.0,
2015-06-01,98304.48253734868,0.0,0.0,0.0,
2015-06-02,98304.48253734868,0.0,0.0,0.0,
2015-06-03,98304.48253734868,0.0,0.0,0.0,
2015-06-04,98304.48253734868,0.0,0.0,0.0,
2015-06-05,98304.48253734868,0.0,0.0,0.0,
2015-06-08,98304.48253734868,0.0,0.0,0.0,
2015-06-09,98304.48253734868,0.0,0.0,0.0,
2015-06-10,98304.48253734868,0.0,0.0,0.0,
2015-06-11,98304.48253734868,0.0,0.0,0.0,
2015-06-12,98304.48253734868,0.0,0.0,0.0,
2015-06-15,98304.48253734868,0.0,0.0,0.0,
2015-06-16,98304.48253734868,0.0,0.0,0.0,
2015-06-17,98304.48253734868,0.0,0.0,0.0,
2015-06-18,98304.48253734868,0.0,0.0,0.0,
2015-06-19,98304.48253734868,0.0,0.0,0.0,
2015-06-22,98304.48253734868,0.0,0.0,0.0,
2015-06-23,98304.48253734868,0.0,0.0,0.0,
2015-06-24,98304.48253734868,0.0,0.0,0.0,
2015-06-25,98304.48253734868,0.0,0.0,0.0,
2015-06-26,98304.48253734868,0.0,0.0,0.0,
2015-06-29,98304.48253734868,0.0,0.0,0.0,
2015-06-30,98304.48253734868,0.0,0.0,0.0,
2015-07-01,98304.48253734868,0.0,0.0,0.0,
2015-07-02,98304.48253734868,0.0,0.0,0.0,
2015-07-06,98304.48253734868,0.0,0.0,0.0,
2015-07-07,98304.48253734868,0.0,0.0,0.0,
2015-07-08,98304.48253734868,0.0,0.0,0.0,-1.0376486360516117
2015-07-09,98304.48253734868,0.0,0.0,0.0,-0.009920421482903438
2015-07-10,98304.48253734868,0.0,0.0,0.0,0.19677411074720902
2015-07-13,98304.48253734868,0.0,0.0,0.0,-0.06273341575392209
2015-07-14,98304.48253734868,0.0,0.0,0.0,0.5120441406602412
2015-07-15,98304.48253734868,0.0,0.0,0.0,0.892339876131435
2015-07-16,98304.48253734868,0.0,0.0,0.0,1.6148279804723913
2015-07-17,98304.48253734868,0.0,0.0,0.0,1.6183024390769156
2015-07-20,98304.48253734868,0.0,0.0,0.0,2.7451231783890098
2015-07-21,98255.33029608,-0.000500000000000056,1.0005002501250626,-0.030005567668853584,2.7948951437912686
2015-07-22,98807.14413546794,0.005616121158263043,0.9802344981282453,-0.02424307121340579,2.0636012949382434
2015-07-23,99159.25993079279,0.003563667368445378,0.9682902166715027,-0.020596041349233533,1.6429789104664911
2015-07-24,99782.10560653562,0.006281265876505682,0.9522467236273707,-0.014215672673508449,0.85034604250537
2015-07-27,99138.40299666309,-0.006451082646129036,0.9543516989216092,-0.020791293753362066,1.56974174776022
2015-07-28,98750.97184383593,-0.003907982589150705,0.9763989053321609,-0.024786467387885498,1.9458601044001922
2015-07-29,99298.72977256683,0.00554686114479086,0.9794206308465232,-0.019123597906348693,1.2836405760860947
2015-07-30,99210.73723873142,-0.0008861395713414266,0.9822968684017298,-0.02001756964552957,1.341318908839177
2015-07-31,99080.22738291984,-0.0013154811610515127,0.9856528065804131,-0.0213511943048396,1.4298853049724525
2015-08-03,98928.8642055197,-0.0015276829837618244,0.9769631308068593,-0.02290387703275013,1.523182469632591
2015-08-04,98392.40689367919,-0.005422657140044085,0.9938128626636812,-0.028471003346823044,1.992429594589522
2015-08-05,98529.32517503528,0.0013915533289479143,0.991411551153304,-0.02703169227148771,1.7862527302965399
2015-08-06,99730.96835542395,0.012195792250215609,0.9666574952912836,-0.014647162664752302,0.5089935317509057
2015-08-07,99729.19012186585,-1.7830304743116088e-05,0.9580586888175809,-0.01465551911660998,0.49862867333389055
2015-08-10,99912.62482458648,0.0018393281094180036,0.0,0.0,0.29582186674586713
2015-08-11,99912.62482458648,0.0,0.0,0.0,-0.8860393475274422
2015-08-12,99912.62482458648,0.0,0.0,0.0,-1.042881115187135
2015-08-13,99912.62482458648,0.0,0.0,0.0,-0.5804703759184106
2015-08-14,99912.62482458648,0.0,0.0,0.0,-0.6770702791993757
2015-08-17,99912.62482458648,0.0,0.0,0.0,-0.41973182958283745
2015-08-18,99912.62482458648,0.0,0.0,0.0,-0.8567400106456724
2015-08-19,99912.62482458648,0.0,0.0,0.0,0.27877938718185924
2015-08-20,99912.62482458648,0.0,0.0,0.0,-0.19808456569145233
2015-08-21,99912.62482458648,0.0,0.0,0.0,-0.14256536999550468
2015-08-24,99912.62482458648,0.0,0.0,0.0,-2.3884046286636
2015-08-25,99862.66851217419,-0.000500000000000056,1.0005002501250626,0.030005567668853636,0.2951449930758631
2015-08-26,100215.25996278308,0.003530763355937161,0.0,0.0,0.654549383404323
2015-08-27,100215.25996278308,0.0,0.0,0.0,-0.045588875684017476
2015-08-28,100215.25996278308,0.0,0.0,0.0,-0.6384448078595094
2015-08-31,100215.25996278308,0.0,0.0,0.0,-2.097863532933677
2015-09-01,100165.15233280169,-0.0004999999999999449,1.0005002501250624,0.03000556766885357,-2.753914162243216
2015-09-02,101221.2230052147,0.010543294227758793,1.0025477145851616,0.040135331214130404,-1.7964661170436398
2015-09-03,100102.00191280746,-0.011057178121129607,1.0104374878844429,0.029412924783291435,-2.6461279419858528
2015-09-04,99705.84817236452,-0.003957500678038461,0.9951382699555598,0.02556633528100132,-2.7695163776967995
2015-09-08,101198.45871758017,0.01497014039372413,1.011569556436559,0.0399480662832014,-1.5227587657059802
2015-09-09,101457.7612987143,0.002562317493962629,1.002987804713993,0.04241135153127783,-1.281693096012403
2015-09-10,101461.36325989595,3.5502076288329576e-05,1.007481884609145,0.042454875899628444,-1.2473443367318902
2015-09-11,101849.06699434883,0.0038211957931195695,0.9981215997583476,0.04610945212889195,-0.9235993160232179
2015-09-14,102560.21581910578,0.006982379375123804,0.9904805621164986,0.05273307374248603,-0.3727414275490767
2015-09-15,102057.28093275087,-0.004903800975243455,0.0,0.0,-0.7029107734272383
2015-09-16,102057.28093275087,0.0,0.0,0.0,-0.7928520363875399
2015-09-17,102057.28093275087,0.0,0.0,0.0,-1.141438630951567
2015-09-18,102057.28093275087,0.0,0.0,0.0,-0.8500372901640496
2015-09-21,102057.28093275087,0.0,0.0,0.0,-1.328126084367647
2015-09-22,102057.28093275087,0.0,0.0,0.0,-0.93902849949747
2015-09-23,102057.28093275087,0.0,0.0,0.0,-1.2038717630763938
2015-09-24,102057.28093275087,0.0,0.0,0.0,-0.609197868095991
2015-09-25,102057.28093275087,0.0,0.0,0.0,-0.8748557137170252
2015-09-28,102057.28093275087,0.0,0.0,0.0,-0.2669415356285123
2015-09-29,102057.28093275087,0.0,0.0,0.0,-0.740762410167676
2015-09-30,102057.28093275087,0.0,0.0,0.0,-0.8542020119198882
2015-10-01,102057.28093275087,0.0,0.0,0.0,-0.542159891934806
2015-10-02,102057.28093275087,0.0,0.0,0.0,-0.6871133623365805
2015-10-05,102057.28093275087,0.0,0.0,0.0,-0.36131447784339427
2015-10-06,102057.28093275087,0.0,0.0,0.0,-0.5408834179380252
2015-10-07,102057.28093275087,0.0,0.0,0.0,-0.47381472444607203
2015-10-08,102057.28093275087,0.0,0.0,0.0,-0.333508912350158
2015-10-09,102057.28093275087,0.0,0.0,0.0,-0.17118829800903515
2015-10-12,102057.28093275087,0.0,0.0,0.0,0.024450208846741612
2015-10-13,102057.28093275087,0.0,0.0,0.0,-0.4633612385585667
2015-10-14,102057.28093275087,0.0,0.0,0.0,-0.6468339789263127
2015-10-15,102057.28093275087,0.0,0.0,0.0,0.047789427896106594
2015-10-16,102057.28093275087,0.0,0.0,0.0,0.09359660430035953
2015-10-19,102057.28093275087,0.0,0.0,0.0,0.35269374351223837
2015-10-20,102057.28093275087,0.0,0.0,0.0,-0.2572414364051239
2015-10-21,102057.28093275087,0.0,0.0,0.0,0.4224433472270754
2015-10-22,102057.28093275087,0.0,0.0,0.0,0.6580798898158949
2015-10-23,102057.28093275087,0.0,0.0,0.0,1.2845746037551768
2015-10-26,102057.28093275087,0.0,0.0,0.0,1.645155601528327
2015-10-27,102057.28093275087,0.0,0.0,0.0,1.770277427561676
2015-10-28,102057.28093275087,0.0,0.0,0.0,0.6837715395677824
2015-10-29,102057.28093275087,0.0,0.0,0.0,-0.5997946668584085
2015-10-30,102057.28093275087,0.0,0.0,0.0,0.5296779400933542
2015-11-02,102057.28093275087,0.0,0.0,0.0,0.053809814951950606
2015-11-03,102057.28093275087,0.0,0.0,0.0,0.39545523943426164
2015-11-04,102057.28093275087,0.0,0.0,0.0,0.4020660060004955
2015-11-05,102057.28093275087,0.0,0.0,0.0,0.3700343432086222
2015-11-06,102057.28093275087,0.0,0.0,0.0,0.3768021414304232
2015-11-09,102057.28093275087,0.0,0.0,0.0,-0.8120196911347595
2015-11-10,102057.28093275087,0.0,0.0,0.0,-0.6491576769672845
2015-11-11,102057.28093275087,0.0,0.0,0.0,0.20985577341472883
2015-11-12,102057.28093275087,0.0,0.0,0.0,1.231055118611493
2015-11-13,102057.28093275087,0.0,0.0,0.0,0.9576732166748594
2015-11-16,102057.28093275087,0.0,0.0,0.0,0.3921952384113283
2015-11-17,102057.28093275087,0.0,0.0,0.0,1.0220851259964991
2015-11-18,102057.28093275087,0.0,0.0,0.0,1.344060245151503
2015-11-19,102057.28093275087,0.0,0.0,0.0,2.3007497944700273
2015-11-20,102006.2522922845,-0.000500000000000056,1.0005002501250626,-0.030005567668853643,2.887363764039854
2015-11-23,101969.07397778166,-0.00036447093847058465,0.9941175941889617,-0.03037088464014923,2.6967167474905573
2015-11-24,102068.06256959695,0.000970770724434189,1.0005203179843305,-0.029361447106258456,2.4352404176228446
2015-11-25,102519.21374973243,0.0044201013400038125,0.9904601656173991,-0.024821415513280685,1.960716813757148
2015-11-27,102621.55147712935,0.0009982297332746803,0.9830687464157066,-0.023789366289332238,1.7824428895077038
2015-11-30,102771.16937098032,0.0014579578236479929,0.9868036312999707,-0.022288923483557783,1.6155972647550603
2015-12-01,102006.24902439438,-0.007442946803736028,1.01547275032039,-0.02994473652949756,2.2576211094923933
2015-12-02,101866.8718042627,-0.001366359624676905,1.0048385870309844,-0.03134355151222819,2.251614744722988
2015-12-03,101750.36933872629,-0.0011436737329115765,0.9979138715944428,-0.03251413121825486,2.2211657281962744
2015-12-04,101590.04673977091,-0.0015756463588024738,1.0027334258559162,-0.03413333714541635,2.2231210371462535
2015-12-07,100938.57481848287,-0.00641275343594272,0.9823101128419015,-0.04079742805165793,2.5804531474522023
2015-12-08,101245.57590288158,0.0030414644247829248,0.961984416371011,-0.03763135930987998,2.204273553328149
2015-12-09,101560.34025426325,0.00310891956092596,0.9605072642314273,-0.03440555881099057,1.861018535667363
2015-12-10,101532.17962737138,-0.00027727976118796516,0.961041151086585,-0.03468258518422051,1.7949011645283972
2015-12-11,101857.3597382232,0.003202729539001803,0.9334419471663804,-0.0313695093792365,1.5005226178865845
2015-12-14,101531.05354655383,-0.003203560277902251,0.9337726149263352,-0.034674580222765684,1.6750936802880616
2015-12-15,102300.53710668314,0.007578800113371198,0.9358734665872993,-0.026882435890159512,1.0664720779525305
2015-12-16,101526.09135103428,-0.007570299995993568,0.9632180091732095,-0.03470591895444882,1.5720700701832362
2015-12-17,101383.66431139795,-0.0014028614491212732,0.9449578929439125,-0.03614959323535179,1.626162903393925
2015-12-18,100785.09491004978,-0.0059040024387920775,0.9564993365894434,-0.042293563768590496,1.9573760273887049
2015-12-21,100150.85510166212,-0.006292992123028918,0.9684485071651814,-0.04888427559314127,2.2641555381775946
2015-12-22,100017.89143224759,-0.0013276338906897944,0.9762354141377442,-0.05026855513413257,2.2055894258818762
2015-12-23,100081.92092448917,0.0006401803849760412,0.995237226787268,-0.04958644690736218,2.0307107053038163
2015-12-24,100182.4798024992,0.0010047656667770966,0.9958100139382962,-0.04852256212187762,1.879584584440164
2015-12-28,99580.75052086829,-0.0060063324726755685,0.9935511153980333,-0.05484796929134528,2.1390476153754427
2015-12-29,98695.00683019446,-0.008894728007580288,1.0223688775073003,-0.06430426546539712,2.4623926609905267
2015-12-30,98287.55781563016,-0.0041283650272734285,1.0201988214254025,-0.06870549135282371,2.5171209091264584
2015-12-31,98499.6955396974,0.002158337522895515,1.0088241013042278,-0.06639305259111068,2.277625450561998
2016-01-04,98555.54785008411,0.0005670302845171005,0.9940939593959899,-0.06577805731919283,2.1508897447500246
2016-01-05,99072.17577535834,0.005241997396839393,0.0,0.0,1.7901397015791787
2016-01-06,99072.17577535834,0.0,0.0,0.0,
2016-01-07,99072.17577535834,0.0,0.0,0.0,
2016-01-08,99072.17577535834,0.0,0.0,0.0,
2016-01-11,99072.17577535834,0.0,0.0,0.0,
2016-01-12,99072.17577535834,0.0,0.0,0.0,
2016-01-13,99072.17577535834,0.0,0.0,0.0,
2016-01-14,99072.17577535834,0.0,0.0,0.0,
2016-01-15,99072.17577535834,0.0,0.0,0.0,
2016-01-19,99072.17577535834,0.0,0.0,0.0,
2016-01-20,99072.17577535834,0.0,0.0,0.0,
2016-01-21,99072.17577535834,0.0,0.0,0.0,
2016-01-22,99072.17577535834,0.0,0.0,0.0,
2016-01-25,99072.17577535834,0.0,0.0,0.0,
2016-01-26,99072.17577535834,0.0,0.0,0.0,
2016-01-27,99072.17577535834,0.0,0.0,0.0,
2016-01-28,99072.17577535834,0.0,0.0,0.0,
2016-01-29,99072.17577535834,0.0,0.0,0.0,
2016-02-01,99072.17577535834,0.0,0.0,0.0,
2016-02-02,99072.17577535834,0.0,0.0,0.0,
2016-02-03,99072.17577535834,0.0,0.0,0.0,
2016-02-04,99072.17577535834,0.0,0.0,0.0,
2016-02-05,99072.17577535834,0.0,0.0,0.0,
2016-02-08,99072.17577535834,0.0,0.0,0.0,
2016-02-09,99072.17577535834,0.0,0.0,0.0,
2016-02-10,99072.17577535834,0.0,0.0,0.0,
2016-02-11,99072.17577535834,0.0,0.0,0.0,
2016-02-12,99072.17577535834,0.0,0.0,0.0,
2016-02-16,99072.17577535834,0.0,0.0,0.0,
2016-02-17,99072.17577535834,0.0,0.0,0.0,
2016-02-18,99072.17577535834,0.0,0.0,0.0,
2016-02-19,99072.17577535834,0.0,0.0,0.0,
2016-02-22,99072.17577535834,0.0,0.0,0.0,
2016-02-23,99072.17577535834,0.0,0.0,0.0,
2016-02-24,99072.17577535834,0.0,0.0,0.0,
2016-02-25,99072.17577535834,0.0,0.0,0.0,
2016-02-26,99072.17577535834,0.0,0.0,0.0,
2016-02-29,99072.17577535834,0.0,0.0,0.0,
2016-03-01,99072.17577535834,0.0,0.0,0.0,
2016-03-02,99072.17577535834,0.0,0.0,0.0,
2016-03-03,99072.17577535834,0.0,0.0,0.0,
2016-03-04,99072.17577535834,0.0,0.0,0.0,
2016-03-07,99072.17577535834,0.0,0.0,0.0,
2016-03-08,99072.17577535834,0.0,0.0,0.0,
2016-03-09,99072.17577535834,0.0,0.0,0.0,
2016-03-10,99072.17577535834,0.0,0.0,0.0,
2016-03-11,99072.17577535834,0.0,0.0,0.0,
2016-03-14,99072.17577535834,0.0,0.0,0.0,
2016-03-15,99072.17577535834,0.0,0.0,0.0,
2016-03-16,99072.17577535834,0.0,0.0,0.0,
2016-03-17,99072.17577535834,0.0,0.0,0.0,
2016-03-18,99072.17577535834,0.0,0.0,0.0,
2016-03-21,99072.17577535834,0.0,0.0,0.0,
2016-03-22,99072.17577535834,0.0,0.0,0.0,
2016-03-23,99072.17577535834,0.0,0.0,0.0,
2016-03-24,99072.17577535834,0.0,0.0,0.0,
2016-03-28,99072.17577535834,0.0,0.0,0.0,
2016-03-29,99072.17577535834,0.0,0.0,0.0,
2016-03-30,99072.17577535834,0.0,0.0,0.0,
2016-03-31,99072.17577535834,0.0,0.0,0.0,
2016-04-01,99072.17577535834,0.0,0.0,0.0,
2016-04-04,99072.17577535834,0.0,0.0,0.0,
2016-04-05,99072.17577535834,0.0,0.0,0.0,
2016-04-06,99072.17577535834,0.0,0.0,0.0,
2016-04-07,99072.17577535834,0.0,0.0,0.0,
2016-04-08,99072.17577535834,0.0,0.0,0.0,
2016-04-11,99072.17577535834,0.0,0.0,0.0,
2016-04-12,99072.17577535834,0.0,0.0,0.0,
2016-04-13,99072.17577535834,0.0,0.0,0.0,
2016-04-14,99072.17577535834,0.0,0.0,0.0,
2016-04-15,99072.17577535834,0.0,0.0,0.0,
2016-04-18,99072.17577535834,0.0,0.0,0.0,
2016-04-19,99072.17577535834,0.0,0.0,0.0,
2016-04-20,99072.17577535834,0.0,0.0,0.0,
2016-04-21,99072.17577535834,0.0,0.0,0.0,
2016-04-22,99072.17577535834,0.0,0.0,0.0,
2016-04-25,99072.17577535834,0.0,0.0,0.0,
2016-04-26,99072.17577535834,0.0,0.0,0.0,
2016-04-27,99072.17577535834,0.0,0.0,0.0,
2016-04-28,99072.17577535834,0.0,0.0,0.0,
2016-04-29,99072.17577535834,0.0,0.0,0.0,
2016-05-02,99072.17577535834,0.0,0.0,0.0,
2016-05-03,99072.17577535834,0.0,0.0,0.0,
2016-05-04,99072.17577535834,0.0,0.0,0.0,
2016-05-05,99072.17577535834,0.0,0.0,0.0,
2016-05-06,99072.17577535834,0.0,0.0,0.0,
2016-05-09,99072.17577535834,0.0,0.0,0.0,
2016-05-10,99072.17577535834,0.0,0.0,0.0,
2016-05-11,99072.17577535834,0.0,0.0,0.0,
2016-05-12,99072.17577535834,0.0,0.0,0.0,
2016-05-13,99072.17577535834,0.0,0.0,0.0,
2016-05-16,99072.17577535834,0.0,0.0,0.0,
2016-05-17,99072.17577535834,0.0,0.0,0.0,
2016-05-18,99072.17577535834,0.0,0.0,0.0,
2016-05-19,99072.17577535834,0.0,0.0,0.0,
2016-05-20,99072.17577535834,0.0,0.0,0.0,
2016-05-23,99072.17577535834,0.0,0.0,0.0,
2016-05-24,99072.17577535834,0.0,0.0,0.0,
2016-05-25,99072.17577535834,0.0,0.0,0.0,
2016-05-26,99072.17577535834,0.0,0.0,0.0,
2016-05-27,99072.17577535834,0.0,0.0,0.0,
2016-05-31,99072.17577535834,0.0,0.0,0.0,
2016-06-01,99072.17577535834,0.0,0.0,0.0,
2016-06-02,99072.17577535834,0.0,0.0,0.0,
2016-06-03,99072.17577535834,0.0,0.0,0.0,
2016-06-06,99072.17577535834,0.0,0.0,0.0,
2016-06-07,99072.17577535834,0.0,0.0,0.0,
2016-06-08,99072.17577535834,0.0,0.0,0.0,
2016-06-09,99072.17577535834,0.0,0.0,0.0,
2016-06-10,99072.17577535834,0.0,0.0,0.0,
2016-06-13,99072.17577535834,0.0,0.0,0.0,
2016-06-14,99072.17577535834,0.0,0.0,0.0,
2016-06-15,99072.17577535834,0.0,0.0,0.0,
2016-06-16,99072.17577535834,0.0,0.0,0.0,
2016-06-17,99072.17577535834,0.0,0.0,0.0,
2016-06-20,99072.17577535834,0.0,0.0,0.0,
2016-06-21,99072.17577535834,0.0,0.0,0.0,
2016-06-22,99072.17577535834,0.0,0.0,0.0,
2016-06-23,99072.17577535834,0.0,0.0,0.0,
2016-06-24,99072.17577535834,0.0,0.0,0.0,
2016-06-27,99072.17577535834,0.0,0.0,0.0,
2016-06-28,99072.17577535834,0.0,0.0,0.0,
2016-06-29,99072.17577535834,0.0,0.0,0.0,
2016-06-30,99072.17577535834,0.0,0.0,0.0,
2016-07-01,99072.17577535834,0.0,0.0,0.0,
2016-07-05,99072.17577535834,0.0,0.0,0.0,
2016-07-06,99072.17577535834,0.0,0.0,0.0,
2016-07-07,99072.17577535834,0.0,0.0,0.0,-0.468311281660724
2016-07-08,99072.17577535834,0.0,0.0,0.0,0.7663289198196269
2016-07-11,99072.17577535834,0.0,0.0,0.0,1.361261023715447
2016-07-12,99072.17577535834,0.0,0.0,0.0,1.6365077417366198
2016-07-13,99072.17577535834,0.0,0.0,0.0,1.4081870622731387
2016-07-14,99072.17577535834,0.0,0.0,0.0,1.550002434113602
2016-07-15,99072.17577535834,0.0,0.0,0.0,1.6134888052474914
2016-07-18,99072.17577535834,0.0,0.0,0.0,1.7215557045400522
2016-07-19,99072.17577535834,0.0,0.0,0.0,1.227122025485057
2016-07-20,99072.17577535834,0.0,0.0,0.0,1.571300352035
2016-07-21,99072.17577535834,0.0,0.0,0.0,1.740800234255966
2016-07-22,99072.17577535834,0.0,0.0,0.0,1.6664101116266532
2016-07-25,99072.17577535834,0.0,0.0,0.0,2.3743455091763406
2016-07-26,99022.63968747066,-0.000500000000000056,1.0005002501250626,-0.09122392138927662,2.367890049544951
2016-07-27,99029.85324636893,7.284757224246263e-05,0.9999796870132892,-0.0911336043582672,2.2191366251514335
2016-07-28,98898.7617585384,-0.0013237572664517305,1.0037139284897854,-0.0925690760752015,2.223952739339895
2016-07-29,98630.15661794954,-0.0027159606026682104,1.0186693040970256,-0.0955336264199984,2.3355397210978106
2016-08-01,98674.91667728226,0.0004538171779053801,1.006409873628907,-0.09502563137773137,2.171308307337765
2016-08-02,98672.30919067467,-2.6425019603704136e-05,1.0053549440707186,-0.0950436409878776,2.0597880398367217
2016-08-03,99242.40613937136,0.005777679202733976,1.0010942053080627,-0.08874232047311426,1.5157841546059279
2016-08-04,99032.4145717264,-0.002115945953084397,1.0064193338230534,-0.09104009046689511,1.6478380639976382
2016-08-05,98600.70979505364,-0.004359227012081912,1.014461336639275,-0.09580607039467437,1.91982419760514
2016-08-08,98707.09733578967,0.001078973376126502,1.020319327319548,-0.09461399647773003,1.755902199868444
2016-08-09,98687.22065084649,-0.00020137037234080335,1.0261980079312907,-0.09482340062709542,1.6954926945457163
2016-08-10,98750.0098687825,0.0006362446679712974,1.0267254033652713,-0.09411615381395752,1.58472748829923
2016-08-11,99114.15329281468,0.0036875279761090507,1.0298227267154247,-0.09008531426138025,1.2740864654086559
2016-08-12,99581.97300494464,0.0047200091670851485,1.0170154844816781,-0.08495321494217563,0.904962630574263
2016-08-15,99447.13451896065,-0.0013540451340253723,1.0244549931712332,-0.08641333540335788,0.9787830555328031
2016-08-16,99526.44748116538,0.0007975389395418198,1.0239180398169203,-0.08553655720955432,0.8979327883604062
2016-08-17,99471.24183312185,-0.0005546831966847243,1.023942326717258,-0.08612800767083989,0.909128646204061
2016-08-18,99768.51318117861,0.00298851550034418,1.0244091622843354,-0.08288078904522964,0.6819317579530183
2016-08-19,99960.5600106605,0.0019249242407084477,1.0143741099414856,-0.08078936637543527,0.5201602638027616
2016-08-22,99762.55145573818,-0.001980866802879011,1.0154684338826954,-0.08292362912539612,0.6364990116002801
2016-08-23,99690.09429756335,-0.0007262961614106223,1.0223502624198435,-0.08369981939768918,0.6680308715259102
2016-08-24,99310.22471960599,-0.0038105047510889056,1.0224467686575254,-0.08783404346966084,0.9042462172269919
2016-08-25,99263.28393724801,-0.0004726681717871495,1.0219387545633396,-0.08833745125243538,0.9057984220903827
2016-08-26,99836.3522281634,0.005773215112222951,1.0070697010586074,-0.08207935969551768,0.470383018973632
2016-08-29,99927.76428301926,0.0009156189385499669,0.0,0.0,0.34626554838961476
2016-08-30,99927.76428301926,0.0,0.0,0.0,0.13187208314229748
2016-08-31,99927.76428301926,0.0,0.0,0.0,-0.09254505697078239
2016-09-01,99927.76428301926,0.0,0.0,0.0,-0.12685178872897143
2016-09-02,99927.76428301926,0.0,0.0,0.0,-0.6183090726764557
2016-09-06,99927.76428301926,0.0,0.0,0.0,-0.333332419999098
2016-09-07,99927.76428301926,0.0,0.0,0.0,-0.3399589804057601
2016-09-08,99927.76428301926,0.0,0.0,0.0,-0.8091051918905016
2016-09-09,99927.76428301926,0.0,0.0,0.0,-1.3274484362193346
2016-09-12,99927.76428301926,0.0,0.0,0.0,-1.0718093943572744
2016-09-13,99927.76428301926,0.0,0.0,0.0,-1.7010441375029848
2016-09-14,99927.76428301926,0.0,0.0,0.0,-1.2793667479741564
2016-09-15,99927.76428301926,0.0,0.0,0.0,-0.9237510376864846
2016-09-16,99927.76428301926,0.0,0.0,0.0,-0.6891304423296526
2016-09-19,99927.76428301926,0.0,0.0,0.0,-0.6327520442010482
2016-09-20,99927.76428301926,0.0,0.0,0.0,-0.397477291018707
2016-09-21,99927.76428301926,0.0,0.0,0.0,-0.1823669825884038
2016-09-22,99927.76428301926,0.0,0.0,0.0,-0.27053321593403185
2016-09-23,99927.76428301926,0.0,0.0,0.0,0.22131260923701623
2016-09-26,99927.76428301926,0.0,0.0,0.0,0.562975576223707
2016-09-27,99927.76428301926,0.0,0.0,0.0,1.1597249717771376
2016-09-28,99927.76428301926,0.0,0.0,0.0,0.8656091127230606
2016-09-29,99927.76428301926,0.0,0.0,0.0,0.2983009376640431
2016-09-30,99927.76428301926,0.0,0.0,0.0,0.5804934593270518
2016-10-03,99927.76428301926,0.0,0.0,0.0,0.7738016629687829
2016-10-04,99927.76428301926,0.0,0.0,0.0,1.098040045638486
2016-10-05,99927.76428301926,0.0,0.0,0.0,0.9801985458640097
2016-10-06,99927.76428301926,0.0,0.0,0.0,1.171510991230183
2016-10-07,99927.76428301926,0.0,0.0,0.0,1.3128005142974364
2016-10-10,99927.76428301926,0.0,0.0,0.0,1.1987811393853152
2016-10-11,99927.76428301926,0.0,0.0,0.0,0.41993260006334954
2016-10-12,99927.76428301926,0.0,0.0,0.0,0.6994537899563096
2016-10-13,99927.76428301926,0.0,0.0,0.0,0.30404419826104584
2016-10-14,99927.76428301926,0.0,0.0,0.0,0.3038956258451204
2016-10-17,99927.76428301926,0.0,0.0,0.0,-0.005488713437947866
2016-10-18,99927.76428301926,0.0,0.0,0.0,0.26022156613850067
2016-10-19,99927.76428301926,0.0,0.0,0.0,0.3763622299607188
2016-10-20,99927.76428301926,0.0,0.0,0.0,0.13741524022841653
2016-10-21,99927.76428301926,0.0,0.0,0.0,-0.11294673950234456
2016-10-24,99927.76428301926,0.0,0.0,0.0,0.02653271349340335
2016-10-25,99927.76428301926,0.0,0.0,0.0,0.5828105423215093
2016-10-26,99927.76428301926,0.0,0.0,0.0,0.0421677138123474
2016-10-27,99927.76428301926,0.0,0.0,0.0,-1.07405922133651
2016-10-28,99927.76428301926,0.0,0.0,0.0,-1.216461114628627
2016-10-31,99927.76428301926,0.0,0.0,0.0,-0.6217068697153476
2016-11-01,99927.76428301926,0.0,0.0,0.0,-0.9012866374293912
2016-11-02,99927.76428301926,0.0,0.0,0.0,-0.9474163406009598
2016-11-03,99927.76428301926,0.0,0.0,0.0,-0.6345134512514841
2016-11-04,99927.76428301926,0.0,0.0,0.0,-0.8227485985556324
2016-11-07,99927.76428301926,0.0,0.0,0.0,0.3593279190957476
2016-11-08,99927.76428301926,0.0,0.0,0.0,0.6510108889559171
2016-11-09,99927.76428301926,0.0,0.0,0.0,0.09967374694204922
2016-11-10,99927.76428301926,0.0,0.0,0.0,0.3015355384369619
2016-11-11,99927.76428301926,0.0,0.0,0.0,1.0679594447608742
2016-11-14,99927.76428301926,0.0,0.0,0.0,1.1103713207506658
2016-11-15,99927.76428301926,0.0,0.0,0.0,0.3366827889276208
2016-11-16,99927.76428301926,0.0,0.0,0.0,-0.7981697957613569
2016-11-17,99927.76428301926,0.0,0.0,0.0,-0.8526515738380404
2016-11-18,99927.76428301926,0.0,0.0,0.0,-1.4230247610122388
2016-11-21,99927.76428301926,0.0,0.0,0.0,-1.8606467662057546
2016-11-22,99927.76428301926,0.0,0.0,0.0,-1.1585524976654016
2016-11-23,99927.76428301926,0.0,0.0,0.0,-0.4906612891641361
2016-11-25,99927.76428301926,0.0,0.0,0.0,0.2402701416628787
2016-11-28,99927.76428301926,0.0,0.0,0.0,-0.03992081330716963
2016-11-29,99927.76428301926,0.0,0.0,0.0,0.12541182828470182
2016-11-30,99927.76428301926,0.0,0.0,0.0,-1.1905840745850023
2016-12-01,99927.76428301926,0.0,0.0,0.0,-0.7302592853402539
2016-12-02,99927.76428301926,0.0,0.0,0.0,-0.887873552295982
2016-12-05,99927.76428301926,0.0,0.0,0.0,-0.9854951867927382
2016-12-06,99927.76428301926,0.0,0.0,0.0,-1.027422454375921
2016-12-07,99927.76428301926,0.0,0.0,0.0,-0.7873935724873663
2016-12-08,99927.76428301926,0.0,0.0,0.0,-1.0758517082947359
2016-12-09,99927.76428301926,0.0,0.0,0.0,-1.1008872580367528
2016-12-12,99927.76428301926,0.0,0.0,0.0,-1.0700818479830183
2016-12-13,99927.76428301926,0.0,0.0,0.0,-1.0438693210565824
2016-12-14,99927.76428301926,0.0,0.0,0.0,-1.0780261098866386
2016-12-15,99927.76428301926,0.0,0.0,0.0,-1.3945607149625896
2016-12-16,99927.76428301926,0.0,0.0,0.0,-2.103679297255992
2016-12-19,99877.80040087775,-0.000500000000000056,1.0005002501250628,0.09122392138927667,-1.8318210474572723
2016-12-20,100167.58658421924,0.0029014073415551955,1.0053084357953086,0.09386201738300293,-1.4377464666257478
2016-12-21,100168.88769711702,1.2989360552051465e-05,1.004728849430097,0.09388282939280125,-1.3886397393104528
2016-12-22,100378.63501702635,0.0020939367974568412,1.0016173942266358,0.09578523413468418,-1.1095893198802147
2016-12-23,100211.58671729741,-0.0016641818221636573,0.9967823998019997,0.09428694936988871,-1.2528566677343826
2016-12-27,100456.08488500126,0.0024398193433818882,0.996799162594897,0.09650027879430777,-0.9419424693208297
2016-12-28,100760.04070850991,0.0030257582092376722,0.9950963890599449,0.09923470830679029,-0.5708195861955385
2016-12-29,100935.2229537851,0.0017386083217449944,1.0002692897965448,0.10080694035981029,-0.3503909819652069
2016-12-30,100509.76431447415,-0.00421516520061338,0.0,0.0,-0.7583611726483974
2017-01-03,100509.76431447415,0.0,0.0,0.0,0.11938368234985192
2017-01-04,100509.76431447415,0.0,0.0,0.0,0.07302435842283687
2017-01-05,100509.76431447415,0.0,0.0,0.0,0.34119209858387256
2017-01-06,100509.76431447415,0.0,0.0,0.0,0.09433677903495229
2017-01-09,100509.76431447415,0.0,0.0,0.0,1.3895659360887196
2017-01-10,100509.76431447415,0.0,0.0,0.0,1.4372793233018484
2017-01-11,100509.76431447415,0.0,0.0,0.0,1.6185513626689585
2017-01-12,100509.76431447415,0.0,0.0,0.0,1.8577852071926106
2017-01-13,100509.76431447415,0.0,0.0,0.0,1.2514477800429749
2017-01-17,100509.76431447415,0.0,0.0,0.0,1.0260802314293962
2017-01-18,100509.76431447415,0.0,0.0,0.0,1.4275031622074565
2017-01-19,100509.76431447415,0.0,0.0,0.0,1.8855758318036273
2017-01-20,100509.76431447415,0.0,0.0,0.0,1.386328550661793
2017-01-23,100509.76431447415,0.0,0.0,0.0,1.2207606864721552
2017-01-24,100509.76431447415,0.0,0.0,0.0,0.6937258066784858
2017-01-25,100509.76431447415,0.0,0.0,0.0,0.38462978529055625
2017-01-26,100509.76431447415,0.0,0.0,0.0,0.1187441046224696
2017-01-27,100509.76431447415,0.0,0.0,0.0,0.7755185579063067
2017-01-30,100509.76431447415,0.0,0.0,0.0,0.7349074738313188
2017-01-31,100509.76431447415,0.0,0.0,0.0,0.37441284910951167
2017-02-01,100509.76431447415,0.0,0.0,0.0,0.9030096898683516
2017-02-02,100509.76431447415,0.0,0.0,0.0,1.4299407981645635
2017-02-03,100509.76431447415,0.0,0.0,0.0,1.2600812651800697
2017-02-06,100509.76431447415,0.0,0.0,0.0,1.0211142325271925
2017-02-07,100509.76431447415,0.0,0.0,0.0,1.0154243119731075
2017-02-08,100509.76431447415,0.0,0.0,0.0,1.1431603334432963
2017-02-09,100509.76431447415,0.0,0.0,0.0,1.111038386056049
2017-02-10,100509.76431447415,0.0,0.0,0.0,1.418960079401332
2017-02-13,100509.76431447415,0.0,0.0,0.0,1.5441110208457134
2017-02-14,100509.76431447415,0.0,0.0,0.0,1.367082084283087
2017-02-15,100509.76431447415,0.0,0.0,0.0,2.0533729226729682
2017-02-16,100459.5094323169,-0.000500000000000056,1.0005002501250628,-0.08869343796205097,1.9399429282683358
2017-02-17,100457.95124206296,-1.5510629732817804e-05,0.9985553801385009,-0.08869951888424114,1.8750255101626665
2017-02-21,100318.1162711378,-0.001391975141800561,1.0029701426124802,-0.09020627265629486,1.9435291656241336
2017-02-22,99972.04659165343,-0.0034497226657348445,1.0049562199350224,-0.09396931840549706,2.203207766846085
2017-02-23,99839.35431353311,-0.00132729380506047,1.0049737235665712,-0.09541235039308965,2.21523414439405
2017-02-24,99925.2201598355,0.0008600400803147057,0.9907276126281761,-0.09446015426560218,2.0191133757252833
2017-02-27,99891.01185738563,-0.00034233902507452285,0.9897517461818831,-0.09482418955962825,1.953243725796314
2017-02-28,99370.37906937228,-0.00521200835122837,0.9842726747691645,-0.1005495030787125,2.341440858775588
2017-03-01,99068.00087387595,-0.003042940948079109,0.9966285541187144,-0.1038978368842833,2.4440587332859636
2017-03-02,99351.77915184874,0.0028644797055517035,0.9842913812890162,-0.1007338890772629,2.074267354290687
2017-03-03,99540.28468328486,0.0018973543608917787,0.9858115005432931,-0.09863861816445743,1.8128537290826028
2017-03-06,99752.34417660155,0.002130388656124582,0.9828985376375656,-0.09629233098501318,1.5613024211983797
2017-03-07,99448.0250645382,-0.0030507464719282673,0.9873015377015115,-0.09963633640007255,1.7449167197678985
2017-03-08,99272.40437794288,-0.0017659544921214687,0.9798690694516498,-0.1015708773254452,1.8207699994629825
2017-03-09,99271.33932691404,-1.072857090056445e-05,0.9798795821592209,-0.10157196704749517,1.7432331349971373
2017-03-10,98853.05936199482,-0.004213501779619988,0.9892448702733996,-0.10622230802501002,1.98171207687131
2017-03-13,98893.9676735517,0.00041382949420998294,0.9927363703587487,-0.1057538467399494,1.8539805906234603
2017-03-14,98701.8889421043,-0.0019422694423734121,0.9852694543940179,-0.1078947791945363,1.9261726547587092
2017-03-15,97902.93826602076,-0.008094583443607473,1.0192712786190994,-0.11692497673570301,2.353382425367412
2017-03-16,98425.86244673312,0.005341251140915437,1.009200643603663,-0.1109796834457171,1.9081662501406444
2017-03-17,98063.3089926446,-0.003683518183899448,1.0112492535500577,-0.11507597316924548,2.094116888040909
2017-03-20,97799.49419314622,-0.0026902498213492443,1.013299224000393,-0.11807269417362536,2.1843815838857847
2017-03-21,98066.0816969754,0.0027258576951603164,0.9977495543446898,-0.11502207873227965,1.9381783947793856
2017-03-22,98622.8802437486,0.0056777892737034374,0.9917976474753993,-0.10871598361182314,1.4850921662521561
2017-03-23,98982.75220973224,0.003648970351445957,0.9878693827423478,-0.10467414262342215,1.190331936749509
2017-03-24,98547.55938224623,-0.004396653131687911,0.9953015283325432,-0.10954157333109622,1.4652959443947557
2017-03-27,98694.5381128256,0.0014914497274283178,0.9953194698530112,-0.10787826784543825,1.3120528967214202
2017-03-28,98253.14000254769,-0.004472366138167705,1.0113047273439626,-0.11284437090492307,1.5675413816423909
2017-03-29,97959.07733155115,-0.0029929086336468735,1.0243846576695625,-0.11617382490934487,1.7119047265188256
2017-03-30,97621.05557269035,-0.003450642534297499,1.0259901507040603,-0.12002732376800287,1.8798060844678184
2017-03-31,98037.39541448867,0.004264856995817912,1.0173749657472286,-0.11525953212927188,1.5299167644842888
2017-04-03,98043.68723508855,6.417776169276301e-05,1.0138785406177993,-0.11517672612974518,1.4780965223836242
2017-04-04,98354.4306081355,0.0031694378476592178,1.0108498032961335,-0.11164224418286857,1.2140503360925674
2017-04-05,98246.05061745878,-0.0011019329785816323,1.0093731002106294,-0.11285740262147152,1.2523152783699405
2017-04-06,98548.94068014693,0.003082974438000763,1.0078603903113172,-0.10942593757595445,0.9939173856086548
2017-04-07,98752.15808779793,0.002062096317306583,1.002384910631555,-0.10713184089431274,0.8212165918328134
2017-04-10,98933.00827977383,0.001831354326607304,1.0063626370456342,-0.10509700959384197,0.6579404689053969
2017-04-11,98489.67623904071,-0.004481133733237108,1.0143805114717628,-0.11006031191812264,0.9434737332429866
2017-04-12,98602.98915525313,0.0011505055203695491,1.0113870450151308,-0.10877350671091354,0.8337248222935147
2017-04-13,98156.98785275289,-0.004523202656645631,1.0084478669112558,-0.11380033865781725,1.1358454491598498
2017-04-17,98396.01203000708,0.0024351213549131945,1.0149270201925167,-0.11108358188573605,0.9130046718477677
2017-04-18,98753.21291647172,0.0036302374364085566,0.9999645169422744,-0.1070535439263659,0.6396138737721601
2017-04-19,98782.3628440402,0.00029517953601310154,0.9890381207827859,-0.10671588172386805,0.6067217735210564
2017-04-20,98479.72785952751,-0.0030636540349868735,1.0004851822603311,-0.11010599184963954,0.7968196642009625
2017-04-21,98199.69938248707,-0.002843513920345875,1.0034984606707134,-0.11326054593940567,0.9861274253186493
2017-04-24,98004.10364258222,-0.0019918160761674963,1.0155431095025098,-0.11547128061022918,1.0978798848532538
2017-04-25,97830.86916042956,-0.0017676247801260425,1.0180920875331527,-0.117435266496621,1.204294492303014
2017-04-26,97868.3564103556,0.0003831842673764907,1.0075583573970424,-0.11699598605572013,1.167204852783879
2017-04-27,97431.18767124898,-0.004466905904433549,1.007099403570701,-0.12199668337234101,1.5232180448294523
2017-04-28,97365.02862566472,-0.0006790335534806458,1.0101417241727981,-0.12274786549504217,1.5364169966234285
2017-05-01,96757.90323873662,-0.0062355590656918425,1.0213831825971087,-0.12978144544541526,1.9745200891040589
2017-05-02,96805.90388794236,0.0004960902169128811,1.02036947678112,-0.12920983520931775,1.8693217991611035
2017-05-03,97884.52771628585,0.011142128579183064,0.9950700220775343,-0.11675539841204727,0.9416187824810137
2017-05-04,97749.90867777575,-0.0013752841399030657,0.987035459241081,-0.11828232434255743,1.0693652027932454
2017-05-05,98292.92582634585,0.005555167835093355,0.9921143952480345,-0.11209349288705227,0.5031978774760417
2017-05-08,98684.97044137024,0.0039885333733682415,0.98518967315867,-0.10766458129472556,0.08672522175288797
2017-05-09,98986.23655200822,0.0030528064130794785,0.0,0.0,-0.3069905784916142
2017-05-10,98986.23655200822,0.0,0.0,0.0,-0.2954118384987366
2017-05-11,98986.23655200822,0.0,0.0,0.0,-1.0302801299140632e-05
2017-05-12,98986.23655200822,0.0,0.0,0.0,-0.2533298467062307
2017-05-15,98986.23655200822,0.0,0.0,0.0,-0.3965123022763402
2017-05-16,98986.23655200822,0.0,0.0,0.0,-0.021512373363207462
2017-05-17,98986.23655200822,0.0,0.0,0.0,-0.6992710504262604
2017-05-18,98986.23655200822,0.0,0.0,0.0,-0.5885270158359177
2017-05-19,98986.23655200822,0.0,0.0,0.0,-1.1254152529664951
2017-05-22,98986.23655200822,0.0,0.0,0.0,-0.9637943952191184
2017-05-23,98986.23655200822,0.0,0.0,0.0,-0.9073257279471498
2017-05-24,98986.23655200822,0.0,0.0,0.0,-0.8596090631954397
2017-05-25,98986.23655200822,0.0,0.0,0.0,-0.8626407899858932
2017-05-26,98986.23655200822,0.0,0.0,0.0,-1.5996532508575325
2017-05-30,98986.23655200822,0.0,0.0,0.0,-1.7805108435392731
2017-05-31,98986.23655200822,0.0,0.0,0.0,-1.7209792643892843
2017-06-01,98986.23655200822,0.0,0.0,0.0,-2.322191039452998
2017-06-02,98936.74343373222,-0.000500000000000056,1.0005002501250626,0.08869343796205091,-1.2389513569890986
2017-06-05,98943.54097238906,6.870590663221599e-05,1.0008553583497561,0.08876509088513809,-1.2228069904562202
2017-06-06,98107.54336480818,-0.00844923882210935,1.0057591560579404,0.0810093680752831,-2.3708679087027806
2017-06-07,98637.50263980447,0.005401819848099398,0.9949734945336964,0.08595604296944559,-1.5380325825663281
2017-06-08,98679.16763749029,0.00042240523706249533,0.9991496535476965,0.0863509911259043,-1.4270320222350346
2017-06-09,98269.0663487571,-0.004155905431222795,1.0064739399814036,0.08254719959208438,-1.9124976538614036
2017-06-12,98098.67715739206,-0.0017339046527655722,1.0089381574546925,0.08096284272891237,-2.0323559442462793
2017-06-13,98972.59403096282,0.008908549013037392,1.0147512543606694,0.08908696227640059,-0.8307664066473927
2017-06-14,100057.71708761538,0.01096387406308752,1.0033047322375497,0.09897487149055616,0.6189022501145326
2017-06-15,99756.4540555778,-0.003010892520901587,0.0,0.0,0.3019407756215582
2017-06-16,99756.4540555778,0.0,0.0,0.0,0.09967161993556545
2017-06-19,99756.4540555778,0.0,0.0,0.0,0.16945870268046198
2017-06-20,99756.4540555778,0.0,0.0,0.0,-0.44247105564831346
2017-06-21,99756.4540555778,0.0,0.0,0.0,-0.8629210950795527
2017-06-22,99756.4540555778,0.0,0.0,0.0,-1.2964150968564896
2017-06-23,99756.4540555778,0.0,0.0,0.0,-0.985394452357891
2017-06-26,99756.4540555778,0.0,0.0,0.0,-1.044372874698337
2017-06-27,99756.4540555778,0.0,0.0,0.0,-1.4748241946178031
2017-06-28,99756.4540555778,0.0,0.0,0.0,-0.911714373347705
2017-06-29,99756.4540555778,0.0,0.0,0.0,-0.3639689664455646
2017-06-30,99756.4540555778,0.0,0.0,0.0,-0.6690217453848967
2017-07-03,99756.4540555778,0.0,0.0,0.0,-1.3535367323493077
2017-07-05,99756.4540555778,0.0,0.0,0.0,-0.6157170369182647
2017-07-06,99756.4540555778,0.0,0.0,0.0,-1.0018883457610401
2017-07-07,99756.4540555778,0.0,0.0,0.0,
2017-07-10,99756.4540555778,0.0,0.0,0.0,
2017-07-11,99756.4540555778,0.0,0.0,0.0,
2017-07-12,99756.4540555778,0.0,0.0,0.0,
2017-07-13,99756.4540555778,0.0,0.0,0.0,
2017-07-14,99756.4540555778,0.0,0.0,0.0,
2017-07-17,99756.4540555778,0.0,0.0,0.0,
2017-07-18,99756.4540555778,0.0,0.0,0.0,
2017-07-19,99756.4540555778,0.0,0.0,0.0,
2017-07-20,99756.4540555778,0.0,0.0,0.0,
2017-07-21,99756.4540555778,0.0,0.0,0.0,
2017-07-24,99756.4540555778,0.0,0.0,0.0,
2017-07-25,99756.4540555778,0.0,0.0,0.0,
2017-07-26,99756.4540555778,0.0,0.0,0.0,
2017-07-27,99756.4540555778,0.0,0.0,0.0,
2017-07-28,99756.4540555778,0.0,0.0,0.0,
2017-07-31,99756.4540555778,0.0,0.0,0.0,
2017-08-01,99756.4540555778,0.0,0.0,0.0,
2017-08-02,99756.4540555778,0.0,0.0,0.0,
2017-08-03,99756.4540555778,0.0,0.0,0.0,
2017-08-04,99756.4540555778,0.0,0.0,0.0,
2017-08-07,99756.4540555778,0.0,0.0,0.0,
2017-08-08,99756.4540555778,0.0,0.0,0.0,
2017-08-09,99756.4540555778,0.0,0.0,0.0,
2017-08-10,99756.4540555778,0.0,0.0,0.0,
2017-08-11,99756.4540555778,0.0,0.0,0.0,
2017-08-14,99756.4540555778,0.0,0.0,0.0,
2017-08-15,99756.4540555778,0.0,0.0,0.0,
2017-08-16,99756.4540555778,0.0,0.0,0.0,
2017-08-17,99756.4540555778,0.0,0.0,0.0,
2017-08-18,99756.4540555778,0.0,0.0,0.0,
2017-08-21,99756.4540555778,0.0,0.0,0.0,
2017-08-22,99756.4540555778,0.0,0.0,0.0,
2017-08-23,99756.4540555778,0.0,0.0,0.0,
2017-08-24,99756.4540555778,0.0,0.0,0.0,
2017-08-25,99756.4540555778,0.0,0.0,0.0,
2017-08-28,99756.4540555778,0.0,0.0,0.0,
2017-08-29,99756.4540555778,0.0,0.0,0.0,
2017-08-30,99756.4540555778,0.0,0.0,0.0,
2017-08-31,99756.4540555778,0.0,0.0,0.0,
2017-09-01,99756.4540555778,0.0,0.0,0.0,
2017-09-05,99756.4540555778,0.0,0.0,0.0,
2017-09-06,99756.4540555778,0.0,0.0,0.0,
2017-09-07,99756.4540555778,0.0,0.0,0.0,
2017-09-08,99756.4540555778,0.0,0.0,0.0,
2017-09-11,99756.4540555778,0.0,0.0,0.0,
2017-09-12,99756.4540555778,0.0,0.0,0.0,
2017-09-13,99756.4540555778,0.0,0.0,0.0,
2017-09-14,99756.4540555778,0.0,0.0,0.0,
2017-09-15,99756.4540555778,0.0,0.0,0.0,
2017-09-18,99756.4540555778,0.0,0.0,0.0,
2017-09-19,99756.4540555778,0.0,0.0,0.0,
2017-09-20,99756.4540555778,0.0,0.0,0.0,
2017-09-21,99756.4540555778,0.0,0.0,0.0,
2017-09-22,99756.4540555778,0.0,0.0,0.0,
2017-09-25,99756.4540555778,0.0,0.0,0.0,
2017-09-26,99756.4540555778,0.0,0.0,0.0,
2017-09-27,99756.4540555778,0.0,0.0,0.0,
2017-09-28,99756.4540555778,0.0,0.0,0.0,
2017-09-29,99756.4540555778,0.0,0.0,0.0,
2017-10-02,99756.4540555778,0.0,0.0,0.0,
2017-10-03,99756.4540555778,0.0,0.0,0.0,
2017-10-04,99756.4540555778,0.0,0.0,0.0,
2017-10-05,99756.4540555778,0.0,0.0,0.0,
2017-10-06,99756.4540555778,0.0,0.0,0.0,
2017-10-09,99756.4540555778,0.0,0.0,0.0,
2017-10-10,99756.4540555778,0.0,0.0,0.0,
2017-10-11,99756.4540555778,0.0,0.0,0.0,
2017-10-12,99756.4540555778,0.0,0.0,0.0,
2017-10-13,99756.4540555778,0.0,0.0,0.0,
2017-10-16,99756.4540555778,0.0,0.0,0.0,
2017-10-17,99756.4540555778,0.0,0.0,0.0,
2017-10-18,99756.4540555778,0.0,0.0,0.0,
2017-10-19,99756.4540555778,0.0,0.0,0.0,
2017-10-20,99756.4540555778,0.0,0.0,0.0,
2017-10-23,99756.4540555778,0.0,0.0,0.0,
2017-10-24,99756.4540555778,0.0,0.0,0.0,
2017-10-25,99756.4540555778,0.0,0.0,0.0,
2017-10-26,99756.4540555778,0.0,0.0,0.0,
2017-10-27,99756.4540555778,0.0,0.0,0.0,
2017-10-30,99756.4540555778,0.0,0.0,0.0,
2017-10-31,99756.4540555778,0.0,0.0,0.0,
2017-11-01,99756.4540555778,0.0,0.0,0.0,
2017-11-02,99756.4540555778,0.0,0.0,0.0,
2017-11-03,99756.4540555778,0.0,0.0,0.0,
2017-11-06,99756.4540555778,0.0,0.0,0.0,
2017-11-07,99756.4540555778,0.0,0.0,0.0,
2017-11-08,99756.4540555778,0.0,0.0,0.0,
2017-11-09,99756.4540555778,0.0,0.0,0.0,
2017-11-10,99756.4540555778,0.0,0.0,0.0,
2017-11-13,99756.4540555778,0.0,0.0,0.0,
2017-11-14,99756.4540555778,0.0,0.0,0.0,
2017-11-15,99756.4540555778,0.0,0.0,0.0,
2017-11-16,99756.4540555778,0.0,0.0,0.0,
2017-11-17,99756.4540555778,0.0,0.0,0.0,
2017-11-20,99756.4540555778,0.0,0.0,0.0,
2017-11-21,99756.4540555778,0.0,0.0,0.0,
2017-11-22,99756.4540555778,0.0,0.0,0.0,
2017-11-24,99756.4540555778,0.0,0.0,0.0,
2017-11-27,99756.4540555778,0.0,0.0,0.0,
2017-11-28,99756.4540555778,0.0,0.0,0.0,
2017-11-29,99756.4540555778,0.0,0.0,0.0,
2017-11-30,99756.4540555778,0.0,0.0,0.0,
2017-12-01,99756.4540555778,0.0,0.0,0.0,
2017-12-04,99756.4540555778,0.0,0.0,0.0,
2017-12-05,99756.4540555778,0.0,0.0,0.0,
2017-12-06,99756.4540555778,0.0,0.0,0.0,
2017-12-07,99756.4540555778,0.0,0.0,0.0,
2017-12-08,99756.4540555778,0.0,0.0,0.0,
2017-12-11,99756.4540555778,0.0,0.0,0.0,
2017-12-12,99756.4540555778,0.0,0.0,0.0,
2017-12-13,99756.4540555778,0.0,0.0,0.0,
2017-12-14,99756.4540555778,0.0,0.0,0.0,
2017-12-15,99756.4540555778,0.0,0.0,0.0,
2017-12-18,99756.4540555778,0.0,0.0,0.0,
2017-12-19,99756.4540555778,0.0,0.0,0.0,
2017-12-20,99756.4540555778,0.0,0.0,0.0,
2017-12-21,99756.4540555778,0.0,0.0,0.0,
2017-12-22,99756.4540555778,0.0,0.0,0.0,
2017-12-26,99756.4540555778,0.0,0.0,0.0,
2017-12-27,99756.4540555778,0.0,0.0,0.0,
2017-12-28,99756.4540555778,0.0,0.0,0.0,
2017-12-29,99756.4540555778,0.0,0.0,0.0,
2018-01-02,99756.4540555778,0.0,0.0,0.0,
2018-01-03,99756.4540555778,0.0,0.0,0.0,
2018-01-04,99756.4540555778,0.0,0.0,0.0,
2018-01-05,99756.4540555778,0.0,0.0,0.0,
2018-01-08,99756.4540555778,0.0,0.0,0.0,
2018-01-09,99756.4540555778,0.0,0.0,0.0,
2018-01-10,99756.4540555778,0.0,0.0,0.0,
2018-01-11,99756.4540555778,0.0,0.0,0.0,
2018-01-12,99756.4540555778,0.0,0.0,0.0,
2018-01-16,99756.4540555778,0.0,0.0,0.0,
2018-01-17,99756.4540555778,0.0,0.0,0.0,
2018-01-18,99756.4540555778,0.0,0.0,0.0,
2018-01-19,99756.4540555778,0.0,0.0,0.0,
2018-01-22,99756.4540555778,0.0,0.0,0.0,
2018-01-23,99756.4540555778,0.0,0.0,0.0,
2018-01-24,99756.4540555778,0.0,0.0,0.0,
2018-01-25,99756.4540555778,0.0,0.0,0.0,
2018-01-26,99756.4540555778,0.0,0.0,0.0,
2018-01-29,99756.4540555778,0.0,0.0,0.0,
2018-01-30,99756.4540555778,0.0,0.0,0.0,
2018-01-31,99756.4540555778,0.0,0.0,0.0,
2018-02-01,99756.4540555778,0.0,0.0,0.0,
2018-02-02,99756.4540555778,0.0,0.0,0.0,
2018-02-05,99756.4540555778,0.0,0.0,0.0,
2018-02-06,99756.4540555778,0.0,0.0,0.0,
2018-02-07,99756.4540555778,0.0,0.0,0.0,
2018-02-08,99756.4540555778,0.0,0.0,0.0,
2018-02-09,99756.4540555778,0.0,0.0,0.0,
2018-02-12,99756.4540555778,0.0,0.0,0.0,
2018-02-13,99756.4540555778,0.0,0.0,0.0,
2018-02-14,99756.4540555778,0.0,0.0,0.0,
2018-02-15,99756.4540555778,0.0,0.0,0.0,
2018-02-16,99756.4540555778,0.0,0.0,0.0,
2018-02-20,99756.4540555778,0.0,0.0,0.0,
2018-02-21,99756.4540555778,0.0,0.0,0.0,
2018-02-22,99756.4540555778,0.0,0.0,0.0,
2018-02-23,99756.4540555778,0.0,0.0,0.0,
2018-02-26,99756.4540555778,0.0,0.0,0.0,
2018-02-27,99756.4540555778,0.0,0.0,0.0,
2018-02-28,99756.4540555778,0.0,0.0,0.0,
2018-03-01,99756.4540555778,0.0,0.0,0.0,
2018-03-02,99756.4540555778,0.0,0.0,0.0,
2018-03-05,99756.4540555778,0.0,0.0,0.0,
2018-03-06,99756.4540555778,0.0,0.0,0.0,
2018-03-07,99756.4540555778,0.0,0.0,0.0,
2018-03-08,99756.4540555778,0.0,0.0,0.0,
2018-03-09,99756.4540555778,0.0,0.0,0.0,
2018-03-12,99756.4540555778,0.0,0.0,0.0,
2018-03-13,99756.4540555778,0.0,0.0,0.0,
2018-03-14,99756.4540555778,0.0,0.0,0.0,
2018-03-15,99756.4540555778,0.0,0.0,0.0,
2018-03-16,99756.4540555778,0.0,0.0,0.0,
2018-03-19,99756.4540555778,0.0,0.0,0.0,
2018-03-20,99756.4540555778,0.0,0.0,0.0,
2018-03-21,99756.4540555778,0.0,0.0,0.0,
2018-03-22,99756.4540555778,0.0,0.0,0.0,
2018-03-23,99756.4540555778,0.0,0.0,0.0,
2018-03-26,99756.4540555778,0.0,0.0,0.0,
2018-03-27,99756.4540555778,0.0,0.0,0.0,
2018-03-28,99756.4540555778,0.0,0.0,0.0,
2018-03-29,99756.4540555778,0.0,0.0,0.0,
2018-04-02,99756.4540555778,0.0,0.0,0.0,
2018-04-03,99756.4540555778,0.0,0.0,0.0,
2018-04-04,99756.4540555778,0.0,0.0,0.0,
2018-04-05,99756.4540555778,0.0,0.0,0.0,
2018-04-06,99756.4540555778,0.0,0.0,0.0,
2018-04-09,99756.4540555778,0.0,0.0,0.0,
2018-04-10,99756.4540555778,0.0,0.0,0.0,
2018-04-11,99756.4540555778,0.0,0.0,0.0,
2018-04-12,99756.4540555778,0.0,0.0,0.0,
2018-04-13,99756.4540555778,0.0,0.0,0.0,
2018-04-16,99756.4540555778,0.0,0.0,0.0,
2018-04-17,99756.4540555778,0.0,0.0,0.0,
2018-04-18,99756.4540555778,0.0,0.0,0.0,
2018-04-19,99756.4540555778,0.0,0.0,0.0,
2018-04-20,99756.4540555778,0.0,0.0,0.0,
2018-04-23,99756.4540555778,0.0,0.0,0.0,
2018-04-24,99756.4540555778,0.0,0.0,0.0,
2018-04-25,99756.4540555778,0.0,0.0,0.0,
2018-04-26,99756.4540555778,0.0,0.0,0.0,
2018-04-27,99756.4540555778,0.0,0.0,0.0,
2018-04-30,99756.4540555778,0.0,0.0,0.0,
2018-05-01,99756.4540555778,0.0,0.0,0.0,
2018-05-02,99756.4540555778,0.0,0.0,0.0,
2018-05-03,99756.4540555778,0.0,0.0,0.0,
2018-05-04,99756.4540555778,0.0,0.0,0.0,
2018-05-07,99756.4540555778,0.0,0.0,0.0,
2018-05-08,99756.4540555778,0.0,0.0,0.0,
2018-05-09,99756.4540555778,0.0,0.0,0.0,
2018-05-10,99756.4540555778,0.0,0.0,0.0,
2018-05-11,99756.4540555778,0.0,0.0,0.0,
2018-05-14,99756.4540555778,0.0,0.0,0.0,
2018-05-15,99756.4540555778,0.0,0.0,0.0,
2018-05-16,99756.4540555778,0.0,0.0,0.0,
2018-05-17,99756.4540555778,0.0,0.0,0.0,
2018-05-18,99756.4540555778,0.0,0.0,0.0,
2018-05-21,99756.4540555778,0.0,0.0,0.0,
2018-05-22,99756.4540555778,0.0,0.0,0.0,
2018-05-23,99756.4540555778,0.0,0.0,0.0,
2018-05-24,99756.4540555778,0.0,0.0,0.0,
2018-05-25,99756.4540555778,0.0,0.0,0.0,
2018-05-29,99756.4540555778,0.0,0.0,0.0,
2018-05-30,99756.4540555778,0.0,0.0,0.0,
2018-05-31,99756.4540555778,0.0,0.0,0.0,
2018-06-01,99756.4540555778,0.0,0.0,0.0,
2018-06-04,99756.4540555778,0.0,0.0,0.0,
2018-06-05,99756.4540555778,0.0,0.0,0.0,
2018-06-06,99756.4540555778,0.0,0.0,0.0,
2018-06-07,99756.4540555778,0.0,0.0,0.0,
2018-06-08,99756.4540555778,0.0,0.0,0.0,
2018-06-11,99756.4540555778,0.0,0.0,0.0,
2018-06-12,99756.4540555778,0.0,0.0,0.0,
2018-06-13,99756.4540555778,0.0,0.0,0.0,
2018-06-14,99756.4540555778,0.0,0.0,0.0,
2018-06-15,99756.4540555778,0.0,0.0,0.0,
2018-06-18,99756.4540555778,0.0,0.0,0.0,
2018-06-19,99756.4540555778,0.0,0.0,0.0,
2018-06-20,99756.4540555778,0.0,0.0,0.0,
2018-06-21,99756.4540555778,0.0,0.0,0.0,
2018-06-22,99756.4540555778,0.0,0.0,0.0,
2018-06-25,99756.4540555778,0.0,0.0,0.0,
2018-06-26,99756.4540555778,0.0,0.0,0.0,
2018-06-27,99756.4540555778,0.0,0.0,0.0,
2018-06-28,99756.4540555778,0.0,0.0,0.0,
2018-06-29,99756.4540555778,0.0,0.0,0.0,
2018-07-02,99756.4540555778,0.0,0.0,0.0,
2018-07-03,99756.4540555778,0.0,0.0,0.0,
2018-07-05,99756.4540555778,0.0,0.0,0.0,
2018-07-06,99756.4540555778,0.0,0.0,0.0,
2018-07-09,99756.4540555778,0.0,0.0,0.0,
2018-07-10,99756.4540555778,0.0,0.0,0.0,
2018-07-11,99756.4540555778,0.0,0.0,0.0,
2018-07-12,99756.4540555778,0.0,0.0,0.0,
2018-07-13,99756.4540555778,0.0,0.0,0.0,
2018-07-16,99756.4540555778,0.0,0.0,0.0,
2018-07-17,99756.4540555778,0.0,0.0,0.0,
2018-07-18,99756.4540555778,0.0,0.0,0.0,
2018-07-19,99756.4540555778,0.0,0.0,0.0,
2018-07-20,99756.4540555778,0.0,0.0,0.0,
2018-07-23,99756.4540555778,0.0,0.0,0.0,
2018-07-24,99756.4540555778,0.0,0.0,0.0,
2018-07-25,99756.4540555778,0.0,0.0,0.0,
2018-07-26,99756.4540555778,0.0,0.0,0.0,
2018-07-27,99756.4540555778,0.0,0.0,0.0,
2018-07-30,99756.4540555778,0.0,0.0,0.0,
2018-07-31,99756.4540555778,0.0,0.0,0.0,
2018-08-01,99756.4540555778,0.0,0.0,0.0,
2018-08-02,99756.4540555778,0.0,0.0,0.0,
2018-08-03,99756.4540555778,0.0,0.0,0.0,
2018-08-06,99756.4540555778,0.0,0.0,0.0,
2018-08-07,99756.4540555778,0.0,0.0,0.0,
2018-08-08,99756.4540555778,0.0,0.0,0.0,
2018-08-09,99756.4540555778,0.0,0.0,0.0,
2018-08-10,99756.4540555778,0.0,0.0,0.0,
2018-08-13,99756.4540555778,0.0,0.0,0.0,
2018-08-14,99756.4540555778,0.0,0.0,0.0,
2018-08-15,99756.4540555778,0.0,0.0,0.0,
2018-08-16,99756.4540555778,0.0,0.0,0.0,
2018-08-17,99756.4540555778,0.0,0.0,0.0,
2018-08-20,99756.4540555778,0.0,0.0,0.0,
2018-08-21,99756.4540555778,0.0,0.0,0.0,
2018-08-22,99756.4540555778,0.0,0.0,0.0,
2018-08-23,99756.4540555778,0.0,0.0,0.0,
2018-08-24,99756.4540555778,0.0,0.0,0.0,
2018-08-27,99756.4540555778,0.0,0.0,0.0,
2018-08-28,99756.4540555778,0.0,0.0,0.0,
2018-08-29,99756.4540555778,0.0,0.0,0.0,
2018-08-30,99756.4540555778,0.0,0.0,0.0,
2018-08-31,99756.4540555778,0.0,0.0,0.0,
2018-09-04,99756.4540555778,0.0,0.0,0.0,
2018-09-05,99756.4540555778,0.0,0.0,0.0,
2018-09-06,99756.4540555778,0.0,0.0,0.0,
2018-09-07,99756.4540555778,0.0,0.0,0.0,
2018-09-10,99756.4540555778,0.0,0.0,0.0,
2018-09-11,99756.4540555778,0.0,0.0,0.0,
2018-09-12,99756.4540555778,0.0,0.0,0.0,
2018-09-13,99756.4540555778,0.0,0.0,0.0,
2018-09-14,99756.4540555778,0.0,0.0,0.0,
2018-09-17,99756.4540555778,0.0,0.0,0.0,
2018-09-18,99756.4540555778,0.0,0.0,0.0,
2018-09-19,99756.4540555778,0.0,0.0,0.0,
2018-09-20,99756.4540555778,0.0,0.0,0.0,
2018-09-21,99756.4540555778,0.0,0.0,0.0,
2018-09-24,99756.4540555778,0.0,0.0,0.0,
2018-09-25,99756.4540555778,0.0,0.0,0.0,
2018-09-26,99756.4540555778,0.0,0.0,0.0,
2018-09-27,99756.4540555778,0.0,0.0,0.0,
2018-09-28,99756.4540555778,0.0,0.0,0.0,
2018-10-01,99756.4540555778,0.0,0.0,0.0,
2018-10-02,99756.4540555778,0.0,0.0,0.0,
2018-10-03,99756.4540555778,0.0,0.0,0.0,
2018-10-04,99756.4540555778,0.0,0.0,0.0,
2018-10-05,99756.4540555778,0.0,0.0,0.0,
2018-10-08,99756.4540555778,0.0,0.0,0.0,
2018-10-09,99756.4540555778,0.0,0.0,0.0,
2018-10-10,99756.4540555778,0.0,0.0,0.0,
2018-10-11,99756.4540555778,0.0,0.0,0.0,
2018-10-12,99756.4540555778,0.0,0.0,0.0,
2018-10-15,99756.4540555778,0.0,0.0,0.0,
2018-10-16,99756.4540555778,0.0,0.0,0.0,
2018-10-17,99756.4540555778,0.0,0.0,0.0,
2018-10-18,99756.4540555778,0.0,0.0,0.0,
2018-10-19,99756.4540555778,0.0,0.0,0.0,
2018-10-22,99756.4540555778,0.0,0.0,0.0,
2018-10-23,99756.4540555778,0.0,0.0,0.0,
2018-10-24,99756.4540555778,0.0,0.0,0.0,
2018-10-25,99756.4540555778,0.0,0.0,0.0,
2018-10-26,99756.4540555778,0.0,0.0,0.0,
2018-10-29,99756.4540555778,0.0,0.0,0.0,
2018-10-30,99756.4540555778,0.0,0.0,0.0,
2018-10-31,99756.4540555778,0.0,0.0,0.0,
2018-11-01,99756.4540555778,0.0,0.0,0.0,
2018-11-02,99756.4540555778,0.0,0.0,0.0,
2018-11-05,99756.4540555778,0.0,0.0,0.0,
2018-11-06,99756.4540555778,0.0,0.0,0.0,
2018-11-07,99756.4540555778,0.0,0.0,0.0,
2018-11-08,99756.4540555778,0.0,0.0,0.0,
2018-11-09,99756.4540555778,0.0,0.0,0.0,
2018-11-12,99756.4540555778,0.0,0.0,0.0,
2018-11-13,99756.4540555778,0.0,0.0,0.0,
2018-11-14,99756.4540555778,0.0,0.0,0.0,
2018-11-15,99756.4540555778,0.0,0.0,0.0,
2018-11-16,99756.4540555778,0.0,0.0,0.0,
2018-11-19,99756.4540555778,0.0,0.0,0.0,
2018-11-20,99756.4540555778,0.0,0.0,0.0,
2018-11-21,99756.4540555778,0.0,0.0,0.0,
2018-11-23,99756.4540555778,0.0,0.0,0.0,
2018-11-26,99756.4540555778,0.0,0.0,0.0,
2018-11-27,99756.4540555778,0.0,0.0,0.0,
2018-11-28,99756.4540555778,0.0,0.0,0.0,
2018-11-29,99756.4540555778,0.0,0.0,0.0,
2018-11-30,99756.4540555778,0.0,0.0,0.0,
2018-12-03,99756.4540555778,0.0,0.0,0.0,
2018-12-04,99756.4540555778,0.0,0.0,0.0,
2018-12-06,99756.4540555778,0.0,0.0,0.0,
2018-12-07,99756.4540555778,0.0,0.0,0.0,
2018-12-10,99756.4540555778,0.0,0.0,0.0,
2018-12-11,99756.4540555778,0.0,0.0,0.0,
2018-12-12,99756.4540555778,0.0,0.0,0.0,
2018-12-13,99756.4540555778,0.0,0.0,0.0,
2018-12-14,99756.4540555778,0.0,0.0,0.0,
2018-12-17,99756.4540555778,0.0,0.0,0.0,
2018-12-18,99756.4540555778,0.0,0.0,0.0,
2018-12-19,99756.4540555778,0.0,0.0,0.0,
2018-12-20,99756.4540555778,0.0,0.0,0.0,
2018-12-21,99756.4540555778,0.0,0.0,0.0,
2018-12-24,99756.4540555778,0.0,0.0,0.0,
2018-12-26,99756.4540555778,0.0,0.0,0.0,
2018-12-27,99756.4540555778,0.0,0.0,0.0,
2018-12-28,99756.4540555778,0.0,0.0,0.0,
2018-12-31,99756.4540555778,0.0,0.0,0.0,
2019-01-02,99756.4540555778,0.0,0.0,0.0,
2019-01-03,99756.4540555778,0.0,0.0,0.0,
2019-01-04,99756.4540555778,0.0,0.0,0.0,
2019-01-07,99756.4540555778,0.0,0.0,0.0,
2019-01-08,99756.4540555778,0.0,0.0,0.0,1.1533082844144151
2019-01-09,99756.4540555778,0.0,0.0,0.0,1.179574900110848
2019-01-10,99756.4540555778,0.0,0.0,0.0,1.2422749078822743
2019-01-11,99756.4540555778,0.0,0.0,0.0,1.3019875218045613
2019-01-14,99756.4540555778,0.0,0.0,0.0,0.8165966991016476
2019-01-15,99756.4540555778,0.0,0.0,0.0,0.9656506489527557
2019-01-16,99756.4540555778,0.0,0.0,0.0,0.954435899365813
2019-01-17,99756.4540555778,0.0,0.0,0.0,1.1686773668490011
2019-01-18,99756.4540555778,0.0,0.0,0.0,1.0874443029461687
2019-01-22,99756.4540555778,0.0,0.0,0.0,-0.24598216291479752
2019-01-23,99756.4540555778,0.0,0.0,0.0,0.1488543896831855
2019-01-24,99756.4540555778,0.0,0.0,0.0,-0.19432021358522106
2019-01-25,99756.4540555778,0.0,0.0,0.0,0.47400270097360114
2019-01-28,99756.4540555778,0.0,0.0,0.0,0.08974743358991583
2019-01-29,99756.4540555778,0.0,0.0,0.0,-0.7602796274606363
2019-01-30,99756.4540555778,0.0,0.0,0.0,0.2894934344982828
2019-01-31,99756.4540555778,0.0,0.0,0.0,-0.5149374421609417
2019-02-01,99756.4540555778,0.0,0.0,0.0,-0.9108433314297835
2019-02-04,99756.4540555778,0.0,0.0,0.0,-0.21532373941438313
2019-02-05,99756.4540555778,0.0,0.0,0.0,1.1036258822695049
2019-02-06,99756.4540555778,0.0,0.0,0.0,0.3094891887251173
2019-02-07,99756.4540555778,0.0,0.0,0.0,0.812880810196698
2019-02-08,99756.4540555778,0.0,0.0,0.0,0.7706869729290438
2019-02-11,99756.4540555778,0.0,0.0,0.0,1.1685512966182714
2019-02-12,99756.4540555778,0.0,0.0,0.0,1.3432982058956462
2019-02-13,99756.4540555778,0.0,0.0,0.0,0.4736842477999421
2019-02-14,99756.4540555778,0.0,0.0,0.0,0.2545549533087741
2019-02-15,99756.4540555778,0.0,0.0,0.0,0.9244853439550632
2019-02-19,99756.4540555778,0.0,0.0,0.0,1.0035191335415874
2019-02-20,99756.4540555778,0.0,0.0,0.0,-0.20533297734523193
2019-02-21,99756.4540555778,0.0,0.0,0.0,-0.3246628677786708
2019-02-22,99756.4540555778,0.0,0.0,0.0,0.5529301769295308
2019-02-25,99756.4540555778,0.0,0.0,0.0,1.1981626834606853
2019-02-26,99756.4540555778,0.0,0.0,0.0,1.0207761738863772
2019-02-27,99756.4540555778,0.0,0.0,0.0,0.31188332182078016
2019-02-28,99756.4540555778,0.0,0.0,0.0,0.5851729431203104
2019-03-01,99756.4540555778,0.0,0.0,0.0,1.7456747540985673
2019-03-04,99756.4540555778,0.0,0.0,0.0,1.3053182171505908
2019-03-05,99756.4540555778,0.0,0.0,0.0,1.7035864796792441
2019-03-06,99756.4540555778,0.0,0.0,0.0,2.1574427156049087
2019-03-07,99706.57582855,-0.0004999999999999449,1.0005002501250626,-0.16821419917373506,2.1807074198143925
2019-03-08,99935.84107943549,0.0022993995027942304,0.9955952333119852,-0.16552260269123334,1.7125443455819434
2019-03-11,99780.55536236562,-0.001553854106720709,1.0059930060064946,-0.16732493631124729,1.934077695379897
2019-03-12,100374.00685950746,0.0059475665873640615,0.9983561954651764,-0.1604116705728095,0.743021563521407
2019-03-13,100300.38129419503,-0.000733512266930636,1.0043525060267025,-0.16125196742295478,0.8636823205366541
2019-03-14,100280.77071924806,-0.0001955184486233108,1.0010995121685475,-0.16146749220871498,0.8747283639846108
2019-03-15,100079.55872218337,-0.0020064863445058423,1.0060213814216241,-0.1637910897353053,1.2430593090729807
2019-03-18,100190.99344650266,0.0011134613875409816,1.0098397041152856,-0.1624851021779865,0.9904700401871486
2019-03-19,100377.7941822547,0.0018644463871073658,1.0054830072825967,-0.16031013593071475,0.5873943997514781
2019-03-20,100303.79574927053,-0.0007371992340239331,1.006042690555109,-0.16115457278418785,0.7071834038821934
2019-03-21,99871.97299219116,-0.004305148712006823,1.0131846942550484,-0.16616350073945566,1.5791094438527276
2019-03-22,100173.12935978,0.003015424233306918,0.9940867353809681,-0.1626459301440567,0.8901178343441023
2019-03-25,99883.88321613113,-0.002887462391336637,0.9995457424885886,-0.16600123934845185,1.4648973496759399
2019-03-26,99913.47007027696,0.0002962124938796773,1.0050201638431895,-0.16564439794826905,1.3731585134061566
2019-03-27,100345.68813914372,0.004325923907584572,0.9930438279063051,-0.1606120647342717,0.4662625656053264
2019-03-28,99964.06721279467,-0.003803062527409029,0.0,0.0,1.155316437800068
2019-03-29,99964.06721279467,0.0,0.0,0.0,1.7478283810760877
2019-04-01,99964.06721279467,0.0,0.0,0.0,1.89428342334984
2019-04-02,99964.06721279467,0.0,0.0,0.0,1.258203687742962
2019-04-03,99964.06721279467,0.0,0.0,0.0,2.032167041662383
2019-04-04,99914.08517918827,-0.000500000000000056,1.0005002501250626,-0.16821419917373504,0.9012929517233439
2019-04-05,100331.0895357302,0.00417362933158083,0.995129109008921,-0.16334722468460014,0.08697311934030151
2019-04-08,100213.06191078278,-0.0011763813738452367,0.0,0.0,0.21842848420103458
2019-04-09,100213.06191078278,0.0,0.0,0.0,0.12838415690984506
2019-04-10,100213.06191078278,0.0,0.0,0.0,0.5516091527636423
2019-04-11,100213.06191078278,0.0,0.0,0.0,0.36967974935302433
2019-04-12,100213.06191078278,0.0,0.0,0.0,0.7868042956298853
2019-04-15,100213.06191078278,0.0,0.0,0.0,0.5211428630534661
2019-04-16,100213.06191078278,0.0,0.0,0.0,0.9776255864475328
2019-04-17,100213.06191078278,0.0,0.0,0.0,0.5176153484992606
2019-04-18,100213.06191078278,0.0,0.0,0.0,0.5404558786603595
2019-04-22,100213.06191078278,0.0,0.0,0.0,0.35312277018857186
2019-04-23,100213.06191078278,0.0,0.0,0.0,0.8194137240412268
2019-04-24,100213.06191078278,0.0,0.0,0.0,1.0266770626956894
2019-04-25,100213.06191078278,0.0,0.0,0.0,1.1652229423341793
2019-04-26,100213.06191078278,0.0,0.0,0.0,1.0704728780069284
2019-04-29,100213.06191078278,0.0,0.0,0.0,0.6807242335519107
2019-04-30,100213.06191078278,0.0,0.0,0.0,-0.29834852288596675
2019-05-01,100213.06191078278,0.0,0.0,0.0,-0.14941625660288332
2019-05-02,100213.06191078278,0.0,0.0,0.0,0.32485708114720946
2019-05-03,100213.06191078278,0.0,0.0,0.0,0.6954481316016594
2019-05-06,100213.06191078278,0.0,0.0,0.0,-0.711720104610085
2019-05-07,100213.06191078278,0.0,0.0,0.0,-1.1091550229377056
2019-05-08,100213.06191078278,0.0,0.0,0.0,-1.2540312132823095
2019-05-09,100213.06191078278,0.0,0.0,0.0,-0.5864679469351816
2019-05-10,100213.06191078278,0.0,0.0,0.0,1.3960590001663815
2019-05-13,100213.06191078278,0.0,0.0,0.0,-0.5168887903736828
2019-05-14,100213.06191078278,0.0,0.0,0.0,-1.6352917483958151
2019-05-15,100213.06191078278,0.0,0.0,0.0,-0.775143680572258
2019-05-16,100213.06191078278,0.0,0.0,0.0,-0.28520933413561733
2019-05-17,100213.06191078278,0.0,0.0,0.0,-1.4865862254607956
2019-05-20,100213.06191078278,0.0,0.0,0.0,2.748585119535021
2019-05-21,100162.95537982738,-0.000500000000000056,1.0005002501250626,-0.16821419917373517,2.8484653501175825
2019-05-22,99848.96598323947,-0.003134785663993611,0.9999820525329406,-0.17187618545048286,3.3306697171574853
2019-05-23,99628.89072152255,-0.0022040815300367056,0.9925405741837899,-0.17445315036934758,3.503676854449224
2019-05-24,99645.85549749788,0.0001702796834579523,0.9984087298225148,-0.17424162355868889,3.1286251569667094
2019-05-28,99942.21675752407,0.002974145372595549,0.9909949202898584,-0.17074801533037326,2.3103595372417267
2019-05-29,99875.70215841006,-0.0006655305562752734,0.984627361414878,-0.17151616991108373,2.301940204078039
2019-05-30,99650.41927835286,-0.002255632503087579,0.986733405870836,-0.1741531582605691,2.55868180297631
2019-05-31,99513.50362164961,-0.0013739596651450858,0.9861934926868966,-0.17575708433867196,2.6189259800382003
2019-06-03,99854.33447230258,0.00342497086575122,0.9814712286874,-0.17173240769239856,1.909062413064826
2019-06-04,99568.17527633626,-0.0028657663934027466,0.9990093554862417,-0.17508849630210974,2.2482148602526544
2019-06-05,99849.96097667459,0.0028300779797989506,0.9942430827617356,-0.17176067442368007,1.7067566226470705
2019-06-06,99728.35552762271,-0.001217881788459385,1.0016935704599919,-0.1731778989238113,1.8097320188322672
2019-06-07,99258.99981859888,-0.004706341607065068,1.0156065737951074,-0.1787136726533097,2.371473329770157
2019-06-10,99331.58840922188,0.0007313048766928176,1.0156070087286568,-0.17784046376305024,2.1312678069837183
2019-06-11,98720.42499383457,-0.006152759914292871,1.02807341780027,-0.18512038520608612,2.749700664128389
2019-06-12,99034.13609443896,0.0031777729950410727,1.0156777577425453,-0.1813542738442798,2.1996340522516813
2019-06-13,99153.96905199434,0.0012100166900139708,1.0162059330141293,-0.17991468206841102,1.9386546150279733
2019-06-14,99432.56625251163,0.002809743303076484,1.0081706563541588,-0.1765968805868182,1.5271895340428132
2019-06-17,99790.39277519673,0.0035986853821752263,1.0034349369697544,-0.17236615001400585,1.0475853118868717
2019-06-18,99476.92289661165,-0.0031412831422684695,1.021410976784199,-0.1760487875515035,1.3718761155007548
2019-06-19,99409.5756572982,-0.000677013696769091,1.0290591517444923,-0.17683364048377548,1.3954687809629767
2019-06-20,99208.3279126001,-0.0020244301755384386,1.0427683979420894,-0.17920890334883324,1.5593247736288225
2019-06-21,99290.90016674784,0.0008323117210531361,1.0356588546768053,-0.17821613745700635,1.4122094698293421
2019-06-24,98946.07675035983,-0.0034728602098371697,1.0445469113025871,-0.18231009272307697,1.7190768755501813
2019-06-25,98848.69218599286,-0.0009842185518146307,1.0402227513891766,-0.18346270747471752,1.74853586517654
2019-06-26,98648.61145055183,-0.002024111103711479,1.0452540965741177,-0.18585086163440243,1.8672293326383065
2019-06-27,98256.39355311268,-0.003975908952715046,1.0537091867210147,-0.19057225517978646,2.140081871438548
2019-06-28,98598.9174145891,0.0034860211034641875,1.0507905493149114,-0.18642401197446337,1.7176524634605561
2019-07-01,98810.1811918813,0.002142658183597268,1.0485031662749857,-0.18387509835264002,1.452299230725896
2019-07-02,98925.36260952469,0.001165683700343756,1.0479119527960628,-0.1824844695057801,1.2940497688465125
2019-07-03,98538.69991494437,-0.003908630551161418,1.0634906334521834,-0.18711224638594887,1.5891892446286644
2019-07-05,98450.8508762964,-0.0008915181418447382,1.0641095655599229,-0.18815910500886063,1.605863766391254
2019-07-08,98996.15539342185,0.005538850220915048,1.0479145925492301,-0.18160196540145984,1.0669145728835543
2019-07-09,99293.61484164042,0.0030047575790839165,0.0,0.0,0.7132109401086568
2019-07-10,99293.61484164042,0.0,0.0,0.0,0.5452318619182038
2019-07-11,99293.61484164042,0.0,0.0,0.0,0.6678999602016171
2019-07-12,99293.61484164042,0.0,0.0,0.0,0.7468656219718235
2019-07-15,99293.61484164042,0.0,0.0,0.0,0.815474844241776
2019-07-16,99293.61484164042,0.0,0.0,0.0,0.5164971867876079
2019-07-17,99293.61484164042,0.0,0.0,0.0,0.8319658526542619
2019-07-18,99293.61484164042,0.0,0.0,0.0,0.9430598243341587
2019-07-19,99293.61484164042,0.0,0.0,0.0,1.2673214278573706
2019-07-22,99293.61484164042,0.0,0.0,0.0,1.1200494678495643
2019-07-23,99293.61484164042,0.0,0.0,0.0,1.316966713573959
2019-07-24,99293.61484164042,0.0,0.0,0.0,1.1414368708301321
2019-07-25,99293.61484164042,0.0,0.0,0.0,1.4055431304200936
2019-07-26,99293.61484164042,0.0,0.0,0.0,1.1244931306771984
2019-07-29,99293.61484164042,0.0,0.0,0.0,1.4785080319513604
2019-07-30,99293.61484164042,0.0,0.0,0.0,1.0212640570179994
2019-07-31,99293.61484164042,0.0,0.0,0.0,0.856218719140204
2019-08-01,99293.61484164042,0.0,0.0,0.0,0.7844128621740379
2019-08-02,99293.61484164042,0.0,0.0,0.0,0.8742799704958812
2019-08-05,99293.61484164042,0.0,0.0,0.0,-0.72280264032307
2019-08-06,99293.61484164042,0.0,0.0,0.0,-1.5062383758024305
2019-08-07,99293.61484164042,0.0,0.0,0.0,-1.9591738233107923
2019-08-08,99293.61484164042,0.0,0.0,0.0,-1.683149992258622
2019-08-09,99293.61484164042,0.0,0.0,0.0,-2.1225744323582454
2019-08-12,99243.9680342196,-0.000500000000000056,1.0005002501250626,0.07294367058346261,-2.1819515446717967
2019-08-13,99513.84713146805,0.0027193501287192667,1.0091254594746617,0.07546700146223528,-1.9000944092019678
2019-08-14,99475.56716702793,-0.00038466972731499016,0.9842708605546643,0.07512049079833398,-1.9108872045060903
2019-08-15,99373.74037202154,-0.0010236362345681371,0.9822724015137855,0.07418180910041311,-2.025157871266112
2019-08-16,99328.80712204926,-0.00045216422169547243,0.9942272404521971,0.0737720107777961,-2.0116235743277726
2019-08-19,99247.43590665501,-0.000819210637396095,0.9998813105331534,0.07302175183656022,-2.0327428936268186
2019-08-20,99734.75132719216,0.004910105899315065,0.9936076183051628,0.07756022385846009,-1.223577785532789
2019-08-21,99380.02057576328,-0.003556741724508261,1.0022228416207224,0.07427675313275033,-1.7155188687729506
2019-08-22,99385.6107763503,5.625074893966797e-05,0.9985814638705007,0.07433802812630312,-1.6419393790986996
2019-08-23,99444.24448198645,0.0005899617175779692,0.9843297064720431,0.0748929749374563,-1.4906431933782838
2019-08-26,99364.35658938566,-0.0008033435521274113,0.9929564177557816,0.07415822810951482,-1.5460271145531699
2019-08-27,99280.49197200853,-0.000844011074551454,0.9936240528866711,0.07338527007702254,-1.6024591115909967
2019-08-28,99165.63603858046,-0.0011568832017920805,0.9989474433319829,0.07232118339043263,-1.6883232825690981
2019-08-29,99152.68075134623,-0.00013064290969899695,1.0082705234168536,0.07220916681722629,-1.6395996826160533
2019-08-30,99668.93584324923,0.005206668019371641,1.009891604358983,0.07702408233337353,-0.9358113586166542
2019-09-03,99723.00698794385,0.00054250749480933,1.0032804987294253,0.07753378180856602,-0.8354146074244184
2019-09-04,99793.98778719163,0.0007117795721538478,1.0138636709066369,0.07819908486475957,-0.7274177055146189
2019-09-05,99964.41736734073,0.0017078141071238395,1.0234174330570387,0.07977993206520334,-0.491806848094402
2019-09-06,100262.3761957088,0.00298064887702143,0.0,0.0,-0.031928092322677105
2019-09-09,100262.3761957088,0.0,0.0,0.0,0.1783994017359126
2019-09-10,100262.3761957088,0.0,0.0,0.0,-0.07156772891953904
2019-09-11,100262.3761957088,0.0,0.0,0.0,0.11528416752257031
2019-09-12,100262.3761957088,0.0,0.0,0.0,0.37488188509449255
2019-09-13,100262.3761957088,0.0,0.0,0.0,0.5654518133390163
2019-09-16,100262.3761957088,0.0,0.0,0.0,0.05043560304358009
2019-09-17,100262.3761957088,0.0,0.0,0.0,0.17450615703736402
2019-09-18,100262.3761957088,0.0,0.0,0.0,-0.13846705741998647
2019-09-19,100262.3761957088,0.0,0.0,0.0,-0.20777751063564348
2019-09-20,100262.3761957088,0.0,0.0,0.0,-0.6296279401649572
2019-09-23,100262.3761957088,0.0,0.0,0.0,-0.518922813326457
2019-09-24,100262.3761957088,0.0,0.0,0.0,-0.5185830821535756
2019-09-25,100262.3761957088,0.0,0.0,0.0,-0.432959149292995
2019-09-26,100262.3761957088,0.0,0.0,0.0,-0.4372397407855522
2019-09-27,100262.3761957088,0.0,0.0,0.0,-0.20612975553189666
2019-09-30,100262.3761957088,0.0,0.0,0.0,-0.3632892436949859
2019-10-01,100262.3761957088,0.0,0.0,0.0,-0.4613555493708194
2019-10-02,100262.3761957088,0.0,0.0,0.0,-1.2010867894461181
2019-10-03,100262.3761957088,0.0,0.0,0.0,-0.691052417513647
2019-10-04,100262.3761957088,0.0,0.0,0.0,-0.3635042767273971
2019-10-07,100262.3761957088,0.0,0.0,0.0,-0.4939809301351969
2019-10-08,100262.3761957088,0.0,0.0,0.0,-0.4283247969563495
2019-10-09,100262.3761957088,0.0,0.0,0.0,-0.37797939123337465
2019-10-10,100262.3761957088,0.0,0.0,0.0,-0.1281689973621513
2019-10-11,100262.3761957088,0.0,0.0,0.0,0.23678364657095857
2019-10-14,100262.3761957088,0.0,0.0,0.0,-0.15684038588404128
2019-10-15,100262.3761957088,0.0,0.0,0.0,0.6380056501741184
2019-10-16,100262.3761957088,0.0,0.0,0.0,0.9483555911339652
2019-10-17,100262.3761957088,0.0,0.0,0.0,0.797742351161679
2019-10-18,100262.3761957088,0.0,0.0,0.0,1.0059390535294552
2019-10-21,100262.3761957088,0.0,0.0,0.0,1.2470928658278442
2019-10-22,100262.3761957088,0.0,0.0,0.0,1.4294438476882996
2019-10-23,100262.3761957088,0.0,0.0,0.0,1.9918633909900565
2019-10-24,100262.3761957088,0.0,0.0,0.0,1.881754630759907
2019-10-25,100262.3761957088,0.0,0.0,0.0,1.907514098892089
2019-10-28,100262.3761957088,0.0,0.0,0.0,2.362515286531167
2019-10-29,100212.24500761094,-0.000500000000000056,1.0005002501250626,-0.07294367058346263,2.127112369266623
2019-10-30,100226.26253874855,0.00013987842639928694,0.999566855429241,-0.07278296214560456,1.9922037952333955
2019-10-31,100594.06017794184,0.0036696732959695666,0.9906440883305159,-0.06884999347610067,1.3103865438296263
2019-11-01,100451.73159748214,-0.0014148805626090777,1.001472675289008,-0.07035390555820145,1.49929641550053
2019-11-04,100954.5226651345,0.005005300154178327,0.9981959671461765,-0.06501256480318343,0.6212334359938068
2019-11-05,100842.75192394563,-0.0011071395142900897,1.0000806974685583,-0.06618242979696344,0.7845713038074666
2019-11-06,101261.93578688324,0.004156807057920764,0.9940178315936068,-0.061758327281100235,0.03389929166256784
2019-11-07,100868.01975908579,-0.0038900700913568897,0.0,0.0,0.6203778548839203
2019-11-08,100868.01975908579,0.0,0.0,0.0,0.24849994318102706
2019-11-11,100868.01975908579,0.0,0.0,0.0,0.8286326647754239
2019-11-12,100868.01975908579,0.0,0.0,0.0,0.5742233052860808
2019-11-13,100868.01975908579,0.0,0.0,0.0,-0.7481188319991549
2019-11-14,100868.01975908579,0.0,0.0,0.0,-0.8143693573562129
2019-11-15,100868.01975908579,0.0,0.0,0.0,-0.4784416234227882
2019-11-18,100868.01975908579,0.0,0.0,0.0,-0.9039575190376802
2019-11-19,100868.01975908579,0.0,0.0,0.0,0.0901176015812414
2019-11-20,100868.01975908579,0.0,0.0,0.0,-1.4884355562666987
2019-11-21,100868.01975908579,0.0,0.0,0.0,-1.842142139810973
2019-11-22,100868.01975908579,0.0,0.0,0.0,-1.05790507113054
2019-11-25,100868.01975908579,0.0,0.0,0.0,-0.9767461634631878
2019-11-26,100868.01975908579,0.0,0.0,0.0,-0.8320549554811073
2019-11-27,100868.01975908579,0.0,0.0,0.0,0.4002425737460924
2019-11-29,100868.01975908579,0.0,0.0,0.0,-0.20062786424263376
2019-12-02,100868.01975908579,0.0,0.0,0.0,-0.06420736920315216
2019-12-03,100868.01975908579,0.0,0.0,0.0,-1.2988794871881593
2019-12-04,100868.01975908579,0.0,0.0,0.0,-1.1097375019830111
2019-12-05,100868.01975908579,0.0,0.0,0.0,-1.1701478368272387
2019-12-06,100868.01975908579,0.0,0.0,0.0,-0.43437389797843445
2019-12-09,100868.01975908579,0.0,0.0,0.0,-0.9398414561645453
2019-12-10,100868.01975908579,0.0,0.0,0.0,-1.241321192639532
2019-12-11,100868.01975908579,0.0,0.0,0.0,-0.2717898601106177
2019-12-12,100868.01975908579,0.0,0.0,0.0,0.239886613695861
2019-12-13,100868.01975908579,0.0,0.0,0.0,0.015690361083436834
2019-12-16,100868.01975908579,0.0,0.0,0.0,1.220226678490812
2019-12-17,100868.01975908579,0.0,0.0,0.0,0.07601325574777629
2019-12-18,100868.01975908579,0.0,0.0,0.0,0.14356952419516542
2019-12-19,100868.01975908579,0.0,0.0,0.0,-0.057737413315004864
2019-12-20,100868.01975908579,0.0,0.0,0.0,-0.2084218751732567
2019-12-23,100868.01975908579,0.0,0.0,0.0,-0.11410680182640383
2019-12-24,100868.01975908579,0.0,0.0,0.0,-0.12070691833377371
2019-12-26,100868.01975908579,0.0,0.0,0.0,0.03357598949961883
2019-12-27,100868.01975908579,0.0,0.0,0.0,-0.16327256715160224
2019-12-30,100868.01975908579,0.0,0.0,0.0,-0.0027688286165302722
2019-12-31,100868.01975908579,0.0,0.0,0.0,-1.0089423244779143
2020-01-02,100868.01975908579,0.0,0.0,0.0,-0.8058086982045637
2020-01-03,100868.01975908579,0.0,0.0,0.0,-1.504401669835337
2020-01-06,100868.01975908579,0.0,0.0,0.0,-1.3691762193337316
2020-01-07,100868.01975908579,0.0,0.0,0.0,-1.5679741778656264
2020-01-08,100868.01975908579,0.0,0.0,0.0,-1.1019031833300799
2020-01-09,100868.01975908579,0.0,0.0,0.0,-1.1818249814960224
2020-01-10,100868.01975908579,0.0,0.0,0.0,-0.619654086620542
2020-01-13,100868.01975908579,0.0,0.0,0.0,-0.3758364567789625
2020-01-14,100868.01975908579,0.0,0.0,0.0,0.13518850983961855
2020-01-15,100868.01975908579,0.0,0.0,0.0,0.09537172580723137
2020-01-16,100868.01975908579,0.0,0.0,0.0,0.6553630161552995
2020-01-17,100868.01975908579,0.0,0.0,0.0,0.37783994560051914
2020-01-21,100868.01975908579,0.0,0.0,0.0,-0.41233664591784097
2020-01-22,100868.01975908579,0.0,0.0,0.0,0.7247307773843193
2020-01-23,100868.01975908579,0.0,0.0,0.0,0.26157884498617756
2020-01-24,100868.01975908579,0.0,0.0,0.0,-0.0683257413102093
2020-01-27,100868.01975908579,0.0,0.0,0.0,-1.0922675040018153
2020-01-28,100868.01975908579,0.0,0.0,0.0,-1.0331049591817016
2020-01-29,100868.01975908579,0.0,0.0,0.0,-0.8834262949761185
2020-01-30,100868.01975908579,0.0,0.0,0.0,-1.179453003849358
2020-01-31,100868.01975908579,0.0,0.0,0.0,-2.3508484304164674
2020-02-03,100817.58574920625,-0.0004999999999999449,1.0005002501250626,-0.008918402930852696,-1.7342053118526848
2020-02-04,101020.39187022262,0.00201161453638532,1.013773191814853,-0.006882928521461723,-1.1232236636370512
2020-02-05,100955.08187848277,-0.0006465030528068905,1.0212795444034803,-0.007524170416663417,-1.2677197084835374
2020-02-06,100803.15901505343,-0.0015048560270815026,1.0260936229414803,-0.009032412538132278,-1.6226644877732674
2020-02-07,100564.70490922224,-0.0023655419945279865,1.0179661133349716,-0.011414687347440146,-2.197331366701799
2020-02-10,100571.11611126352,6.37520096842259e-05,1.0213915361958124,-0.011340000278830444,-2.0850458007666566
2020-02-11,100584.98789741594,0.00013793012038432195,1.0282303045294596,-0.01119028132905076,-1.9418352927581888
2020-02-12,100924.46352068434,0.0033750128161731396,1.034273403596197,-0.0077787035764525884,-1.0293431506886142
2020-02-13,100821.13237580565,-0.0010238463626562888,1.0305702127672074,-0.008801223220966957,-1.2493577646989338
2020-02-14,100765.54274102088,-0.0005513688794682725,1.0343481283874452,-0.009347434760501823,-1.3485517235487305
2020-02-18,100762.28688379469,-3.231121609259535e-05,1.0312906977757337,-0.009369694600171095,-1.3078453376258619
2020-02-19,100583.43982954869,-0.001774940404560832,1.0402379985113739,-0.01115410887141557,-1.6924506360062237
2020-02-20,100247.82869280179,-0.003336644057069793,1.0390122534007147,-0.014528799885022311,-2.3823111770768803
2020-02-21,100032.4808690749,-0.0021481544940668007,1.035328492239719,-0.016702381879622044,-2.6645767163993996
2020-02-24,99077.87043218964,-0.009543004717984416,1.011058621376242,-0.02648772224170032,-4.067121149018229
2020-02-25,99415.3816884096,0.0034065251377295436,0.0,0.0,-3.0349543654096296
2020-02-26,99415.3816884096,0.0,0.0,0.0,-2.9695535706661564
2020-02-27,99415.3816884096,0.0,0.0,0.0,-1.794836415265656
2020-02-28,99415.3816884096,0.0,0.0,0.0,-2.713490667080068
2020-03-02,99365.67399756539,-0.000500000000000056,1.0005002501250628,-0.008918402930852632,-2.9019103134398314
2020-03-03,99487.47389058888,0.0012257743355765793,0.9883411718279429,-0.007673208898797247,-2.5262972799518257
2020-03-04,99905.44632369994,0.004201256869490244,1.006576126428723,-0.0034475867367990067,-1.8801130319973192
2020-03-05,99216.10563546991,-0.0068999310207426,0.9908415620942361,-0.010409321279825598,-2.561631181973979
2020-03-06,99366.52623025236,0.001516090495782052,0.9693655955974358,-0.008869850243911705,-2.229212681631063
2020-03-09,99755.34384233026,0.003912963719562068,0.8484948432209845,-0.004927899117165903,-1.6338944010007395
2020-03-10,102322.97782366979,0.02573931262667828,0.8728353758708637,0.02029743790520935,1.5849645528851137
2020-03-11,100632.32314707196,-0.016522727470962395,0.0,0.0,-0.3655081770640423
2020-03-12,100632.32314707196,0.0,0.0,0.0,-0.25572050011116054
2020-03-13,100632.32314707196,0.0,0.0,0.0,1.30805208029146
2020-03-16,100632.32314707196,0.0,0.0,0.0,-1.6010807231117967
2020-03-17,100632.32314707196,0.0,0.0,0.0,3.1632073291456595
2020-03-18,100582.00698549843,-0.0004999999999999449,1.0005002501250624,0.00891840293085257,-0.6766591628369573
2020-03-19,100757.0528200416,0.0017403295061353408,0.0,0.0,-0.8764978904580699
2020-03-20,100757.0528200416,0.0,0.0,0.0,-2.179819032546509
2020-03-23,100706.67429363159,-0.0004999999999999449,1.0005002501250626,-0.00891840293085263,-1.189661751513314
2020-03-24,100283.22993520298,-0.00420472983939435,1.1308840308054644,-0.013168488633404684,-1.500778833138109
2020-03-25,99278.37602844942,-0.010020158977755655,1.1995159109440596,-0.023411888730837372,-2.1724422044403497
2020-03-26,99948.6540454327,0.006751500616722472,1.2385273571525857,-0.016536608968232492,-1.5639029957585944
2020-03-27,98577.05204772612,-0.013723066216410618,1.1764209902603533,-0.030668084304879464,-2.489143946727828
2020-03-30,101860.31898311686,0.03330660500783833,1.2018449211596576,0.0025650622769070315,-0.061831398206138574
2020-03-31,99136.47097931184,-0.026741011917079227,0.0,0.0,-1.8598493028604164
2020-04-01,99136.47097931184,0.0,0.0,0.0,-1.1520976618111691
2020-04-02,99136.47097931184,0.0,0.0,0.0,-0.5403076818537642
2020-04-03,99136.47097931184,0.0,0.0,0.0,-1.9741160262630357
2020-04-06,99136.47097931184,0.0,0.0,0.0,-0.7646358012398659
2020-04-07,99136.47097931184,0.0,0.0,0.0,-2.080171864293612
2020-04-08,99086.90274382218,-0.000500000000000056,1.0005002501250626,-0.008918402930852599,-2.4295928403416474
2020-04-09,100918.16314527404,0.01848135677614593,1.0179343395813971,0.009399256899050381,-1.0576801239181037
2020-04-13,100598.15455840125,-0.003170971180005866,1.02062510145581,0.006258135394380712,-1.247449285571428
2020-04-14,101890.11524020767,0.01284278710159037,1.0298702636483827,0.018868659483675526,-0.32303663411871364
2020-04-15,101023.77477862166,-0.008502693902579184,0.0,0.0,-0.823025895083452
2020-04-16,101023.77477862166,0.0,0.0,0.0,-0.2688398919182538
2020-04-17,101023.77477862166,0.0,0.0,0.0,-0.8777874528675345
2020-04-20,101023.77477862166,0.0,0.0,0.0,-1.9696158773616104
2020-04-21,101023.77477862166,0.0,0.0,0.0,-2.3156450158489297
2020-04-22,100973.26289123236,-0.0004999999999999449,1.0005002501250626,-0.008918402930852604,-1.5153652187886983
2020-04-23,100463.78223867365,-0.005045698613379557,1.004479470108936,-0.014024852649861388,-1.8064327554229713
2020-04-24,100788.11646664626,0.0032283696745767365,1.0176540354058088,-0.01075166840550214,-1.510465002491895
2020-04-27,100542.12501748613,-0.0024406790977340442,1.0348821361077154,-0.013214397168657037,-1.6127287494971159
2020-04-28,99832.64963307758,-0.0070564987987389305,1.0493328531410533,-0.020404482389800332,-1.9864108985084001
2020-04-29,99278.74202201814,-0.005548361313611028,1.0937707458266854,-0.026086971171481628,-2.182700121896687
2020-04-30,100805.90739658994,0.01538260198979069,1.0559053844540054,-0.010531261281375643,-1.1990809551252652
2020-05-01,99371.9761833127,-0.014224674429405004,1.0326626936476242,-0.025102429874504083,-2.0293018979973585
2020-05-04,100027.97684266353,0.006601465368271331,1.0421970025307417,-0.018369207119965373,-1.5407403680200389
2020-05-05,100145.32940183961,0.001173197368179002,1.0496739216396387,-0.01716534991826317,-1.4095190638897512
2020-05-06,99606.33118010702,-0.005382160355874688,1.0415077007641353,-0.022658880278348406,-1.6736757990716606
2020-05-07,99997.39139727042,0.003926057837190022,1.0502114979696304,-0.018649047991988046,-1.3779580750002272
2020-05-08,99808.63105515487,-0.0018876526625143386,1.0689488327794918,-0.020564916298249636,-1.4273053555046473
2020-05-11,99785.05226683221,-0.0002362399731705711,1.0725257163386805,-0.020795260275004123,-1.3885878674426935
2020-05-12,99570.05408494193,-0.0021546131109432265,1.0509038382458253,-0.022988558397011107,-1.4749665273572665
2020-05-13,100756.03774774352,0.01191104769100404,1.0230697024124464,-0.010936590757506255,-0.7526552374460779
2020-05-14,100582.10640989244,-0.0017262621847690118,1.0284024420652793,-0.012674474409219464,-0.8270407537588899
2020-05-15,100836.86590308066,0.002532851043604456,1.0318536442167656,-0.010105698991365824,-0.6476511081018753
2020-05-18,101175.82779874183,0.0033614878112828706,1.0702677718955478,-0.00671131428068468,-0.42834913309244044
2020-05-19,100751.28344700848,-0.004196104553528812,0.0,0.0,-0.626486636056834
2020-05-20,100751.28344700848,0.0,0.0,0.0,-0.06231585281270658
2020-05-21,100751.28344700848,0.0,0.0,0.0,-0.15709243964602815
2020-05-22,100751.28344700848,0.0,0.0,0.0,-0.19318504025932154
2020-05-26,100751.28344700848,0.0,0.0,0.0,0.24726331391932335
2020-05-27,100751.28344700848,0.0,0.0,0.0,0.3107892896758887
2020-05-28,100751.28344700848,0.0,0.0,0.0,0.5604359572232193
2020-05-29,100751.28344700848,0.0,0.0,0.0,0.13166713596894838
2020-06-01,100751.28344700848,0.0,0.0,0.0,0.9902589248798623
2020-06-02,100751.28344700848,0.0,0.0,0.0,0.8999744989837136
2020-06-03,100751.28344700848,0.0,0.0,0.0,1.3781737254941426
2020-06-04,100751.28344700848,0.0,0.0,0.0,1.5472893942563068
2020-06-05,100751.28344700848,0.0,0.0,0.0,1.6090717195236564
2020-06-08,100751.28344700848,0.0,0.0,0.0,1.708168800288293
2020-06-09,100751.28344700848,0.0,0.0,0.0,1.5229937448621382
2020-06-10,100751.28344700848,0.0,0.0,0.0,1.7548858357465351
2020-06-11,100751.28344700848,0.0,0.0,0.0,1.4742713997443697
2020-06-12,100751.28344700848,0.0,0.0,0.0,1.4866506142637461
2020-06-15,100751.28344700848,0.0,0.0,0.0,1.6170702891139725
2020-06-16,100751.28344700848,0.0,0.0,0.0,1.4995999548289727
2020-06-17,100751.28344700848,0.0,0.0,0.0,1.645289908032869
2020-06-18,100751.28344700848,0.0,0.0,0.0,1.3752536519899439
2020-06-19,100751.28344700848,0.0,0.0,0.0,1.1214802586278207
2020-06-22,100751.28344700848,0.0,0.0,0.0,1.4434043704451338
2020-06-23,100751.28344700848,0.0,0.0,0.0,1.366465247550804
2020-06-24,100751.28344700848,0.0,0.0,0.0,1.2349732697681401
2020-06-25,100751.28344700848,0.0,0.0,0.0,1.169692449456949
2020-06-26,100751.28344700848,0.0,0.0,0.0,1.2541162534884247
2020-06-29,100751.28344700848,0.0,0.0,0.0,1.357691415532456
2020-06-30,100751.28344700848,0.0,0.0,0.0,1.0638977432732877
2020-07-01,100751.28344700848,0.0,0.0,0.0,1.2712836441883624
2020-07-02,100751.28344700848,0.0,0.0,0.0,1.5979545961663233
2020-07-06,100751.28344700848,0.0,0.0,0.0,1.3986400245718433
2020-07-07,100751.28344700848,0.0,0.0,0.0,1.2066254715148035
2020-07-08,100751.28344700848,0.0,0.0,0.0,1.0186533056532925
2020-07-09,100751.28344700848,0.0,0.0,0.0,0.9435474530792505
2020-07-10,100751.28344700848,0.0,0.0,0.0,0.8579432846789085
2020-07-13,100751.28344700848,0.0,0.0,0.0,0.6393721701126752
2020-07-14,100751.28344700848,0.0,0.0,0.0,0.3073907983320228
2020-07-15,100751.28344700848,0.0,0.0,0.0,0.42455003006500436
2020-07-16,100751.28344700848,0.0,0.0,0.0,0.1901131010280804
2020-07-17,100751.28344700848,0.0,0.0,0.0,0.16034950672523104
2020-07-20,100751.28344700848,0.0,0.0,0.0,0.0022681964475445996
2020-07-21,100751.28344700848,0.0,0.0,0.0,0.6328833537713999
2020-07-22,100751.28344700848,0.0,0.0,0.0,0.30056770721862525
2020-07-23,100751.28344700848,0.0,0.0,0.0,0.2636844632341788
2020-07-24,100751.28344700848,0.0,0.0,0.0,0.10428982024630071
2020-07-27,100751.28344700848,0.0,0.0,0.0,-0.006416087810481204
2020-07-28,100751.28344700848,0.0,0.0,0.0,-0.2634608315602948
2020-07-29,100751.28344700848,0.0,0.0,0.0,-0.33056242475617187
2020-07-30,100751.28344700848,0.0,0.0,0.0,-0.3908232305517905
2020-07-31,100751.28344700848,0.0,0.0,0.0,-1.0521191016918106
2020-08-03,100751.28344700848,0.0,0.0,0.0,-0.6014958415864194
2020-08-04,100751.28344700848,0.0,0.0,0.0,-1.2381715070386736
2020-08-05,100751.28344700848,0.0,0.0,0.0,-1.8693666279010628
2020-08-06,100751.28344700848,0.0,0.0,0.0,-1.8797698646211187
2020-08-07,100751.28344700848,0.0,0.0,0.0,-1.651488426332774
2020-08-10,100751.28344700848,0.0,0.0,0.0,-1.5434574168674668
2020-08-11,100751.28344700848,0.0,0.0,0.0,-1.4674308818899473
2020-08-12,100751.28344700848,0.0,0.0,0.0,-1.4305336921693994
2020-08-13,100751.28344700848,0.0,0.0,0.0,-2.1326969262308757
2020-08-14,100700.90780528498,-0.0004999999999999449,1.0005002501250624,-0.11629242253293734,-1.9003507293249844
2020-08-17,100396.44945815469,-0.00302339227883619,1.0151788809721516,-0.11966653439551257,-2.178420046327976
2020-08-18,100649.79844894553,0.0025234855630669184,1.0139656721976118,-0.11683695407853849,-1.832489155508818
2020-08-19,100990.40533373645,0.003384079154055142,1.0080193592279862,-0.11305905585038045,-1.4098294019175204
2020-08-20,100678.59898564001,-0.003087484866171497,1.0112173913004288,-0.11649509575199592,-1.71248102539074
2020-08-21,100441.83940183137,-0.002351637648855376,1.0068967810181995,-0.11911566265383683,-1.8905439294539903
2020-08-24,100692.76840720784,0.00249825179298635,1.0100524164315192,-0.11631565431054704,-1.5786683939645754
2020-08-25,100342.90788563708,-0.0034745347367539647,1.0144611563687989,-0.1201966421693435,-1.8574222519852215
2020-08-26,99803.84168535226,-0.005372240167677789,1.030101361264846,-0.12623579481876626,-2.2610932809275774
2020-08-27,99858.89362936333,0.0005516014522228829,1.0281036917221842,-0.12560343872856577,-2.0841331856651224
2020-08-28,100070.69230412788,0.0021209795849597146,1.0272603197680732,-0.12320968840258836,-1.79577758584239
2020-08-31,100269.2390558892,0.0019840649363942475,1.018486025085532,-0.12097418942580741,-1.547833560902345
2020-09-01,99846.76597396933,-0.004213386736528157,1.0261483041883572,-0.12570591964808922,-1.8398129397598373
2020-09-02,100404.14972686564,0.005582391652440899,1.029978202252914,-0.11944531036689655,-1.29548492420077
2020-09-03,100303.49138266177,-0.0010025317128594669,1.0074051054279716,-0.12055730158677568,-1.3378291531897375
2020-09-04,100177.41632442952,-0.0012569358902101424,0.9986858338881507,-0.12195633867285807,-1.4014474154127279
2020-09-08,100977.0850014039,0.007982524468235663,0.9742729716683688,-0.11306019098185571,-0.6629399651183537
2020-09-09,100528.47338897118,-0.004442707099600707,1.0002960579762292,-0.11801642344843649,-1.02894012203747
2020-09-10,100254.0304629626,-0.002730001926386394,0.9824452157310717,-0.12106584098407355,-1.2392850957314323
2020-09-11,100526.61317252014,0.002718920209978437,0.9856706394392986,-0.11801509960437362,-0.957900828461964
2020-09-14,100397.74873093932,-0.001281893794230049,0.9959690974324186,-0.11943915244362517,-1.0352326717330773
2020-09-15,100641.68762150499,0.0024297247064712924,0.9975716759485493,-0.11671477740085813,-0.7873652505846238
2020-09-16,101161.40540306682,0.005164040805003101,0.9881538817856538,-0.11096664587943854,-0.296288005549524
2020-09-17,100829.10524394891,-0.0032848511524122825,0.0,0.0,-0.5284782539176566
2020-09-18,100829.10524394891,0.0,0.0,0.0,-0.5610287236712203
2020-09-21,100829.10524394891,0.0,0.0,0.0,-0.5830575767730223
2020-09-22,100829.10524394891,0.0,0.0,0.0,-0.7114576273587732
2020-09-23,100829.10524394891,0.0,0.0,0.0,-0.03639252770272777
2020-09-24,100829.10524394891,0.0,0.0,0.0,-0.4066241030445419
2020-09-25,100829.10524394891,0.0,0.0,0.0,0.03662549344033526
2020-09-28,100829.10524394891,0.0,0.0,0.0,-0.2820036487622897
2020-09-29,100829.10524394891,0.0,0.0,0.0,-0.45550539986335126
2020-09-30,100829.10524394891,0.0,0.0,0.0,-0.7238982589024595
2020-10-01,100829.10524394891,0.0,0.0,0.0,-0.6615514590195953
2020-10-02,100829.10524394891,0.0,0.0,0.0,-0.6483279763163269
2020-10-05,100829.10524394891,0.0,0.0,0.0,-0.8713865673225049
2020-10-06,100829.10524394891,0.0,0.0,0.0,-0.41567023710915574
2020-10-07,100829.10524394891,0.0,0.0,0.0,-0.344185594449019
2020-10-08,100829.10524394891,0.0,0.0,0.0,-0.5606406106984022
2020-10-09,100829.10524394891,0.0,0.0,0.0,-0.5307329413450947
2020-10-12,100829.10524394891,0.0,0.0,0.0,-0.2847871185195066
2020-10-13,100829.10524394891,0.0,0.0,0.0,-0.016801788053857545
2020-10-14,100829.10524394891,0.0,0.0,0.0,0.23705284167764934
2020-10-15,100829.10524394891,0.0,0.0,0.0,0.468927852582394
2020-10-16,100829.10524394891,0.0,0.0,0.0,0.8181153277967085
2020-10-19,100829.10524394891,0.0,0.0,0.0,1.2224000359204428
2020-10-20,100829.10524394891,0.0,0.0,0.0,0.784411968322206
2020-10-21,100829.10524394891,0.0,0.0,0.0,1.3471485563764094
2020-10-22,100829.10524394891,0.0,0.0,0.0,1.8385352262201053
2020-10-23,100829.10524394891,0.0,0.0,0.0,2.2013878520069508
2020-10-26,100778.69069132693,-0.000500000000000056,1.0005002501250626,0.11629242253293731,2.890104153931695
2020-10-27,101134.48617188445,0.0035304634155972625,0.9902268585229996,0.11941008491533896,2.0694448480927075
2020-10-28,100264.8372813962,-0.00859893517439958,0.966387798314665,0.11178098625073357,3.561166934295601
2020-10-29,100313.80297750261,0.000488363592203056,0.9702992422713036,0.11222302244674995,3.102500007659768
2020-10-30,100223.5982739085,-0.0008992252403623446,0.9659587582220303,0.11143251279540113,2.963391450218185
2020-11-02,100677.98616682606,0.00453374156130093,0.970853912668111,0.11545130541793336,2.055849170616027
2020-11-03,100514.68573825911,-0.001622007300546846,0.9983980017562395,0.11402272995477813,2.194985895591836
2020-11-04,100777.68683062962,0.002616543945183958,0.9988409230479872,0.11634362924550352,1.7140704466321164
2020-11-05,100692.17352655223,-0.0008485341028030557,1.027673417474388,0.1156019422665341,1.760846623188955
2020-11-06,100584.2244484665,-0.001072070194782948,1.0294348236665944,0.11466184594739715,1.8236148674126644
2020-11-09,99661.33761882236,-0.009175264160007246,1.0662289388360324,0.10647257087975401,2.7936310787799514
2020-11-10,100319.39594561973,0.006602944958598256,1.0636449135614783,0.11234324099413676,1.8580564730850708
2020-11-11,100076.57433372294,-0.002420485187415,1.0767949263431056,0.1101989281966836,2.0238152296635246
2020-11-12,100026.69668092835,-0.0004983948853830578,1.0586532532250368,0.10976482878657613,2.002135338740453
2020-11-13,99704.83375299271,-0.0032177702415020493,1.0710174545071727,0.10690045321788105,2.2145446319609343
2020-11-16,100049.72590349801,0.0034591316942540473,1.085070726584061,0.10998868422132631,1.7264527754522228
2020-11-17,100247.66691589502,0.00197842633360068,1.0866409424575991,0.11175568360052213,1.4525336732765266
2020-11-18,100018.54664236298,-0.002285542203433688,1.08814856038244,0.10973060681070536,1.6224472161627463
2020-11-19,99894.11074271836,-0.0012441282524287,1.0956401780159528,0.10863133640030857,1.677952309622759
2020-11-20,100071.65662016063,0.001777340787381787,1.097211844398719,0.11022256588004312,1.4444639862811735
2020-11-23,100436.54599748644,0.003646280971552285,1.0972997734771357,0.11346491345702095,1.0340286802145804
2020-11-24,100196.58726740592,-0.002389157529237629,1.1234837234440462,0.1113515525945253,1.1987194893739586
2020-11-25,100295.04558834029,0.0009826514417263787,1.1242362364277538,0.11223395816920448,1.066557970874417
2020-11-27,100779.58477881404,0.004831137845657141,1.1180607960678408,0.11651224898445176,0.5510564802398622
2020-11-30,101586.1325090472,0.008003086458466147,1.0924001305856739,0.12353659737086489,-0.29154866292210563
2020-12-01,100901.06558259585,-0.006743705164583669,0.0,0.0,0.3337521434788566
2020-12-02,100901.06558259585,0.0,0.0,0.0,0.0683849558359227
2020-12-03,100901.06558259585,0.0,0.0,0.0,-0.15769754397877692
2020-12-04,100901.06558259585,0.0,0.0,0.0,-0.7503589969209322
2020-12-07,100901.06558259585,0.0,0.0,0.0,-0.943851929760742
2020-12-08,100901.06558259585,0.0,0.0,0.0,-0.747023658311484
2020-12-09,100901.06558259585,0.0,0.0,0.0,-0.489774301568096
2020-12-10,100901.06558259585,0.0,0.0,0.0,-0.6718945747756776
2020-12-11,100901.06558259585,0.0,0.0,0.0,-0.5780222619512478
2020-12-14,100901.06558259585,0.0,0.0,0.0,0.156102552708858
2020-12-15,100901.06558259585,0.0,0.0,0.0,-0.002052194776520816
2020-12-16,100901.06558259585,0.0,0.0,0.0,0.18919506768882507
2020-12-17,100901.06558259585,0.0,0.0,0.0,0.449958521355239
2020-12-18,100901.06558259585,0.0,0.0,0.0,0.5295867934960286
2020-12-21,100901.06558259585,0.0,0.0,0.0,0.5959158224780335
2020-12-22,100901.06558259585,0.0,0.0,0.0,0.3055900678807847
2020-12-23,100901.06558259585,0.0,0.0,0.0,0.46735767447865967
2020-12-24,100901.06558259585,0.0,0.0,0.0,0.12936138747899842
2020-12-28,100901.06558259585,0.0,0.0,0.0,0.8940549713067055
2020-12-29,100901.06558259585,0.0,0.0,0.0,0.43891236011116824
2020-12-30,100901.06558259585,0.0,0.0,0.0,0.4451986539936755
2020-12-31,100901.06558259585,0.0,0.0,0.0,0.5970793591946273
2021-01-04,100901.06558259585,0.0,0.0,0.0,0.5218756037537821
2021-01-05,100901.06558259585,0.0,0.0,0.0,-0.1487093776892295
2021-01-06,100901.06558259585,0.0,0.0,0.0,-0.053493680698660874
2021-01-07,100901.06558259585,0.0,0.0,0.0,-1.2395593223444346
2021-01-08,100901.06558259585,0.0,0.0,0.0,-0.8079687402154069
2021-01-11,100901.06558259585,0.0,0.0,0.0,-1.052587019810357
2021-01-12,100901.06558259585,0.0,0.0,0.0,-1.2597215114437286
2021-01-13,100901.06558259585,0.0,0.0,0.0,-1.3627409817510918
2021-01-14,100901.06558259585,0.0,0.0,0.0,-1.143569994538081
2021-01-15,100901.06558259585,0.0,0.0,0.0,-1.0862406855029614
2021-01-19,100901.06558259585,0.0,0.0,0.0,-0.9353951540470767
2021-01-20,100901.06558259585,0.0,0.0,0.0,-0.5366000920989958
2021-01-21,100901.06558259585,0.0,0.0,0.0,0.005590100595907796
2021-01-22,100901.06558259585,0.0,0.0,0.0,0.68095872970661
2021-01-25,100901.06558259585,0.0,0.0,0.0,0.7139256031154344
2021-01-26,100901.06558259585,0.0,0.0,0.0,1.1003075920594931
2021-01-27,100901.06558259585,0.0,0.0,0.0,1.5833059646005936
2021-01-28,100901.06558259585,0.0,0.0,0.0,1.0208938436705381
2021-01-29,100901.06558259585,0.0,0.0,0.0,0.4896620180638334
2021-02-01,100901.06558259585,0.0,0.0,0.0,0.6879501047463329
2021-02-02,100901.06558259585,0.0,0.0,0.0,-0.060772225630390864
2021-02-03,100901.06558259585,0.0,0.0,0.0,-0.08452543702570625
2021-02-04,100901.06558259585,0.0,0.0,0.0,-0.44933590133212403
2021-02-05,100901.06558259585,0.0,0.0,0.0,-0.606396924968459
2021-02-08,100901.06558259585,0.0,0.0,0.0,-1.2808137668727324
2021-02-09,100901.06558259585,0.0,0.0,0.0,-1.9025736656445618
2021-02-10,100901.06558259585,0.0,0.0,0.0,-2.1708256899328777
2021-02-11,100850.61504980456,-0.0004999999999999449,1.0005002501250624,-0.1311289953615416,-1.7018538101827871
2021-02-12,100745.26190463336,-0.001044645539535649,1.0036212300165883,-0.13230062167477769,-1.8022208781284557
2021-02-16,100832.40680702556,0.0008650024898908537,1.0088069119824696,-0.13131076597937627,-1.5969124309978704
2021-02-17,101004.39862487672,0.0017057196520193774,1.0005332294456948,-0.12937306146272834,-1.279802208276835
2021-02-18,101299.61593823192,0.002922816405764861,0.9974505027334614,-0.12607055458393507,-0.7713350053429048
2021-02-19,100741.74072069612,-0.005507179986506183,1.0091940616818305,-0.13229516179555803,-1.6503289737830014
2021-02-22,100758.56548498834,0.00016700887012532917,1.0119674048335168,-0.13209476762968958,-1.5592196371716192
2021-02-23,101281.00226557032,0.005185035912999458,1.0098550439045266,-0.1262438032399577,-0.6730087281257516
2021-02-24,100706.71803604554,-0.005670206817453671,1.0275484462738422,-0.13265492006765156,-1.5728348839353037
2021-02-25,100945.59385119817,0.0023719948362046495,1.0030148930006664,-0.12996314337243928,-1.129544006470144
2021-02-26,100887.73128273645,-0.0005732054887607196,0.979223675828734,-0.1305999696191457,-1.2008801009345995
2021-03-01,101135.6616872553,0.0024574881540753157,1.0040638343945392,-0.12781736165769877,-0.7665765329423234
2021-03-02,100455.57859298628,-0.006724463783823964,1.0162291700026471,-0.13544136702882004,-1.7906489685864664
2021-03-03,100627.4543446677,0.0017109627368512292,1.0072199083951359,-0.1334905815782212,-1.467550950633165
2021-03-04,100938.48179251706,0.0030908806137939226,0.9951405125622846,-0.129986611295201,-0.975179413164199
2021-03-05,100381.42912644238,-0.005518734343753273,1.0114208224701493,-0.13624608963760446,-1.8000425639199251
2021-03-08,99804.61185535083,-0.005746254821347274,1.0153344989732087,-0.14280153287126351,-2.5202961385215037
2021-03-09,99770.36741946285,-0.0003431147644520349,1.025467768927688,-0.14318228614734035,-2.3960518211478794
2021-03-10,99002.23483989372,-0.007699005220053845,1.0341144989306255,-0.1520402563440994,-3.1141141779512416
2021-03-11,98375.7808006263,-0.006327675736618743,1.0538022898787613,-0.15936457200800336,-3.410467828178828
2021-03-12,97956.61711541023,-0.004260842270370935,1.0607954946125735,-0.1643134927684197,-3.4027558354100798
2021-03-15,97712.31468270013,-0.0024939860103811995,1.0687958025841764,-0.1672123501819158,-3.2314255190054517
2021-03-16,97728.24722022368,0.000163055573652926,1.0670166059375403,-0.16700980074375427,-2.9220267642079607
2021-03-17,97309.69917460444,-0.004282774505062759,1.077689633597318,-0.1720170431301079,-2.9513984937398137
2021-03-18,97497.1606934468,0.0019264422810103543,1.0579184137506117,-0.16975118710131598,-2.626846897645428
2021-03-19,97286.45113677405,-0.0021611865942975372,1.058413788811321,-0.17227250746740494,-2.57872932293589
2021-03-22,97878.0748783759,0.006081255248689299,1.0523832972407323,-0.16517457428246318,-2.048014705247187
2021-03-23,97996.75018497802,0.001212481005062438,1.0388358172837249,-0.1637514687848099,-1.8917208311267633
2021-03-24,97978.12868285563,-0.00019002162915848775,1.0388551310284495,-0.16396071606692816,-1.8141296237270195
2021-03-25,98255.96368368182,0.00283568388742661,1.0362774123469518,-0.16065752552607765,-1.5695544849581466
2021-03-26,98414.07678661116,0.0016091959917909904,1.047901575772208,-0.15878094551864305,-1.3964421308621655
2021-03-29,98325.18680871917,-0.0009032242215178954,1.0458331073274392,-0.15981654886133298,-1.4017727634053274
2021-03-30,98200.85650919857,-0.0012644806845114598,1.0409412081157736,-0.1612729953232828,-1.4326850360026664
2021-03-31,98078.27485332673,-0.001248274813777761,1.0456172856439432,-0.16271245326615194,-1.4472838210142438
2021-04-01,97644.16414659897,-0.0044261658086560685,1.0668626795840859,-0.16786965058433195,-1.6144780064539008
2021-04-05,98045.48843253987,0.0041100693466777916,1.0712162295304384,-0.16307707382670078,-1.3168171821613075
2021-04-06,97729.4789084359,-0.003223090926018468,1.0689654587858064,-0.16682561390186626,-1.450416870501842
2021-04-07,97850.54685860862,0.0012388068730637691,1.068892374271128,-0.1653696860930037,-1.3287782306544476
2021-04-08,97693.78309985604,-0.0016020734046494622,1.078278411982559,-0.16722742544518965,-1.3553027728302005
2021-04-09,97571.00642272584,-0.0012567501557873006,1.0823131704955415,-0.16868381280028796,-1.3673976895645936
2021-04-12,97638.88323234265,0.0006956657731163052,1.0779909835555712,-0.16785896260781652,-1.2871702449457425
2021-04-13,97603.5826592846,-0.00036154216321837573,1.0826671074177998,-0.16826898148012007,-1.2546711014403922
2021-04-14,97951.67582974018,0.003566397472013927,1.0823856973552688,-0.16410491058958732,-1.028084373611965
2021-04-15,98405.96155714715,0.004637855591124396,1.0897985632247211,-0.1587185751888545,-0.7488455642734367
2021-04-16,98317.91251289888,-0.0008947531516892981,1.0927237640634537,-0.15974387359218103,-0.7659290300444745
2021-04-19,98542.12311298773,0.002280465424440603,1.0833415595087574,-0.15709273833535273,-0.6263601586377002
2021-04-20,98781.38141453185,0.002427979974307881,1.06060220550389,-0.1542778688890913,-0.4863473367445942
2021-04-21,98538.3737011835,-0.002460055831053576,0.0,0.0,-0.5510404883008511
2021-04-22,98538.3737011835,0.0,0.0,0.0,-0.4726409784516452
2021-04-23,98538.3737011835,0.0,0.0,0.0,-0.326027975005352
2021-04-26,98538.3737011835,0.0,0.0,0.0,-0.5212463810243931
2021-04-27,98538.3737011835,0.0,0.0,0.0,-0.7013357814021287
2021-04-28,98538.3737011835,0.0,0.0,0.0,-1.0634504295908607
2021-04-29,98538.3737011835,0.0,0.0,0.0,-1.150415979128389
2021-04-30,98538.3737011835,0.0,0.0,0.0,-1.215916159582339
2021-05-03,98538.3737011835,0.0,0.0,0.0,-1.0086319541312057
2021-05-04,98538.3737011835,0.0,0.0,0.0,-1.1069773400314302
2021-05-05,98538.3737011835,0.0,0.0,0.0,-1.0193764159627674
2021-05-06,98538.3737011835,0.0,0.0,0.0,-1.2960465453030612
2021-05-07,98538.3737011835,0.0,0.0,0.0,-1.3697070021810884
2021-05-10,98538.3737011835,0.0,0.0,0.0,-1.2444084428267834
2021-05-11,98538.3737011835,0.0,0.0,0.0,-1.2327418608703973
2021-05-12,98538.3737011835,0.0,0.0,0.0,-1.3339145098834722
2021-05-13,98538.3737011835,0.0,0.0,0.0,-1.2442390735206166
2021-05-14,98538.3737011835,0.0,0.0,0.0,-1.5575005048898714
2021-05-17,98538.3737011835,0.0,0.0,0.0,-1.9755138088384891
2021-05-18,98538.3737011835,0.0,0.0,0.0,-2.0689058109128893
2021-05-19,98489.10451433291,-0.000500000000000056,1.0005002501250624,-0.13112899536154168,-2.184776534527796
2021-05-20,98864.47606263279,0.0038113002463664447,1.0139519552804446,-0.12682310769297006,-1.830153228432277
2021-05-21,98542.3007326711,-0.003258757268461032,1.012476450205524,-0.13049580189142204,-2.0254622287402344
2021-05-24,98417.17996361035,-0.0012697163363394326,1.0214035228334968,-0.1319216823324989,-2.0660659960688235
2021-05-25,98892.7196506154,0.004831876783919942,1.01367676882836,-0.12646728947035665,-1.6658842278793589
2021-05-26,98655.67002153765,-0.0023970382239990595,1.0198439512031454,-0.12916262448940954,-1.8157975510485087
2021-05-27,98479.5347057976,-0.001785354209257184,1.028478602833032,-0.13117076610330194,-1.9234045919211415
2021-05-28,98387.79749205346,-0.0009315358162302889,1.0303584499909593,-0.13221395950018708,-1.9848969050700014
2021-06-01,98192.2776090639,-0.001987237116527152,1.0384281709693728,-0.1344568608246733,-2.104750480925602
2021-06-02,98484.83150013095,0.0029793981582932894,1.0410857603662453,-0.13107530139061496,-1.797408383146095
2021-06-03,98578.91338293249,0.0009552931285810029,1.0330919492292876,-0.12998420666062518,-1.668917466538626
2021-06-04,98927.25731687497,0.0035336556469163227,1.0406197356728983,-0.12599379387856596,-1.3225900451733756
2021-06-07,98828.39128927753,-0.000999381063206517,1.0409776154436245,-0.12710863135399747,-1.358276326479942
2021-06-08,98968.85766564222,0.0014213160260145852,1.0394050291321604,-0.12549735576779733,-1.1915452435517324
2021-06-09,98794.83350820484,-0.0017583729017597305,1.0342888200253604,-0.12746830891851368,-1.291065860481222
2021-06-10,99099.64728978484,0.0030853210715182655,1.0373533042396974,-0.12398891686082736,-0.999349497148751
2021-06-11,99140.96143332358,0.00041689496046259933,1.0358167230324289,-0.12350901036417866,-0.9359256323094411
2021-06-14,98982.03411365794,-0.001603043962535411,1.0411053725644221,-0.12530141675899165,-1.04157550448055
2021-06-15,98868.27645215428,-0.0011492758511411072,1.0420864379645898,-0.1265846017401131,-1.1032566581349041
2021-06-16,99061.14360957086,0.001950748656065704,1.0340395769459323,-0.12437962573757057,-0.9062108020227477
2021-06-17,99314.39098212542,0.002556475357812227,1.021418004973582,-0.12150104370159207,-0.6596619258069186
2021-06-18,98936.76660240012,-0.003802312796674756,1.0067669110393518,-0.12577023579263616,-0.9349568483786634
2021-06-21,98747.13433219757,-0.001916701714789526,1.02248714818842,-0.12792088820563915,-1.0666761956751545
2021-06-22,98426.91470176583,-0.003242824539641753,1.0290556067240635,-0.13157898753682765,-1.2931963502707653
2021-06-23,98146.75774403836,-0.0028463450121986034,1.026982813871782,-0.1347974985044653,-1.473355351170184
2021-06-24,98406.33141870018,0.0026447503781914516,1.0287759015112885,-0.13179266383042826,-1.2129038474754845
2021-06-25,98256.36761243979,-0.0015239243664345592,1.0325429329585736,-0.13350853152414235,-1.2915563533405185
2021-06-28,98362.3465866458,0.001078596499964668,1.0238682703732944,-0.13227569495169467,-1.160518062856153
2021-06-29,98546.67784830225,0.001874002278850373,1.0207513956817067,-0.1301463284745032,-0.9731848220385075
2021-06-30,98269.65269609987,-0.0028111059474659195,1.0192750938989532,-0.13332079566743849,-1.1628723985093026
2021-07-01,97570.70315766956,-0.007112567504352851,1.0306376788457274,-0.14142784377460182,-1.671934337709176
2021-07-02,98005.20680355925,0.004453218351696764,1.0305134235421893,-0.13635577574584082,-1.2685696467268281
2021-07-06,97858.28740367811,-0.001499097901763724,1.0215647189078336,-0.13805024840199567,-1.3399916346453353
2021-07-07,98523.85698770944,0.006801361455323285,1.0174205362854456,-0.13035081978855353,-0.7714304869981854
2021-07-08,98608.47920054846,0.0008589007315211727,0.0,0.0,-0.6330887309768881
2021-07-09,98608.47920054846,0.0,0.0,0.0,
2021-07-12,98608.47920054846,0.0,0.0,0.0,
2021-07-13,98608.47920054846,0.0,0.0,0.0,
2021-07-14,98608.47920054846,0.0,0.0,0.0,
2021-07-15,98608.47920054846,0.0,0.0,0.0,
2021-07-16,98608.47920054846,0.0,0.0,0.0,
2021-07-19,98608.47920054846,0.0,0.0,0.0,
2021-07-20,98608.47920054846,0.0,0.0,0.0,
2021-07-21,98608.47920054846,0.0,0.0,0.0,
2021-07-22,98608.47920054846,0.0,0.0,0.0,
2021-07-23,98608.47920054846,0.0,0.0,0.0,
2021-07-26,98608.47920054846,0.0,0.0,0.0,
2021-07-27,98608.47920054846,0.0,0.0,0.0,
2021-07-28,98608.47920054846,0.0,0.0,0.0,
2021-07-29,98608.47920054846,0.0,0.0,0.0,
2021-07-30,98608.47920054846,0.0,0.0,0.0,
2021-08-02,98608.47920054846,0.0,0.0,0.0,
2021-08-03,98608.47920054846,0.0,0.0,0.0,
2021-08-04,98608.47920054846,0.0,0.0,0.0,
2021-08-05,98608.47920054846,0.0,0.0,0.0,
2021-08-06,98608.47920054846,0.0,0.0,0.0,
2021-08-09,98608.47920054846,0.0,0.0,0.0,
2021-08-10,98608.47920054846,0.0,0.0,0.0,
2021-08-11,98608.47920054846,0.0,0.0,0.0,
2021-08-12,98608.47920054846,0.0,0.0,0.0,
2021-08-13,98608.47920054846,0.0,0.0,0.0,
2021-08-16,98608.47920054846,0.0,0.0,0.0,
2021-08-17,98608.47920054846,0.0,0.0,0.0,
2021-08-18,98608.47920054846,0.0,0.0,0.0,
2021-08-19,98608.47920054846,0.0,0.0,0.0,
2021-08-20,98608.47920054846,0.0,0.0,0.0,
2021-08-23,98608.47920054846,0.0,0.0,0.0,
2021-08-24,98608.47920054846,0.0,0.0,0.0,
2021-08-25,98608.47920054846,0.0,0.0,0.0,
2021-08-26,98608.47920054846,0.0,0.0,0.0,
2021-08-27,98608.47920054846,0.0,0.0,0.0,
2021-08-30,98608.47920054846,0.0,0.0,0.0,
2021-08-31,98608.47920054846,0.0,0.0,0.0,
2021-09-01,98608.47920054846,0.0,0.0,0.0,
2021-09-02,98608.47920054846,0.0,0.0,0.0,
2021-09-03,98608.47920054846,0.0,0.0,0.0,
2021-09-07,98608.47920054846,0.0,0.0,0.0,
2021-09-08,98608.47920054846,0.0,0.0,0.0,
2021-09-09,98608.47920054846,0.0,0.0,0.0,
2021-09-10,98608.47920054846,0.0,0.0,0.0,
2021-09-13,98608.47920054846,0.0,0.0,0.0,
2021-09-14,98608.47920054846,0.0,0.0,0.0,
2021-09-15,98608.47920054846,0.0,0.0,0.0,
2021-09-16,98608.47920054846,0.0,0.0,0.0,
2021-09-17,98608.47920054846,0.0,0.0,0.0,
2021-09-20,98608.47920054846,0.0,0.0,0.0,
2021-09-21,98608.47920054846,0.0,0.0,0.0,
2021-09-22,98608.47920054846,0.0,0.0,0.0,
2021-09-23,98608.47920054846,0.0,0.0,0.0,
2021-09-24,98608.47920054846,0.0,0.0,0.0,
2021-09-27,98608.47920054846,0.0,0.0,0.0,
2021-09-28,98608.47920054846,0.0,0.0,0.0,
2021-09-29,98608.47920054846,0.0,0.0,0.0,
2021-09-30,98608.47920054846,0.0,0.0,0.0,
2021-10-01,98608.47920054846,0.0,0.0,0.0,
2021-10-04,98608.47920054846,0.0,0.0,0.0,
2021-10-05,98608.47920054846,0.0,0.0,0.0,
2021-10-06,98608.47920054846,0.0,0.0,0.0,
2021-10-07,98608.47920054846,0.0,0.0,0.0,
2021-10-08,98608.47920054846,0.0,0.0,0.0,
2021-10-11,98608.47920054846,0.0,0.0,0.0,
2021-10-12,98608.47920054846,0.0,0.0,0.0,
2021-10-13,98608.47920054846,0.0,0.0,0.0,
2021-10-14,98608.47920054846,0.0,0.0,0.0,
2021-10-15,98608.47920054846,0.0,0.0,0.0,
2021-10-18,98608.47920054846,0.0,0.0,0.0,
2021-10-19,98608.47920054846,0.0,0.0,0.0,
2021-10-20,98608.47920054846,0.0,0.0,0.0,
2021-10-21,98608.47920054846,0.0,0.0,0.0,
2021-10-22,98608.47920054846,0.0,0.0,0.0,
2021-10-25,98608.47920054846,0.0,0.0,0.0,
2021-10-26,98608.47920054846,0.0,0.0,0.0,
2021-10-27,98608.47920054846,0.0,0.0,0.0,
2021-10-28,98608.47920054846,0.0,0.0,0.0,
2021-10-29,98608.47920054846,0.0,0.0,0.0,
2021-11-01,98608.47920054846,0.0,0.0,0.0,
2021-11-02,98608.47920054846,0.0,0.0,0.0,
2021-11-03,98608.47920054846,0.0,0.0,0.0,
2021-11-04,98608.47920054846,0.0,0.0,0.0,
2021-11-05,98608.47920054846,0.0,0.0,0.0,
2021-11-08,98608.47920054846,0.0,0.0,0.0,
2021-11-09,98608.47920054846,0.0,0.0,0.0,
2021-11-10,98608.47920054846,0.0,0.0,0.0,
2021-11-11,98608.47920054846,0.0,0.0,0.0,
2021-11-12,98608.47920054846,0.0,0.0,0.0,
2021-11-15,98608.47920054846,0.0,0.0,0.0,
2021-11-16,98608.47920054846,0.0,0.0,0.0,
2021-11-17,98608.47920054846,0.0,0.0,0.0,
2021-11-18,98608.47920054846,0.0,0.0,0.0,
2021-11-19,98608.47920054846,0.0,0.0,0.0,
2021-11-22,98608.47920054846,0.0,0.0,0.0,
2021-11-23,98608.47920054846,0.0,0.0,0.0,
2021-11-24,98608.47920054846,0.0,0.0,0.0,
2021-11-26,98608.47920054846,0.0,0.0,0.0,
2021-11-29,98608.47920054846,0.0,0.0,0.0,
2021-11-30,98608.47920054846,0.0,0.0,0.0,
2021-12-01,98608.47920054846,0.0,0.0,0.0,
2021-12-02,98608.47920054846,0.0,0.0,0.0,
2021-12-03,98608.47920054846,0.0,0.0,0.0,
2021-12-06,98608.47920054846,0.0,0.0,0.0,
2021-12-07,98608.47920054846,0.0,0.0,0.0,
2021-12-08,98608.47920054846,0.0,0.0,0.0,
2021-12-09,98608.47920054846,0.0,0.0,0.0,
2021-12-10,98608.47920054846,0.0,0.0,0.0,
2021-12-13,98608.47920054846,0.0,0.0,0.0,
2021-12-14,98608.47920054846,0.0,0.0,0.0,
2021-12-15,98608.47920054846,0.0,0.0,0.0,
2021-12-16,98608.47920054846,0.0,0.0,0.0,
2021-12-17,98608.47920054846,0.0,0.0,0.0,
2021-12-20,98608.47920054846,0.0,0.0,0.0,
2021-12-21,98608.47920054846,0.0,0.0,0.0,
2021-12-22,98608.47920054846,0.0,0.0,0.0,
2021-12-23,98608.47920054846,0.0,0.0,0.0,
2021-12-27,98608.47920054846,0.0,0.0,0.0,
2021-12-28,98608.47920054846,0.0,0.0,0.0,
2021-12-29,98608.47920054846,0.0,0.0,0.0,
2021-12-30,98608.47920054846,0.0,0.0,0.0,
2021-12-31,98608.47920054846,0.0,0.0,0.0,
2022-01-03,98608.47920054846,0.0,0.0,0.0,
2022-01-04,98608.47920054846,0.0,0.0,0.0,
2022-01-05,98608.47920054846,0.0,0.0,0.0,
2022-01-06,98608.47920054846,0.0,0.0,0.0,
2022-01-07,98608.47920054846,0.0,0.0,0.0,
2022-01-10,98608.47920054846,0.0,0.0,0.0,
2022-01-11,98608.47920054846,0.0,0.0,0.0,
2022-01-12,98608.47920054846,0.0,0.0,0.0,
2022-01-13,98608.47920054846,0.0,0.0,0.0,
2022-01-14,98608.47920054846,0.0,0.0,0.0,
2022-01-18,98608.47920054846,0.0,0.0,0.0,
2022-01-19,98608.47920054846,0.0,0.0,0.0,
2022-01-20,98608.47920054846,0.0,0.0,0.0,
2022-01-21,98608.47920054846,0.0,0.0,0.0,
2022-01-24,98608.47920054846,0.0,0.0,0.0,
2022-01-25,98608.47920054846,0.0,0.0,0.0,
2022-01-26,98608.47920054846,0.0,0.0,0.0,
2022-01-27,98608.47920054846,0.0,0.0,0.0,
2022-01-28,98608.47920054846,0.0,0.0,0.0,
2022-01-31,98608.47920054846,0.0,0.0,0.0,
2022-02-01,98608.47920054846,0.0,0.0,0.0,
2022-02-02,98608.47920054846,0.0,0.0,0.0,
2022-02-03,98608.47920054846,0.0,0.0,0.0,
2022-02-04,98608.47920054846,0.0,0.0,0.0,
2022-02-07,98608.47920054846,0.0,0.0,0.0,
2022-02-08,98608.47920054846,0.0,0.0,0.0,
2022-02-09,98608.47920054846,0.0,0.0,0.0,
2022-02-10,98608.47920054846,0.0,0.0,0.0,
2022-02-11,98608.47920054846,0.0,0.0,0.0,
2022-02-14,98608.47920054846,0.0,0.0,0.0,
2022-02-15,98608.47920054846,0.0,0.0,0.0,
2022-02-16,98608.47920054846,0.0,0.0,0.0,
2022-02-17,98608.47920054846,0.0,0.0,0.0,
2022-02-18,98608.47920054846,0.0,0.0,0.0,
2022-02-22,98608.47920054846,0.0,0.0,0.0,
2022-02-23,98608.47920054846,0.0,0.0,0.0,
2022-02-24,98608.47920054846,0.0,0.0,0.0,
2022-02-25,98608.47920054846,0.0,0.0,0.0,
2022-02-28,98608.47920054846,0.0,0.0,0.0,
2022-03-01,98608.47920054846,0.0,0.0,0.0,
2022-03-02,98608.47920054846,0.0,0.0,0.0,
2022-03-03,98608.47920054846,0.0,0.0,0.0,
2022-03-04,98608.47920054846,0.0,0.0,0.0,
2022-03-07,98608.47920054846,0.0,0.0,0.0,
2022-03-08,98608.47920054846,0.0,0.0,0.0,
2022-03-09,98608.47920054846,0.0,0.0,0.0,
2022-03-10,98608.47920054846,0.0,0.0,0.0,
2022-03-11,98608.47920054846,0.0,0.0,0.0,
2022-03-14,98608.47920054846,0.0,0.0,0.0,
2022-03-15,98608.47920054846,0.0,0.0,0.0,
2022-03-16,98608.47920054846,0.0,0.0,0.0,
2022-03-17,98608.47920054846,0.0,0.0,0.0,
2022-03-18,98608.47920054846,0.0,0.0,0.0,
2022-03-21,98608.47920054846,0.0,0.0,0.0,
2022-03-22,98608.47920054846,0.0,0.0,0.0,
2022-03-23,98608.47920054846,0.0,0.0,0.0,
2022-03-24,98608.47920054846,0.0,0.0,0.0,
2022-03-25,98608.47920054846,0.0,0.0,0.0,
2022-03-28,98608.47920054846,0.0,0.0,0.0,
2022-03-29,98608.47920054846,0.0,0.0,0.0,
2022-03-30,98608.47920054846,0.0,0.0,0.0,
2022-03-31,98608.47920054846,0.0,0.0,0.0,
2022-04-01,98608.47920054846,0.0,0.0,0.0,
2022-04-04,98608.47920054846,0.0,0.0,0.0,
2022-04-05,98608.47920054846,0.0,0.0,0.0,
2022-04-06,98608.47920054846,0.0,0.0,0.0,
2022-04-07,98608.47920054846,0.0,0.0,0.0,
2022-04-08,98608.47920054846,0.0,0.0,0.0,
2022-04-11,98608.47920054846,0.0,0.0,0.0,
2022-04-12,98608.47920054846,0.0,0.0,0.0,
2022-04-13,98608.47920054846,0.0,0.0,0.0,
2022-04-14,98608.47920054846,0.0,0.0,0.0,
2022-04-18,98608.47920054846,0.0,0.0,0.0,
2022-04-19,98608.47920054846,0.0,0.0,0.0,
2022-04-20,98608.47920054846,0.0,0.0,0.0,
2022-04-21,98608.47920054846,0.0,0.0,0.0,
2022-04-22,98608.47920054846,0.0,0.0,0.0,
2022-04-25,98608.47920054846,0.0,0.0,0.0,
2022-04-26,98608.47920054846,0.0,0.0,0.0,
2022-04-27,98608.47920054846,0.0,0.0,0.0,
2022-04-28,98608.47920054846,0.0,0.0,0.0,
2022-04-29,98608.47920054846,0.0,0.0,0.0,
2022-05-02,98608.47920054846,0.0,0.0,0.0,
2022-05-03,98608.47920054846,0.0,0.0,0.0,
2022-05-04,98608.47920054846,0.0,0.0,0.0,
2022-05-05,98608.47920054846,0.0,0.0,0.0,
2022-05-06,98608.47920054846,0.0,0.0,0.0,
2022-05-09,98608.47920054846,0.0,0.0,0.0,
2022-05-10,98608.47920054846,0.0,0.0,0.0,
2022-05-11,98608.47920054846,0.0,0.0,0.0,
2022-05-12,98608.47920054846,0.0,0.0,0.0,
2022-05-13,98608.47920054846,0.0,0.0,0.0,
2022-05-16,98608.47920054846,0.0,0.0,0.0,
2022-05-17,98608.47920054846,0.0,0.0,0.0,
2022-05-18,98608.47920054846,0.0,0.0,0.0,
2022-05-19,98608.47920054846,0.0,0.0,0.0,
2022-05-20,98608.47920054846,0.0,0.0,0.0,
2022-05-23,98608.47920054846,0.0,0.0,0.0,
2022-05-24,98608.47920054846,0.0,0.0,0.0,
2022-05-25,98608.47920054846,0.0,0.0,0.0,
2022-05-26,98608.47920054846,0.0,0.0,0.0,
2022-05-27,98608.47920054846,0.0,0.0,0.0,
2022-05-31,98608.47920054846,0.0,0.0,0.0,
2022-06-01,98608.47920054846,0.0,0.0,0.0,
2022-06-02,98608.47920054846,0.0,0.0,0.0,
2022-06-03,98608.47920054846,0.0,0.0,0.0,
2022-06-06,98608.47920054846,0.0,0.0,0.0,
2022-06-07,98608.47920054846,0.0,0.0,0.0,
2022-06-08,98608.47920054846,0.0,0.0,0.0,
2022-06-09,98608.47920054846,0.0,0.0,0.0,
2022-06-10,98608.47920054846,0.0,0.0,0.0,
2022-06-13,98608.47920054846,0.0,0.0,0.0,
2022-06-14,98608.47920054846,0.0,0.0,0.0,
2022-06-15,98608.47920054846,0.0,0.0,0.0,
2022-06-16,98608.47920054846,0.0,0.0,0.0,
2022-06-17,98608.47920054846,0.0,0.0,0.0,
2022-06-21,98608.47920054846,0.0,0.0,0.0,
2022-06-22,98608.47920054846,0.0,0.0,0.0,
2022-06-23,98608.47920054846,0.0,0.0,0.0,
2022-06-24,98608.47920054846,0.0,0.0,0.0,
2022-06-27,98608.47920054846,0.0,0.0,0.0,
2022-06-28,98608.47920054846,0.0,0.0,0.0,
2022-06-29,98608.47920054846,0.0,0.0,0.0,
2022-06-30,98608.47920054846,0.0,0.0,0.0,
2022-07-01,98608.47920054846,0.0,0.0,0.0,
2022-07-05,98608.47920054846,0.0,0.0,0.0,
2022-07-06,98608.47920054846,0.0,0.0,0.0,
2022-07-07,98608.47920054846,0.0,0.0,0.0,
2022-07-08,98608.47920054846,0.0,0.0,0.0,
2022-07-11,98608.47920054846,0.0,0.0,0.0,
2022-07-12,98608.47920054846,0.0,0.0,0.0,
2022-07-13,98608.47920054846,0.0,0.0,0.0,
2022-07-14,98608.47920054846,0.0,0.0,0.0,
2022-07-15,98608.47920054846,0.0,0.0,0.0,
2022-07-18,98608.47920054846,0.0,0.0,0.0,
2022-07-19,98608.47920054846,0.0,0.0,0.0,
2022-07-20,98608.47920054846,0.0,0.0,0.0,
2022-07-21,98608.47920054846,0.0,0.0,0.0,
2022-07-22,98608.47920054846,0.0,0.0,0.0,
2022-07-25,98608.47920054846,0.0,0.0,0.0,
2022-07-26,98608.47920054846,0.0,0.0,0.0,
2022-07-27,98608.47920054846,0.0,0.0,0.0,
2022-07-28,98608.47920054846,0.0,0.0,0.0,
2022-07-29,98608.47920054846,0.0,0.0,0.0,
2022-08-01,98608.47920054846,0.0,0.0,0.0,
2022-08-02,98608.47920054846,0.0,0.0,0.0,
2022-08-03,98608.47920054846,0.0,0.0,0.0,
2022-08-04,98608.47920054846,0.0,0.0,0.0,
2022-08-05,98608.47920054846,0.0,0.0,0.0,
2022-08-08,98608.47920054846,0.0,0.0,0.0,
2022-08-09,98608.47920054846,0.0,0.0,0.0,
2022-08-10,98608.47920054846,0.0,0.0,0.0,
2022-08-11,98608.47920054846,0.0,0.0,0.0,
2022-08-12,98608.47920054846,0.0,0.0,0.0,
2022-08-15,98608.47920054846,0.0,0.0,0.0,
2022-08-16,98608.47920054846,0.0,0.0,0.0,
2022-08-17,98608.47920054846,0.0,0.0,0.0,
2022-08-18,98608.47920054846,0.0,0.0,0.0,
2022-08-19,98608.47920054846,0.0,0.0,0.0,
2022-08-22,98608.47920054846,0.0,0.0,0.0,
2022-08-23,98608.47920054846,0.0,0.0,0.0,
2022-08-24,98608.47920054846,0.0,0.0,0.0,
2022-08-25,98608.47920054846,0.0,0.0,0.0,
2022-08-26,98608.47920054846,0.0,0.0,0.0,
2022-08-29,98608.47920054846,0.0,0.0,0.0,
2022-08-30,98608.47920054846,0.0,0.0,0.0,
2022-08-31,98608.47920054846,0.0,0.0,0.0,
2022-09-01,98608.47920054846,0.0,0.0,0.0,
2022-09-02,98608.47920054846,0.0,0.0,0.0,
2022-09-06,98608.47920054846,0.0,0.0,0.0,
2022-09-07,98608.47920054846,0.0,0.0,0.0,
2022-09-08,98608.47920054846,0.0,0.0,0.0,
2022-09-09,98608.47920054846,0.0,0.0,0.0,
2022-09-12,98608.47920054846,0.0,0.0,0.0,
2022-09-13,98608.47920054846,0.0,0.0,0.0,
2022-09-14,98608.47920054846,0.0,0.0,0.0,
2022-09-15,98608.47920054846,0.0,0.0,0.0,
2022-09-16,98608.47920054846,0.0,0.0,0.0,
2022-09-19,98608.47920054846,0.0,0.0,0.0,
2022-09-20,98608.47920054846,0.0,0.0,0.0,
2022-09-21,98608.47920054846,0.0,0.0,0.0,
2022-09-22,98608.47920054846,0.0,0.0,0.0,
2022-09-23,98608.47920054846,0.0,0.0,0.0,
2022-09-26,98608.47920054846,0.0,0.0,0.0,
2022-09-27,98608.47920054846,0.0,0.0,0.0,
2022-09-28,98608.47920054846,0.0,0.0,0.0,
2022-09-29,98608.47920054846,0.0,0.0,0.0,
2022-09-30,98608.47920054846,0.0,0.0,0.0,
2022-10-03,98608.47920054846,0.0,0.0,0.0,
2022-10-04,98608.47920054846,0.0,0.0,0.0,
2022-10-05,98608.47920054846,0.0,0.0,0.0,
2022-10-06,98608.47920054846,0.0,0.0,0.0,
2022-10-07,98608.47920054846,0.0,0.0,0.0,
2022-10-10,98608.47920054846,0.0,0.0,0.0,
2022-10-11,98608.47920054846,0.0,0.0,0.0,
2022-10-12,98608.47920054846,0.0,0.0,0.0,
2022-10-13,98608.47920054846,0.0,0.0,0.0,
2022-10-14,98608.47920054846,0.0,0.0,0.0,
2022-10-17,98608.47920054846,0.0,0.0,0.0,
2022-10-18,98608.47920054846,0.0,0.0,0.0,
2022-10-19,98608.47920054846,0.0,0.0,0.0,
2022-10-20,98608.47920054846,0.0,0.0,0.0,
2022-10-21,98608.47920054846,0.0,0.0,0.0,
2022-10-24,98608.47920054846,0.0,0.0,0.0,
2022-10-25,98608.47920054846,0.0,0.0,0.0,
2022-10-26,98608.47920054846,0.0,0.0,0.0,
2022-10-27,98608.47920054846,0.0,0.0,0.0,
2022-10-28,98608.47920054846,0.0,0.0,0.0,
2022-10-31,98608.47920054846,0.0,0.0,0.0,
2022-11-01,98608.47920054846,0.0,0.0,0.0,
2022-11-02,98608.47920054846,0.0,0.0,0.0,
2022-11-03,98608.47920054846,0.0,0.0,0.0,
2022-11-04,98608.47920054846,0.0,0.0,0.0,
2022-11-07,98608.47920054846,0.0,0.0,0.0,
2022-11-08,98608.47920054846,0.0,0.0,0.0,
2022-11-09,98608.47920054846,0.0,0.0,0.0,
2022-11-10,98608.47920054846,0.0,0.0,0.0,
2022-11-11,98608.47920054846,0.0,0.0,0.0,
2022-11-14,98608.47920054846,0.0,0.0,0.0,
2022-11-15,98608.47920054846,0.0,0.0,0.0,
2022-11-16,98608.47920054846,0.0,0.0,0.0,
2022-11-17,98608.47920054846,0.0,0.0,0.0,
2022-11-18,98608.47920054846,0.0,0.0,0.0,
2022-11-21,98608.47920054846,0.0,0.0,0.0,
2022-11-22,98608.47920054846,0.0,0.0,0.0,
2022-11-23,98608.47920054846,0.0,0.0,0.0,
2022-11-25,98608.47920054846,0.0,0.0,0.0,
2022-11-28,98608.47920054846,0.0,0.0,0.0,
2022-11-29,98608.47920054846,0.0,0.0,0.0,
2022-11-30,98608.47920054846,0.0,0.0,0.0,
2022-12-01,98608.47920054846,0.0,0.0,0.0,
2022-12-02,98608.47920054846,0.0,0.0,0.0,
2022-12-05,98608.47920054846,0.0,0.0,0.0,
2022-12-06,98608.47920054846,0.0,0.0,0.0,
2022-12-07,98608.47920054846,0.0,0.0,0.0,
2022-12-08,98608.47920054846,0.0,0.0,0.0,
2022-12-09,98608.47920054846,0.0,0.0,0.0,
2022-12-12,98608.47920054846,0.0,0.0,0.0,
2022-12-13,98608.47920054846,0.0,0.0,0.0,
2022-12-14,98608.47920054846,0.0,0.0,0.0,
2022-12-15,98608.47920054846,0.0,0.0,0.0,
2022-12-16,98608.47920054846,0.0,0.0,0.0,
2022-12-19,98608.47920054846,0.0,0.0,0.0,
2022-12-20,98608.47920054846,0.0,0.0,0.0,
2022-12-21,98608.47920054846,0.0,0.0,0.0,
2022-12-22,98608.47920054846,0.0,0.0,0.0,
2022-12-23,98608.47920054846,0.0,0.0,0.0,
2022-12-27,98608.47920054846,0.0,0.0,0.0,
2022-12-28,98608.47920054846,0.0,0.0,0.0,
2022-12-29,98608.47920054846,0.0,0.0,0.0,
2022-12-30,98608.47920054846,0.0,0.0,0.0,
2023-01-03,98608.47920054846,0.0,0.0,0.0,
2023-01-04,98608.47920054846,0.0,0.0,0.0,
2023-01-05,98608.47920054846,0.0,0.0,0.0,
2023-01-06,98608.47920054846,0.0,0.0,0.0,
2023-01-09,98608.47920054846,0.0,0.0,0.0,
2023-01-10,98608.47920054846,0.0,0.0,0.0,
2023-01-11,98608.47920054846,0.0,0.0,0.0,
2023-01-12,98608.47920054846,0.0,0.0,0.0,
2023-01-13,98608.47920054846,0.0,0.0,0.0,
2023-01-17,98608.47920054846,0.0,0.0,0.0,
2023-01-18,98608.47920054846,0.0,0.0,0.0,
2023-01-19,98608.47920054846,0.0,0.0,0.0,
2023-01-20,98608.47920054846,0.0,0.0,0.0,
2023-01-23,98608.47920054846,0.0,0.0,0.0,
2023-01-24,98608.47920054846,0.0,0.0,0.0,
2023-01-25,98608.47920054846,0.0,0.0,0.0,
2023-01-26,98608.47920054846,0.0,0.0,0.0,
2023-01-27,98608.47920054846,0.0,0.0,0.0,
2023-01-30,98608.47920054846,0.0,0.0,0.0,
2023-01-31,98608.47920054846,0.0,0.0,0.0,
2023-02-01,98608.47920054846,0.0,0.0,0.0,
2023-02-02,98608.47920054846,0.0,0.0,0.0,
2023-02-03,98608.47920054846,0.0,0.0,0.0,
2023-02-06,98608.47920054846,0.0,0.0,0.0,
2023-02-07,98608.47920054846,0.0,0.0,0.0,
2023-02-08,98608.47920054846,0.0,0.0,0.0,
2023-02-09,98608.47920054846,0.0,0.0,0.0,
2023-02-10,98608.47920054846,0.0,0.0,0.0,
2023-02-13,98608.47920054846,0.0,0.0,0.0,
2023-02-14,98608.47920054846,0.0,0.0,0.0,
2023-02-15,98608.47920054846,0.0,0.0,0.0,
2023-02-16,98608.47920054846,0.0,0.0,0.0,
2023-02-17,98608.47920054846,0.0,0.0,0.0,
2023-02-21,98608.47920054846,0.0,0.0,0.0,
2023-02-22,98608.47920054846,0.0,0.0,0.0,
2023-02-23,98608.47920054846,0.0,0.0,0.0,
2023-02-24,98608.47920054846,0.0,0.0,0.0,
2023-02-27,98608.47920054846,0.0,0.0,0.0,
2023-02-28,98608.47920054846,0.0,0.0,0.0,
2023-03-01,98608.47920054846,0.0,0.0,0.0,
2023-03-02,98608.47920054846,0.0,0.0,0.0,
2023-03-03,98608.47920054846,0.0,0.0,0.0,
2023-03-06,98608.47920054846,0.0,0.0,0.0,
2023-03-07,98608.47920054846,0.0,0.0,0.0,
2023-03-08,98608.47920054846,0.0,0.0,0.0,
2023-03-09,98608.47920054846,0.0,0.0,0.0,
2023-03-10,98608.47920054846,0.0,0.0,0.0,
2023-03-13,98608.47920054846,0.0,0.0,0.0,
2023-03-14,98608.47920054846,0.0,0.0,0.0,
2023-03-15,98608.47920054846,0.0,0.0,0.0,
2023-03-16,98608.47920054846,0.0,0.0,0.0,
2023-03-17,98608.47920054846,0.0,0.0,0.0,
2023-03-20,98608.47920054846,0.0,0.0,0.0,
2023-03-21,98608.47920054846,0.0,0.0,0.0,
2023-03-22,98608.47920054846,0.0,0.0,0.0,
2023-03-23,98608.47920054846,0.0,0.0,0.0,
2023-03-24,98608.47920054846,0.0,0.0,0.0,
2023-03-27,98608.47920054846,0.0,0.0,0.0,
2023-03-28,98608.47920054846,0.0,0.0,0.0,
2023-03-29,98608.47920054846,0.0,0.0,0.0,
2023-03-30,98608.47920054846,0.0,0.0,0.0,
2023-03-31,98608.47920054846,0.0,0.0,0.0,
2023-04-03,98608.47920054846,0.0,0.0,0.0,
2023-04-04,98608.47920054846,0.0,0.0,0.0,
2023-04-05,98608.47920054846,0.0,0.0,0.0,
2023-04-06,98608.47920054846,0.0,0.0,0.0,
2023-04-10,98608.47920054846,0.0,0.0,0.0,
2023-04-11,98608.47920054846,0.0,0.0,0.0,
2023-04-12,98608.47920054846,0.0,0.0,0.0,
2023-04-13,98608.47920054846,0.0,0.0,0.0,
2023-04-14,98608.47920054846,0.0,0.0,0.0,
2023-04-17,98608.47920054846,0.0,0.0,0.0,
2023-04-18,98608.47920054846,0.0,0.0,0.0,
2023-04-19,98608.47920054846,0.0,0.0,0.0,
2023-04-20,98608.47920054846,0.0,0.0,0.0,
2023-04-21,98608.47920054846,0.0,0.0,0.0,
2023-04-24,98608.47920054846,0.0,0.0,0.0,
2023-04-25,98608.47920054846,0.0,0.0,0.0,
2023-04-26,98608.47920054846,0.0,0.0,0.0,
2023-04-27,98608.47920054846,0.0,0.0,0.0,
2023-04-28,98608.47920054846,0.0,0.0,0.0,
2023-05-01,98608.47920054846,0.0,0.0,0.0,
2023-05-02,98608.47920054846,0.0,0.0,0.0,
2023-05-03,98608.47920054846,0.0,0.0,0.0,
2023-05-04,98608.47920054846,0.0,0.0,0.0,
2023-05-05,98608.47920054846,0.0,0.0,0.0,
2023-05-08,98608.47920054846,0.0,0.0,0.0,
2023-05-09,98608.47920054846,0.0,0.0,0.0,
2023-05-10,98608.47920054846,0.0,0.0,0.0,
2023-05-11,98608.47920054846,0.0,0.0,0.0,
2023-05-12,98608.47920054846,0.0,0.0,0.0,
2023-05-15,98608.47920054846,0.0,0.0,0.0,
2023-05-16,98608.47920054846,0.0,0.0,0.0,
2023-05-17,98608.47920054846,0.0,0.0,0.0,
2023-05-18,98608.47920054846,0.0,0.0,0.0,
2023-05-19,98608.47920054846,0.0,0.0,0.0,
2023-05-22,98608.47920054846,0.0,0.0,0.0,
2023-05-23,98608.47920054846,0.0,0.0,0.0,
2023-05-24,98608.47920054846,0.0,0.0,0.0,
2023-05-25,98608.47920054846,0.0,0.0,0.0,
2023-05-26,98608.47920054846,0.0,0.0,0.0,
2023-05-30,98608.47920054846,0.0,0.0,0.0,
2023-05-31,98608.47920054846,0.0,0.0,0.0,
2023-06-01,98608.47920054846,0.0,0.0,0.0,
2023-06-02,98608.47920054846,0.0,0.0,0.0,
2023-06-05,98608.47920054846,0.0,0.0,0.0,
2023-06-06,98608.47920054846,0.0,0.0,0.0,
2023-06-07,98608.47920054846,0.0,0.0,0.0,
2023-06-08,98608.47920054846,0.0,0.0,0.0,
2023-06-09,98608.47920054846,0.0,0.0,0.0,
2023-06-12,98608.47920054846,0.0,0.0,0.0,
2023-06-13,98608.47920054846,0.0,0.0,0.0,
2023-06-14,98608.47920054846,0.0,0.0,0.0,
2023-06-15,98608.47920054846,0.0,0.0,0.0,
2023-06-16,98608.47920054846,0.0,0.0,0.0,
2023-06-20,98608.47920054846,0.0,0.0,0.0,
2023-06-21,98608.47920054846,0.0,0.0,0.0,
2023-06-22,98608.47920054846,0.0,0.0,0.0,
2023-06-23,98608.47920054846,0.0,0.0,0.0,
2023-06-26,98608.47920054846,0.0,0.0,0.0,
2023-06-27,98608.47920054846,0.0,0.0,0.0,
2023-06-28,98608.47920054846,0.0,0.0,0.0,
2023-06-29,98608.47920054846,0.0,0.0,0.0,
2023-06-30,98608.47920054846,0.0,0.0,0.0,
2023-07-03,98608.47920054846,0.0,0.0,0.0,
2023-07-05,98608.47920054846,0.0,0.0,0.0,
2023-07-06,98608.47920054846,0.0,0.0,0.0,
2023-07-07,98608.47920054846,0.0,0.0,0.0,
2023-07-10,98608.47920054846,0.0,0.0,0.0,
2023-07-11,98608.47920054846,0.0,0.0,0.0,
2023-07-12,98608.47920054846,0.0,0.0,0.0,
2023-07-13,98608.47920054846,0.0,0.0,0.0,
2023-07-14,98608.47920054846,0.0,0.0,0.0,
2023-07-17,98608.47920054846,0.0,0.0,0.0,
2023-07-18,98608.47920054846,0.0,0.0,0.0,
2023-07-19,98608.47920054846,0.0,0.0,0.0,
2023-07-20,98608.47920054846,0.0,0.0,0.0,
2023-07-21,98608.47920054846,0.0,0.0,0.0,
2023-07-24,98608.47920054846,0.0,0.0,0.0,
2023-07-25,98608.47920054846,0.0,0.0,0.0,
2023-07-26,98608.47920054846,0.0,0.0,0.0,
2023-07-27,98608.47920054846,0.0,0.0,0.0,
2023-07-28,98608.47920054846,0.0,0.0,0.0,
2023-07-31,98608.47920054846,0.0,0.0,0.0,
2023-08-01,98608.47920054846,0.0,0.0,0.0,
2023-08-02,98608.47920054846,0.0,0.0,0.0,
2023-08-03,98608.47920054846,0.0,0.0,0.0,
2023-08-04,98608.47920054846,0.0,0.0,0.0,
2023-08-07,98608.47920054846,0.0,0.0,0.0,
2023-08-08,98608.47920054846,0.0,0.0,0.0,
2023-08-09,98608.47920054846,0.0,0.0,0.0,
2023-08-10,98608.47920054846,0.0,0.0,0.0,
2023-08-11,98608.47920054846,0.0,0.0,0.0,
2023-08-14,98608.47920054846,0.0,0.0,0.0,
2023-08-15,98608.47920054846,0.0,0.0,0.0,
2023-08-16,98608.47920054846,0.0,0.0,0.0,
2023-08-17,98608.47920054846,0.0,0.0,0.0,
2023-08-18,98608.47920054846,0.0,0.0,0.0,
2023-08-21,98608.47920054846,0.0,0.0,0.0,
2023-08-22,98608.47920054846,0.0,0.0,0.0,
2023-08-23,98608.47920054846,0.0,0.0,0.0,
2023-08-24,98608.47920054846,0.0,0.0,0.0,
2023-08-25,98608.47920054846,0.0,0.0,0.0,
2023-08-28,98608.47920054846,0.0,0.0,0.0,
2023-08-29,98608.47920054846,0.0,0.0,0.0,
2023-08-30,98608.47920054846,0.0,0.0,0.0,
2023-08-31,98608.47920054846,0.0,0.0,0.0,
2023-09-01,98608.47920054846,0.0,0.0,0.0,
2023-09-05,98608.47920054846,0.0,0.0,0.0,
2023-09-06,98608.47920054846,0.0,0.0,0.0,
2023-09-07,98608.47920054846,0.0,0.0,0.0,
2023-09-08,98608.47920054846,0.0,0.0,0.0,
2023-09-11,98608.47920054846,0.0,0.0,0.0,
2023-09-12,98608.47920054846,0.0,0.0,0.0,
2023-09-13,98608.47920054846,0.0,0.0,0.0,
2023-09-14,98608.47920054846,0.0,0.0,0.0,
2023-09-15,98608.47920054846,0.0,0.0,0.0,
2023-09-18,98608.47920054846,0.0,0.0,0.0,
2023-09-19,98608.47920054846,0.0,0.0,0.0,
2023-09-20,98608.47920054846,0.0,0.0,0.0,
2023-09-21,98608.47920054846,0.0,0.0,0.0,
2023-09-22,98608.47920054846,0.0,0.0,0.0,
2023-09-25,98608.47920054846,0.0,0.0,0.0,
2023-09-26,98608.47920054846,0.0,0.0,0.0,
2023-09-27,98608.47920054846,0.0,0.0,0.0,
2023-09-28,98608.47920054846,0.0,0.0,0.0,
2023-09-29,98608.47920054846,0.0,0.0,0.0,
2023-10-02,98608.47920054846,0.0,0.0,0.0,
2023-10-03,98608.47920054846,0.0,0.0,0.0,
2023-10-04,98608.47920054846,0.0,0.0,0.0,
2023-10-05,98608.47920054846,0.0,0.0,0.0,
2023-10-06,98608.47920054846,0.0,0.0,0.0,
2023-10-09,98608.47920054846,0.0,0.0,0.0,
2023-10-10,98608.47920054846,0.0,0.0,0.0,
2023-10-11,98608.47920054846,0.0,0.0,0.0,
2023-10-12,98608.47920054846,0.0,0.0,0.0,
2023-10-13,98608.47920054846,0.0,0.0,0.0,
2023-10-16,98608.47920054846,0.0,0.0,0.0,
2023-10-17,98608.47920054846,0.0,0.0,0.0,
2023-10-18,98608.47920054846,0.0,0.0,0.0,
2023-10-19,98608.47920054846,0.0,0.0,0.0,
2023-10-20,98608.47920054846,0.0,0.0,0.0,
2023-10-23,98608.47920054846,0.0,0.0,0.0,
2023-10-24,98608.47920054846,0.0,0.0,0.0,
2023-10-25,98608.47920054846,0.0,0.0,0.0,
2023-10-26,98608.47920054846,0.0,0.0,0.0,
2023-10-27,98608.47920054846,0.0,0.0,0.0,
2023-10-30,98608.47920054846,0.0,0.0,0.0,
2023-10-31,98608.47920054846,0.0,0.0,0.0,
2023-11-01,98608.47920054846,0.0,0.0,0.0,
2023-11-02,98608.47920054846,0.0,0.0,0.0,
2023-11-03,98608.47920054846,0.0,0.0,0.0,
2023-11-06,98608.47920054846,0.0,0.0,0.0,
2023-11-07,98608.47920054846,0.0,0.0,0.0,
2023-11-08,98608.47920054846,0.0,0.0,0.0,
2023-11-09,98608.47920054846,0.0,0.0,0.0,
2023-11-10,98608.47920054846,0.0,0.0,0.0,
2023-11-13,98608.47920054846,0.0,0.0,0.0,
2023-11-14,98608.47920054846,0.0,0.0,0.0,
2023-11-15,98608.47920054846,0.0,0.0,0.0,
2023-11-16,98608.47920054846,0.0,0.0,0.0,
2023-11-17,98608.47920054846,0.0,0.0,0.0,
2023-11-20,98608.47920054846,0.0,0.0,0.0,
2023-11-21,98608.47920054846,0.0,0.0,0.0,
2023-11-22,98608.47920054846,0.0,0.0,0.0,
2023-11-24,98608.47920054846,0.0,0.0,0.0,
2023-11-27,98608.47920054846,0.0,0.0,0.0,
2023-11-28,98608.47920054846,0.0,0.0,0.0,
2023-11-29,98608.47920054846,0.0,0.0,0.0,
2023-11-30,98608.47920054846,0.0,0.0,0.0,
2023-12-01,98608.47920054846,0.0,0.0,0.0,
2023-12-04,98608.47920054846,0.0,0.0,0.0,
2023-12-05,98608.47920054846,0.0,0.0,0.0,
2023-12-06,98608.47920054846,0.0,0.0,0.0,
2023-12-07,98608.47920054846,0.0,0.0,0.0,
2023-12-08,98608.47920054846,0.0,0.0,0.0,
2023-12-11,98608.47920054846,0.0,0.0,0.0,
2023-12-12,98608.47920054846,0.0,0.0,0.0,
2023-12-13,98608.47920054846,0.0,0.0,0.0,
2023-12-14,98608.47920054846,0.0,0.0,0.0,
2023-12-15,98608.47920054846,0.0,0.0,0.0,
2023-12-18,98608.47920054846,0.0,0.0,0.0,
2023-12-19,98608.47920054846,0.0,0.0,0.0,
2023-12-20,98608.47920054846,0.0,0.0,0.0,
2023-12-21,98608.47920054846,0.0,0.0,0.0,
2023-12-22,98608.47920054846,0.0,0.0,0.0,
2023-12-26,98608.47920054846,0.0,0.0,0.0,
2023-12-27,98608.47920054846,0.0,0.0,0.0,
2023-12-28,98608.47920054846,0.0,0.0,0.0,
2023-12-29,98608.47920054846,0.0,0.0,0.0,
2024-01-02,98608.47920054846,0.0,0.0,0.0,
2024-01-03,98608.47920054846,0.0,0.0,0.0,
2024-01-04,98608.47920054846,0.0,0.0,0.0,
2024-01-05,98608.47920054846,0.0,0.0,0.0,
2024-01-08,98608.47920054846,0.0,0.0,0.0,
2024-01-09,98608.47920054846,0.0,0.0,0.0,
2024-01-10,98608.47920054846,0.0,0.0,0.0,
2024-01-11,98608.47920054846,0.0,0.0,0.0,
2024-01-12,98608.47920054846,0.0,0.0,0.0,
2024-01-16,98608.47920054846,0.0,0.0,0.0,
2024-01-17,98608.47920054846,0.0,0.0,0.0,
2024-01-18,98608.47920054846,0.0,0.0,0.0,
2024-01-19,98608.47920054846,0.0,0.0,0.0,
2024-01-22,98608.47920054846,0.0,0.0,0.0,
2024-01-23,98608.47920054846,0.0,0.0,0.0,
2024-01-24,98608.47920054846,0.0,0.0,0.0,
2024-01-25,98608.47920054846,0.0,0.0,0.0,
2024-01-26,98608.47920054846,0.0,0.0,0.0,
2024-01-29,98608.47920054846,0.0,0.0,0.0,
2024-01-30,98608.47920054846,0.0,0.0,0.0,
2024-01-31,98608.47920054846,0.0,0.0,0.0,
2024-02-01,98608.47920054846,0.0,0.0,0.0,
2024-02-02,98608.47920054846,0.0,0.0,0.0,
2024-02-05,98608.47920054846,0.0,0.0,0.0,
2024-02-06,98608.47920054846,0.0,0.0,0.0,
2024-02-07,98608.47920054846,0.0,0.0,0.0,
2024-02-08,98608.47920054846,0.0,0.0,0.0,
2024-02-09,98608.47920054846,0.0,0.0,0.0,
2024-02-12,98608.47920054846,0.0,0.0,0.0,
2024-02-13,98608.47920054846,0.0,0.0,0.0,
2024-02-14,98608.47920054846,0.0,0.0,0.0,
2024-02-15,98608.47920054846,0.0,0.0,0.0,
2024-02-16,98608.47920054846,0.0,0.0,0.0,
2024-02-20,98608.47920054846,0.0,0.0,0.0,
2024-02-21,98608.47920054846,0.0,0.0,0.0,
2024-02-22,98608.47920054846,0.0,0.0,0.0,
2024-02-23,98608.47920054846,0.0,0.0,0.0,
2024-02-26,98608.47920054846,0.0,0.0,0.0,
2024-02-27,98608.47920054846,0.0,0.0,0.0,
2024-02-28,98608.47920054846,0.0,0.0,0.0,
2024-02-29,98608.47920054846,0.0,0.0,0.0,
2024-03-01,98608.47920054846,0.0,0.0,0.0,
2024-03-04,98608.47920054846,0.0,0.0,0.0,
2024-03-05,98608.47920054846,0.0,0.0,0.0,
2024-03-06,98608.47920054846,0.0,0.0,0.0,
2024-03-07,98608.47920054846,0.0,0.0,0.0,
2024-03-08,98608.47920054846,0.0,0.0,0.0,
2024-03-11,98608.47920054846,0.0,0.0,0.0,
2024-03-12,98608.47920054846,0.0,0.0,0.0,
2024-03-13,98608.47920054846,0.0,0.0,0.0,
2024-03-14,98608.47920054846,0.0,0.0,0.0,
2024-03-15,98608.47920054846,0.0,0.0,0.0,
2024-03-18,98608.47920054846,0.0,0.0,0.0,
2024-03-19,98608.47920054846,0.0,0.0,0.0,
2024-03-20,98608.47920054846,0.0,0.0,0.0,
2024-03-21,98608.47920054846,0.0,0.0,0.0,
2024-03-22,98608.47920054846,0.0,0.0,0.0,
2024-03-25,98608.47920054846,0.0,0.0,0.0,
2024-03-26,98608.47920054846,0.0,0.0,0.0,
2024-03-27,98608.47920054846,0.0,0.0,0.0,
2024-03-28,98608.47920054846,0.0,0.0,0.0,
2024-04-01,98608.47920054846,0.0,0.0,0.0,
2024-04-02,98608.47920054846,0.0,0.0,0.0,
2024-04-03,98608.47920054846,0.0,0.0,0.0,
2024-04-04,98608.47920054846,0.0,0.0,0.0,
2024-04-05,98608.47920054846,0.0,0.0,0.0,
2024-04-08,98608.47920054846,0.0,0.0,0.0,
2024-04-09,98608.47920054846,0.0,0.0,0.0,
2024-04-10,98608.47920054846,0.0,0.0,0.0,
2024-04-11,98608.47920054846,0.0,0.0,0.0,
2024-04-12,98608.47920054846,0.0,0.0,0.0,
2024-04-15,98608.47920054846,0.0,0.0,0.0,
2024-04-16,98608.47920054846,0.0,0.0,0.0,
2024-04-17,98608.47920054846,0.0,0.0,0.0,
2024-04-18,98608.47920054846,0.0,0.0,0.0,
2024-04-19,98608.47920054846,0.0,0.0,0.0,
2024-04-22,98608.47920054846,0.0,0.0,0.0,
2024-04-23,98608.47920054846,0.0,0.0,0.0,
2024-04-24,98608.47920054846,0.0,0.0,0.0,
2024-04-25,98608.47920054846,0.0,0.0,0.0,
2024-04-26,98608.47920054846,0.0,0.0,0.0,
2024-04-29,98608.47920054846,0.0,0.0,0.0,
2024-04-30,98608.47920054846,0.0,0.0,0.0,
2024-05-01,98608.47920054846,0.0,0.0,0.0,
2024-05-02,98608.47920054846,0.0,0.0,0.0,
2024-05-03,98608.47920054846,0.0,0.0,0.0,
2024-05-06,98608.47920054846,0.0,0.0,0.0,
2024-05-07,98608.47920054846,0.0,0.0,0.0,
2024-05-08,98608.47920054846,0.0,0.0,0.0,
2024-05-09,98608.47920054846,0.0,0.0,0.0,
2024-05-10,98608.47920054846,0.0,0.0,0.0,
2024-05-13,98608.47920054846,0.0,0.0,0.0,
2024-05-14,98608.47920054846,0.0,0.0,0.0,
2024-05-15,98608.47920054846,0.0,0.0,0.0,
2024-05-16,98608.47920054846,0.0,0.0,0.0,
2024-05-17,98608.47920054846,0.0,0.0,0.0,
2024-05-20,98608.47920054846,0.0,0.0,0.0,
2024-05-21,98608.47920054846,0.0,0.0,0.0,
2024-05-22,98608.47920054846,0.0,0.0,0.0,
2024-05-23,98608.47920054846,0.0,0.0,0.0,
2024-05-24,98608.47920054846,0.0,0.0,0.0,
2024-05-28,98608.47920054846,0.0,0.0,0.0,
2024-05-29,98608.47920054846,0.0,0.0,0.0,
2024-05-30,98608.47920054846,0.0,0.0,0.0,
2024-05-31,98608.47920054846,0.0,0.0,0.0,
2024-06-03,98608.47920054846,0.0,0.0,0.0,
2024-06-04,98608.47920054846,0.0,0.0,0.0,
2024-06-05,98608.47920054846,0.0,0.0,0.0,
2024-06-06,98608.47920054846,0.0,0.0,0.0,
2024-06-07,98608.47920054846,0.0,0.0,0.0,
2024-06-10,98608.47920054846,0.0,0.0,0.0,
2024-06-11,98608.47920054846,0.0,0.0,0.0,
2024-06-12,98608.47920054846,0.0,0.0,0.0,
2024-06-13,98608.47920054846,0.0,0.0,0.0,
2024-06-14,98608.47920054846,0.0,0.0,0.0,
2024-06-17,98608.47920054846,0.0,0.0,0.0,
2024-06-18,98608.47920054846,0.0,0.0,0.0,
2024-06-20,98608.47920054846,0.0,0.0,0.0,
2024-06-21,98608.47920054846,0.0,0.0,0.0,
2024-06-24,98608.47920054846,0.0,0.0,0.0,
2024-06-25,98608.47920054846,0.0,0.0,0.0,
2024-06-26,98608.47920054846,0.0,0.0,0.0,
2024-06-27,98608.47920054846,0.0,0.0,0.0,
2024-06-28,98608.47920054846,0.0,0.0,0.0,
2024-07-01,98608.47920054846,0.0,0.0,0.0,
2024-07-02,98608.47920054846,0.0,0.0,0.0,
2024-07-03,98608.47920054846,0.0,0.0,0.0,
2024-07-05,98608.47920054846,0.0,0.0,0.0,
2024-07-08,98608.47920054846,0.0,0.0,0.0,
2024-07-09,98608.47920054846,0.0,0.0,0.0,
2024-07-10,98608.47920054846,0.0,0.0,0.0,
2024-07-11,98608.47920054846,0.0,0.0,0.0,
2024-07-12,98608.47920054846,0.0,0.0,0.0,
2024-07-15,98608.47920054846,0.0,0.0,0.0,
2024-07-16,98608.47920054846,0.0,0.0,0.0,
2024-07-17,98608.47920054846,0.0,0.0,0.0,
2024-07-18,98608.47920054846,0.0,0.0,0.0,
2024-07-19,98608.47920054846,0.0,0.0,0.0,
2024-07-22,98608.47920054846,0.0,0.0,0.0,
2024-07-23,98608.47920054846,0.0,0.0,0.0,
2024-07-24,98608.47920054846,0.0,0.0,0.0,
2024-07-25,98608.47920054846,0.0,0.0,0.0,
2024-07-26,98608.47920054846,0.0,0.0,0.0,
2024-07-29,98608.47920054846,0.0,0.0,0.0,
2024-07-30,98608.47920054846,0.0,0.0,0.0,
2024-07-31,98608.47920054846,0.0,0.0,0.0,
2024-08-01,98608.47920054846,0.0,0.0,0.0,
2024-08-02,98608.47920054846,0.0,0.0,0.0,
2024-08-05,98608.47920054846,0.0,0.0,0.0,
2024-08-06,98608.47920054846,0.0,0.0,0.0,
2024-08-07,98608.47920054846,0.0,0.0,0.0,
2024-08-08,98608.47920054846,0.0,0.0,0.0,
2024-08-09,98608.47920054846,0.0,0.0,0.0,
2024-08-12,98608.47920054846,0.0,0.0,0.0,
2024-08-13,98608.47920054846,0.0,0.0,0.0,
2024-08-14,98608.47920054846,0.0,0.0,0.0,
2024-08-15,98608.47920054846,0.0,0.0,0.0,
2024-08-16,98608.47920054846,0.0,0.0,0.0,
2024-08-19,98608.47920054846,0.0,0.0,0.0,
2024-08-20,98608.47920054846,0.0,0.0,0.0,
2024-08-21,98608.47920054846,0.0,0.0,0.0,
2024-08-22,98608.47920054846,0.0,0.0,0.0,
2024-08-23,98608.47920054846,0.0,0.0,0.0,
2024-08-26,98608.47920054846,0.0,0.0,0.0,
2024-08-27,98608.47920054846,0.0,0.0,0.0,
2024-08-28,98608.47920054846,0.0,0.0,0.0,
2024-08-29,98608.47920054846,0.0,0.0,0.0,
2024-08-30,98608.47920054846,0.0,0.0,0.0,
2024-09-03,98608.47920054846,0.0,0.0,0.0,
2024-09-04,98608.47920054846,0.0,0.0,0.0,
2024-09-05,98608.47920054846,0.0,0.0,0.0,
2024-09-06,98608.47920054846,0.0,0.0,0.0,
2024-09-09,98608.47920054846,0.0,0.0,0.0,
2024-09-10,98608.47920054846,0.0,0.0,0.0,
2024-09-11,98608.47920054846,0.0,0.0,0.0,
2024-09-12,98608.47920054846,0.0,0.0,0.0,
2024-09-13,98608.47920054846,0.0,0.0,0.0,
2024-09-16,98608.47920054846,0.0,0.0,0.0,
2024-09-17,98608.47920054846,0.0,0.0,0.0,
2024-09-18,98608.47920054846,0.0,0.0,0.0,
2024-09-19,98608.47920054846,0.0,0.0,0.0,
2024-09-20,98608.47920054846,0.0,0.0,0.0,
2024-09-23,98608.47920054846,0.0,0.0,0.0,
2024-09-24,98608.47920054846,0.0,0.0,0.0,
2024-09-25,98608.47920054846,0.0,0.0,0.0,
2024-09-26,98608.47920054846,0.0,0.0,0.0,
2024-09-27,98608.47920054846,0.0,0.0,0.0,
2024-09-30,98608.47920054846,0.0,0.0,0.0,
2024-10-01,98608.47920054846,0.0,0.0,0.0,
2024-10-02,98608.47920054846,0.0,0.0,0.0,
2024-10-03,98608.47920054846,0.0,0.0,0.0,
2024-10-04,98608.47920054846,0.0,0.0,0.0,
2024-10-07,98608.47920054846,0.0,0.0,0.0,
2024-10-08,98608.47920054846,0.0,0.0,0.0,
2024-10-09,98608.47920054846,0.0,0.0,0.0,
2024-10-10,98608.47920054846,0.0,0.0,0.0,
2024-10-11,98608.47920054846,0.0,0.0,0.0,
2024-10-14,98608.47920054846,0.0,0.0,0.0,
2024-10-15,98608.47920054846,0.0,0.0,0.0,
2024-10-16,98608.47920054846,0.0,0.0,0.0,
2024-10-17,98608.47920054846,0.0,0.0,0.0,
2024-10-18,98608.47920054846,0.0,0.0,0.0,
2024-10-21,98608.47920054846,0.0,0.0,0.0,
2024-10-22,98608.47920054846,0.0,0.0,0.0,
2024-10-23,98608.47920054846,0.0,0.0,0.0,
2024-10-24,98608.47920054846,0.0,0.0,0.0,
2024-10-25,98608.47920054846,0.0,0.0,0.0,
2024-10-28,98608.47920054846,0.0,0.0,0.0,
2024-10-29,98608.47920054846,0.0,0.0,0.0,
2024-10-30,98608.47920054846,0.0,0.0,0.0,
2024-10-31,98608.47920054846,0.0,0.0,0.0,
2024-11-01,98608.47920054846,0.0,0.0,0.0,
2024-11-04,98608.47920054846,0.0,0.0,0.0,
2024-11-05,98608.47920054846,0.0,0.0,0.0,
2024-11-06,98608.47920054846,0.0,0.0,0.0,
2024-11-07,98608.47920054846,0.0,0.0,0.0,
2024-11-08,98608.47920054846,0.0,0.0,0.0,
2024-11-11,98608.47920054846,0.0,0.0,0.0,
2024-11-12,98608.47920054846,0.0,0.0,0.0,
2024-11-13,98608.47920054846,0.0,0.0,0.0,
2024-11-14,98608.47920054846,0.0,0.0,0.0,
2024-11-15,98608.47920054846,0.0,0.0,0.0,
2024-11-18,98608.47920054846,0.0,0.0,0.0,
2024-11-19,98608.47920054846,0.0,0.0,0.0,
2024-11-20,98608.47920054846,0.0,0.0,0.0,
2024-11-21,98608.47920054846,0.0,0.0,0.0,
2024-11-22,98608.47920054846,0.0,0.0,0.0,
2024-11-25,98608.47920054846,0.0,0.0,0.0,
2024-11-26,98608.47920054846,0.0,0.0,0.0,
2024-11-27,98608.47920054846,0.0,0.0,0.0,
2024-11-29,98608.47920054846,0.0,0.0,0.0,
2024-12-02,98608.47920054846,0.0,0.0,0.0,
2024-12-03,98608.47920054846,0.0,0.0,0.0,
2024-12-04,98608.47920054846,0.0,0.0,0.0,
2024-12-05,98608.47920054846,0.0,0.0,0.0,
2024-12-06,98608.47920054846,0.0,0.0,0.0,
2024-12-09,98608.47920054846,0.0,0.0,0.0,
2024-12-10,98608.47920054846,0.0,0.0,0.0,
2024-12-11,98608.47920054846,0.0,0.0,0.0,
2024-12-12,98608.47920054846,0.0,0.0,0.0,
2024-12-13,98608.47920054846,0.0,0.0,0.0,
2024-12-16,98608.47920054846,0.0,0.0,0.0,
2024-12-17,98608.47920054846,0.0,0.0,0.0,
2024-12-18,98608.47920054846,0.0,0.0,0.0,
2024-12-19,98608.47920054846,0.0,0.0,0.0,
2024-12-20,98608.47920054846,0.0,0.0,0.0,
2024-12-23,98608.47920054846,0.0,0.0,0.0,
2024-12-24,98608.47920054846,0.0,0.0,0.0,
2024-12-26,98608.47920054846,0.0,0.0,0.0,
2024-12-27,98608.47920054846,0.0,0.0,0.0,
2024-12-30,98608.47920054846,0.0,0.0,0.0,
2024-12-31,98608.47920054846,0.0,0.0,0.0,
