date,equity,return,gross_exposure,net_exposure,zscore
2012-01-03,100000.0,,0.0,0.0,
2012-01-04,100000.0,0.0,0.0,0.0,
2012-01-05,100000.0,0.0,0.0,0.0,
2012-01-06,100000.0,0.0,0.0,0.0,
2012-01-09,100000.0,0.0,0.0,0.0,
2012-01-10,100000.0,0.0,0.0,0.0,
2012-01-11,100000.0,0.0,0.0,0.0,
2012-01-12,100000.0,0.0,0.0,0.0,
2012-01-13,100000.0,0.0,0.0,0.0,
2012-01-17,100000.0,0.0,0.0,0.0,
2012-01-18,100000.0,0.0,0.0,0.0,
2012-01-19,100000.0,0.0,0.0,0.0,
2012-01-20,100000.0,0.0,0.0,0.0,
2012-01-23,100000.0,0.0,0.0,0.0,
2012-01-24,100000.0,0.0,0.0,0.0,
2012-01-25,100000.0,0.0,0.0,0.0,
2012-01-26,100000.0,0.0,0.0,0.0,
2012-01-27,100000.0,0.0,0.0,0.0,
2012-01-30,100000.0,0.0,0.0,0.0,
2012-01-31,100000.0,0.0,0.0,0.0,
2012-02-01,100000.0,0.0,0.0,0.0,
2012-02-02,100000.0,0.0,0.0,0.0,
2012-02-03,100000.0,0.0,0.0,0.0,
2012-02-06,100000.0,0.0,0.0,0.0,
2012-02-07,100000.0,0.0,0.0,0.0,
2012-02-08,100000.0,0.0,0.0,0.0,
2012-02-09,100000.0,0.0,0.0,0.0,
2012-02-10,100000.0,0.0,0.0,0.0,
2012-02-13,100000.0,0.0,0.0,0.0,
2012-02-14,100000.0,0.0,0.0,0.0,
2012-02-15,100000.0,0.0,0.0,0.0,
2012-02-16,100000.0,0.0,0.0,0.0,
2012-02-17,100000.0,0.0,0.0,0.0,
2012-02-21,100000.0,0.0,0.0,0.0,
2012-02-22,100000.0,0.0,0.0,0.0,
2012-02-23,100000.0,0.0,0.0,0.0,
2012-02-24,100000.0,0.0,0.0,0.0,
2012-02-27,100000.0,0.0,0.0,0.0,
2012-02-28,100000.0,0.0,0.0,0.0,
2012-02-29,100000.0,0.0,0.0,0.0,
2012-03-01,100000.0,0.0,0.0,0.0,
2012-03-02,100000.0,0.0,0.0,0.0,
2012-03-05,100000.0,0.0,0.0,0.0,
2012-03-06,100000.0,0.0,0.0,0.0,
2012-03-07,100000.0,0.0,0.0,0.0,
2012-03-08,100000.0,0.0,0.0,0.0,
2012-03-09,100000.0,0.0,0.0,0.0,
2012-03-12,100000.0,0.0,0.0,0.0,
2012-03-13,100000.0,0.0,0.0,0.0,
2012-03-14,100000.0,0.0,0.0,0.0,
2012-03-15,100000.0,0.0,0.0,0.0,
2012-03-16,100000.0,0.0,0.0,0.0,
2012-03-19,100000.0,0.0,0.0,0.0,
2012-03-20,100000.0,0.0,0.0,0.0,
2012-03-21,100000.0,0.0,0.0,0.0,
2012-03-22,100000.0,0.0,0.0,0.0,
2012-03-23,100000.0,0.0,0.0,0.0,
2012-03-26,100000.0,0.0,0.0,0.0,
2012-03-27,100000.0,0.0,0.0,0.0,
2012-03-28,100000.0,0.0,0.0,0.0,
2012-03-29,100000.0,0.0,0.0,0.0,
2012-03-30,100000.0,0.0,0.0,0.0,
2012-04-02,100000.0,0.0,0.0,0.0,
2012-04-03,100000.0,0.0,0.0,0.0,
2012-04-04,100000.0,0.0,0.0,0.0,
2012-04-05,100000.0,0.0,0.0,0.0,
2012-04-09,100000.0,0.0,0.0,0.0,
2012-04-10,100000.0,0.0,0.0,0.0,
2012-04-11,100000.0,0.0,0.0,0.0,
2012-04-12,100000.0,0.0,0.0,0.0,
2012-04-13,100000.0,0.0,0.0,0.0,
2012-04-16,100000.0,0.0,0.0,0.0,
2012-04-17,100000.0,0.0,0.0,0.0,
2012-04-18,100000.0,0.0,0.0,0.0,
2012-04-19,100000.0,0.0,0.0,0.0,
2012-04-20,100000.0,0.0,0.0,0.0,
2012-04-23,100000.0,0.0,0.0,0.0,
2012-04-24,100000.0,0.0,0.0,0.0,
2012-04-25,100000.0,0.0,0.0,0.0,
2012-04-26,100000.0,0.0,0.0,0.0,
2012-04-27,100000.0,0.0,0.0,0.0,
2012-04-30,100000.0,0.0,0.0,0.0,
2012-05-01,100000.0,0.0,0.0,0.0,
2012-05-02,100000.0,0.0,0.0,0.0,
2012-05-03,100000.0,0.0,0.0,0.0,
2012-05-04,100000.0,0.0,0.0,0.0,
2012-05-07,100000.0,0.0,0.0,0.0,
2012-05-08,100000.0,0.0,0.0,0.0,
2012-05-09,100000.0,0.0,0.0,0.0,
2012-05-10,100000.0,0.0,0.0,0.0,
2012-05-11,100000.0,0.0,0.0,0.0,
2012-05-14,100000.0,0.0,0.0,0.0,
2012-05-15,100000.0,0.0,0.0,0.0,
2012-05-16,100000.0,0.0,0.0,0.0,
2012-05-17,100000.0,0.0,0.0,0.0,
2012-05-18,100000.0,0.0,0.0,0.0,
2012-05-21,100000.0,0.0,0.0,0.0,
2012-05-22,100000.0,0.0,0.0,0.0,
2012-05-23,100000.0,0.0,0.0,0.0,
2012-05-24,100000.0,0.0,0.0,0.0,
2012-05-25,100000.0,0.0,0.0,0.0,
2012-05-29,100000.0,0.0,0.0,0.0,
2012-05-30,100000.0,0.0,0.0,0.0,
2012-05-31,100000.0,0.0,0.0,0.0,
2012-06-01,100000.0,0.0,0.0,0.0,
2012-06-04,100000.0,0.0,0.0,0.0,
2012-06-05,100000.0,0.0,0.0,0.0,
2012-06-06,100000.0,0.0,0.0,0.0,
2012-06-07,100000.0,0.0,0.0,0.0,
2012-06-08,100000.0,0.0,0.0,0.0,
2012-06-11,100000.0,0.0,0.0,0.0,
2012-06-12,100000.0,0.0,0.0,0.0,
2012-06-13,100000.0,0.0,0.0,0.0,
2012-06-14,100000.0,0.0,0.0,0.0,
2012-06-15,100000.0,0.0,0.0,0.0,
2012-06-18,100000.0,0.0,0.0,0.0,
2012-06-19,100000.0,0.0,0.0,0.0,
2012-06-20,100000.0,0.0,0.0,0.0,
2012-06-21,100000.0,0.0,0.0,0.0,
2012-06-22,100000.0,0.0,0.0,0.0,
2012-06-25,100000.0,0.0,0.0,0.0,
2012-06-26,100000.0,0.0,0.0,0.0,
2012-06-27,100000.0,0.0,0.0,0.0,
2012-06-28,100000.0,0.0,0.0,0.0,
2012-06-29,100000.0,0.0,0.0,0.0,
2012-07-02,100000.0,0.0,0.0,0.0,
2012-07-03,100000.0,0.0,0.0,0.0,
2012-07-05,100000.0,0.0,0.0,0.0,
2012-07-06,100000.0,0.0,0.0,0.0,
2012-07-09,100000.0,0.0,0.0,0.0,
2012-07-10,100000.0,0.0,0.0,0.0,
2012-07-11,100000.0,0.0,0.0,0.0,
2012-07-12,100000.0,0.0,0.0,0.0,
2012-07-13,100000.0,0.0,0.0,0.0,
2012-07-16,100000.0,0.0,0.0,0.0,
2012-07-17,100000.0,0.0,0.0,0.0,
2012-07-18,100000.0,0.0,0.0,0.0,
2012-07-19,100000.0,0.0,0.0,0.0,
2012-07-20,100000.0,0.0,0.0,0.0,
2012-07-23,100000.0,0.0,0.0,0.0,
2012-07-24,100000.0,0.0,0.0,0.0,
2012-07-25,100000.0,0.0,0.0,0.0,
2012-07-26,100000.0,0.0,0.0,0.0,
2012-07-27,100000.0,0.0,0.0,0.0,
2012-07-30,100000.0,0.0,0.0,0.0,
2012-07-31,100000.0,0.0,0.0,0.0,
2012-08-01,100000.0,0.0,0.0,0.0,
2012-08-02,100000.0,0.0,0.0,0.0,
2012-08-03,100000.0,0.0,0.0,0.0,
2012-08-06,100000.0,0.0,0.0,0.0,
2012-08-07,100000.0,0.0,0.0,0.0,
2012-08-08,100000.0,0.0,0.0,0.0,
2012-08-09,100000.0,0.0,0.0,0.0,
2012-08-10,100000.0,0.0,0.0,0.0,
2012-08-13,100000.0,0.0,0.0,0.0,
2012-08-14,100000.0,0.0,0.0,0.0,
2012-08-15,100000.0,0.0,0.0,0.0,
2012-08-16,100000.0,0.0,0.0,0.0,
2012-08-17,100000.0,0.0,0.0,0.0,
2012-08-20,100000.0,0.0,0.0,0.0,
2012-08-21,100000.0,0.0,0.0,0.0,
2012-08-22,100000.0,0.0,0.0,0.0,
2012-08-23,100000.0,0.0,0.0,0.0,
2012-08-24,100000.0,0.0,0.0,0.0,
2012-08-27,100000.0,0.0,0.0,0.0,
2012-08-28,100000.0,0.0,0.0,0.0,
2012-08-29,100000.0,0.0,0.0,0.0,
2012-08-30,100000.0,0.0,0.0,0.0,
2012-08-31,100000.0,0.0,0.0,0.0,
2012-09-04,100000.0,0.0,0.0,0.0,
2012-09-05,100000.0,0.0,0.0,0.0,
2012-09-06,100000.0,0.0,0.0,0.0,
2012-09-07,100000.0,0.0,0.0,0.0,
2012-09-10,100000.0,0.0,0.0,0.0,
2012-09-11,100000.0,0.0,0.0,0.0,
2012-09-12,100000.0,0.0,0.0,0.0,
2012-09-13,100000.0,0.0,0.0,0.0,
2012-09-14,100000.0,0.0,0.0,0.0,
2012-09-17,100000.0,0.0,0.0,0.0,
2012-09-18,100000.0,0.0,0.0,0.0,
2012-09-19,100000.0,0.0,0.0,0.0,
2012-09-20,100000.0,0.0,0.0,0.0,
2012-09-21,100000.0,0.0,0.0,0.0,
2012-09-24,100000.0,0.0,0.0,0.0,
2012-09-25,100000.0,0.0,0.0,0.0,
2012-09-26,100000.0,0.0,0.0,0.0,
2012-09-27,100000.0,0.0,0.0,0.0,
2012-09-28,100000.0,0.0,0.0,0.0,
2012-10-01,100000.0,0.0,0.0,0.0,
2012-10-02,100000.0,0.0,0.0,0.0,
2012-10-03,100000.0,0.0,0.0,0.0,
2012-10-04,100000.0,0.0,0.0,0.0,
2012-10-05,100000.0,0.0,0.0,0.0,
2012-10-08,100000.0,0.0,0.0,0.0,
2012-10-09,100000.0,0.0,0.0,0.0,
2012-10-10,100000.0,0.0,0.0,0.0,
2012-10-11,100000.0,0.0,0.0,0.0,
2012-10-12,100000.0,0.0,0.0,0.0,
2012-10-15,100000.0,0.0,0.0,0.0,
2012-10-16,100000.0,0.0,0.0,0.0,
2012-10-17,100000.0,0.0,0.0,0.0,
2012-10-18,100000.0,0.0,0.0,0.0,
2012-10-19,100000.0,0.0,0.0,0.0,
2012-10-22,100000.0,0.0,0.0,0.0,
2012-10-23,100000.0,0.0,0.0,0.0,
2012-10-24,100000.0,0.0,0.0,0.0,
2012-10-25,100000.0,0.0,0.0,0.0,
2012-10-26,100000.0,0.0,0.0,0.0,
2012-10-31,100000.0,0.0,0.0,0.0,
2012-11-01,100000.0,0.0,0.0,0.0,
2012-11-02,100000.0,0.0,0.0,0.0,
2012-11-05,100000.0,0.0,0.0,0.0,
2012-11-06,100000.0,0.0,0.0,0.0,
2012-11-07,100000.0,0.0,0.0,0.0,
2012-11-08,100000.0,0.0,0.0,0.0,
2012-11-09,100000.0,0.0,0.0,0.0,
2012-11-12,100000.0,0.0,0.0,0.0,
2012-11-13,100000.0,0.0,0.0,0.0,
2012-11-14,100000.0,0.0,0.0,0.0,
2012-11-15,100000.0,0.0,0.0,0.0,
2012-11-16,100000.0,0.0,0.0,0.0,
2012-11-19,100000.0,0.0,0.0,0.0,
2012-11-20,100000.0,0.0,0.0,0.0,
2012-11-21,100000.0,0.0,0.0,0.0,
2012-11-23,100000.0,0.0,0.0,0.0,
2012-11-26,100000.0,0.0,0.0,0.0,
2012-11-27,100000.0,0.0,0.0,0.0,
2012-11-28,100000.0,0.0,0.0,0.0,
2012-11-29,100000.0,0.0,0.0,0.0,
2012-11-30,100000.0,0.0,0.0,0.0,
2012-12-03,100000.0,0.0,0.0,0.0,
2012-12-04,100000.0,0.0,0.0,0.0,
2012-12-05,100000.0,0.0,0.0,0.0,
2012-12-06,100000.0,0.0,0.0,0.0,
2012-12-07,100000.0,0.0,0.0,0.0,
2012-12-10,100000.0,0.0,0.0,0.0,
2012-12-11,100000.0,0.0,0.0,0.0,
2012-12-12,100000.0,0.0,0.0,0.0,
2012-12-13,100000.0,0.0,0.0,0.0,
2012-12-14,100000.0,0.0,0.0,0.0,
2012-12-17,100000.0,0.0,0.0,0.0,
2012-12-18,100000.0,0.0,0.0,0.0,
2012-12-19,100000.0,0.0,0.0,0.0,
2012-12-20,100000.0,0.0,0.0,0.0,
2012-12-21,100000.0,0.0,0.0,0.0,
2012-12-24,100000.0,0.0,0.0,0.0,
2012-12-26,100000.0,0.0,0.0,0.0,
2012-12-27,100000.0,0.0,0.0,0.0,
2012-12-28,100000.0,0.0,0.0,0.0,
2012-12-31,100000.0,0.0,0.0,0.0,
2013-01-02,100000.0,0.0,0.0,0.0,
2013-01-03,100000.0,0.0,0.0,0.0,
2013-01-04,100000.0,0.0,0.0,0.0,
2013-01-07,100000.0,0.0,0.0,0.0,
2013-01-08,100000.0,0.0,0.0,0.0,
2013-01-09,100000.0,0.0,0.0,0.0,
2013-01-10,100000.0,0.0,0.0,0.0,
2013-01-11,100000.0,0.0,0.0,0.0,
2013-01-14,100000.0,0.0,0.0,0.0,
2013-01-15,100000.0,0.0,0.0,0.0,
2013-01-16,100000.0,0.0,0.0,0.0,
2013-01-17,100000.0,0.0,0.0,0.0,
2013-01-18,100000.0,0.0,0.0,0.0,
2013-01-22,100000.0,0.0,0.0,0.0,
2013-01-23,100000.0,0.0,0.0,0.0,
2013-01-24,100000.0,0.0,0.0,0.0,
2013-01-25,100000.0,0.0,0.0,0.0,
2013-01-28,100000.0,0.0,0.0,0.0,
2013-01-29,100000.0,0.0,0.0,0.0,
2013-01-30,100000.0,0.0,0.0,0.0,
2013-01-31,100000.0,0.0,0.0,0.0,
2013-02-01,100000.0,0.0,0.0,0.0,
2013-02-04,100000.0,0.0,0.0,0.0,
2013-02-05,100000.0,0.0,0.0,0.0,
2013-02-06,100000.0,0.0,0.0,0.0,
2013-02-07,100000.0,0.0,0.0,0.0,
2013-02-08,100000.0,0.0,0.0,0.0,
2013-02-11,100000.0,0.0,0.0,0.0,
2013-02-12,100000.0,0.0,0.0,0.0,
2013-02-13,100000.0,0.0,0.0,0.0,
2013-02-14,100000.0,0.0,0.0,0.0,
2013-02-15,100000.0,0.0,0.0,0.0,
2013-02-19,100000.0,0.0,0.0,0.0,
2013-02-20,100000.0,0.0,0.0,0.0,
2013-02-21,100000.0,0.0,0.0,0.0,
2013-02-22,100000.0,0.0,0.0,0.0,
2013-02-25,100000.0,0.0,0.0,0.0,
2013-02-26,100000.0,0.0,0.0,0.0,
2013-02-27,100000.0,0.0,0.0,0.0,
2013-02-28,100000.0,0.0,0.0,0.0,
2013-03-01,100000.0,0.0,0.0,0.0,
2013-03-04,100000.0,0.0,0.0,0.0,
2013-03-05,100000.0,0.0,0.0,0.0,
2013-03-06,100000.0,0.0,0.0,0.0,
2013-03-07,100000.0,0.0,0.0,0.0,
2013-03-08,100000.0,0.0,0.0,0.0,
2013-03-11,100000.0,0.0,0.0,0.0,
2013-03-12,100000.0,0.0,0.0,0.0,
2013-03-13,100000.0,0.0,0.0,0.0,
2013-03-14,100000.0,0.0,0.0,0.0,
2013-03-15,100000.0,0.0,0.0,0.0,
2013-03-18,100000.0,0.0,0.0,0.0,
2013-03-19,100000.0,0.0,0.0,0.0,
2013-03-20,100000.0,0.0,0.0,0.0,
2013-03-21,100000.0,0.0,0.0,0.0,
2013-03-22,100000.0,0.0,0.0,0.0,
2013-03-25,100000.0,0.0,0.0,0.0,
2013-03-26,100000.0,0.0,0.0,0.0,
2013-03-27,100000.0,0.0,0.0,0.0,
2013-03-28,100000.0,0.0,0.0,0.0,
2013-04-01,100000.0,0.0,0.0,0.0,
2013-04-02,100000.0,0.0,0.0,0.0,
2013-04-03,100000.0,0.0,0.0,0.0,
2013-04-04,100000.0,0.0,0.0,0.0,
2013-04-05,100000.0,0.0,0.0,0.0,
2013-04-08,100000.0,0.0,0.0,0.0,
2013-04-09,100000.0,0.0,0.0,0.0,
2013-04-10,100000.0,0.0,0.0,0.0,
2013-04-11,100000.0,0.0,0.0,0.0,
2013-04-12,100000.0,0.0,0.0,0.0,
2013-04-15,100000.0,0.0,0.0,0.0,
2013-04-16,100000.0,0.0,0.0,0.0,
2013-04-17,100000.0,0.0,0.0,0.0,
2013-04-18,100000.0,0.0,0.0,0.0,
2013-04-19,100000.0,0.0,0.0,0.0,
2013-04-22,100000.0,0.0,0.0,0.0,
2013-04-23,100000.0,0.0,0.0,0.0,
2013-04-24,100000.0,0.0,0.0,0.0,
2013-04-25,100000.0,0.0,0.0,0.0,
2013-04-26,100000.0,0.0,0.0,0.0,
2013-04-29,100000.0,0.0,0.0,0.0,
2013-04-30,100000.0,0.0,0.0,0.0,
2013-05-01,100000.0,0.0,0.0,0.0,
2013-05-02,100000.0,0.0,0.0,0.0,
2013-05-03,100000.0,0.0,0.0,0.0,
2013-05-06,100000.0,0.0,0.0,0.0,
2013-05-07,100000.0,0.0,0.0,0.0,
2013-05-08,100000.0,0.0,0.0,0.0,
2013-05-09,100000.0,0.0,0.0,0.0,
2013-05-10,100000.0,0.0,0.0,0.0,
2013-05-13,100000.0,0.0,0.0,0.0,
2013-05-14,100000.0,0.0,0.0,0.0,
2013-05-15,100000.0,0.0,0.0,0.0,
2013-05-16,100000.0,0.0,0.0,0.0,
2013-05-17,100000.0,0.0,0.0,0.0,
2013-05-20,100000.0,0.0,0.0,0.0,
2013-05-21,100000.0,0.0,0.0,0.0,
2013-05-22,100000.0,0.0,0.0,0.0,
2013-05-23,100000.0,0.0,0.0,0.0,
2013-05-24,100000.0,0.0,0.0,0.0,
2013-05-28,100000.0,0.0,0.0,0.0,
2013-05-29,100000.0,0.0,0.0,0.0,
2013-05-30,100000.0,0.0,0.0,0.0,
2013-05-31,100000.0,0.0,0.0,0.0,
2013-06-03,100000.0,0.0,0.0,0.0,
2013-06-04,100000.0,0.0,0.0,0.0,
2013-06-05,100000.0,0.0,0.0,0.0,
2013-06-06,100000.0,0.0,0.0,0.0,
2013-06-07,100000.0,0.0,0.0,0.0,
2013-06-10,100000.0,0.0,0.0,0.0,
2013-06-11,100000.0,0.0,0.0,0.0,
2013-06-12,100000.0,0.0,0.0,0.0,
2013-06-13,100000.0,0.0,0.0,0.0,
2013-06-14,100000.0,0.0,0.0,0.0,
2013-06-17,100000.0,0.0,0.0,0.0,
2013-06-18,100000.0,0.0,0.0,0.0,
2013-06-19,100000.0,0.0,0.0,0.0,
2013-06-20,100000.0,0.0,0.0,0.0,
2013-06-21,100000.0,0.0,0.0,0.0,
2013-06-24,100000.0,0.0,0.0,0.0,
2013-06-25,100000.0,0.0,0.0,0.0,
2013-06-26,100000.0,0.0,0.0,0.0,
2013-06-27,100000.0,0.0,0.0,0.0,
2013-06-28,100000.0,0.0,0.0,0.0,
2013-07-01,100000.0,0.0,0.0,0.0,
2013-07-02,100000.0,0.0,0.0,0.0,
2013-07-03,100000.0,0.0,0.0,0.0,
2013-07-05,100000.0,0.0,0.0,0.0,
2013-07-08,100000.0,0.0,0.0,0.0,
2013-07-09,100000.0,0.0,0.0,0.0,
2013-07-10,100000.0,0.0,0.0,0.0,
2013-07-11,100000.0,0.0,0.0,0.0,
2013-07-12,100000.0,0.0,0.0,0.0,
2013-07-15,100000.0,0.0,0.0,0.0,
2013-07-16,100000.0,0.0,0.0,0.0,
2013-07-17,100000.0,0.0,0.0,0.0,
2013-07-18,100000.0,0.0,0.0,0.0,
2013-07-19,100000.0,0.0,0.0,0.0,
2013-07-22,100000.0,0.0,0.0,0.0,
2013-07-23,100000.0,0.0,0.0,0.0,
2013-07-24,100000.0,0.0,0.0,0.0,
2013-07-25,100000.0,0.0,0.0,0.0,
2013-07-26,100000.0,0.0,0.0,0.0,
2013-07-29,100000.0,0.0,0.0,0.0,
2013-07-30,100000.0,0.0,0.0,0.0,
2013-07-31,100000.0,0.0,0.0,0.0,
2013-08-01,100000.0,0.0,0.0,0.0,
2013-08-02,100000.0,0.0,0.0,0.0,
2013-08-05,100000.0,0.0,0.0,0.0,
2013-08-06,100000.0,0.0,0.0,0.0,
2013-08-07,100000.0,0.0,0.0,0.0,
2013-08-08,100000.0,0.0,0.0,0.0,
2013-08-09,100000.0,0.0,0.0,0.0,
2013-08-12,100000.0,0.0,0.0,0.0,
2013-08-13,100000.0,0.0,0.0,0.0,
2013-08-14,100000.0,0.0,0.0,0.0,
2013-08-15,100000.0,0.0,0.0,0.0,
2013-08-16,100000.0,0.0,0.0,0.0,
2013-08-19,100000.0,0.0,0.0,0.0,
2013-08-20,100000.0,0.0,0.0,0.0,
2013-08-21,100000.0,0.0,0.0,0.0,
2013-08-22,100000.0,0.0,0.0,0.0,
2013-08-23,100000.0,0.0,0.0,0.0,
2013-08-26,100000.0,0.0,0.0,0.0,
2013-08-27,100000.0,0.0,0.0,0.0,
2013-08-28,100000.0,0.0,0.0,0.0,
2013-08-29,100000.0,0.0,0.0,0.0,
2013-08-30,100000.0,0.0,0.0,0.0,
2013-09-03,100000.0,0.0,0.0,0.0,
2013-09-04,100000.0,0.0,0.0,0.0,
2013-09-05,100000.0,0.0,0.0,0.0,
2013-09-06,100000.0,0.0,0.0,0.0,
2013-09-09,100000.0,0.0,0.0,0.0,
2013-09-10,100000.0,0.0,0.0,0.0,
2013-09-11,100000.0,0.0,0.0,0.0,
2013-09-12,100000.0,0.0,0.0,0.0,
2013-09-13,100000.0,0.0,0.0,0.0,
2013-09-16,100000.0,0.0,0.0,0.0,
2013-09-17,100000.0,0.0,0.0,0.0,
2013-09-18,100000.0,0.0,0.0,0.0,
2013-09-19,100000.0,0.0,0.0,0.0,
2013-09-20,100000.0,0.0,0.0,0.0,
2013-09-23,100000.0,0.0,0.0,0.0,
2013-09-24,100000.0,0.0,0.0,0.0,
2013-09-25,100000.0,0.0,0.0,0.0,
2013-09-26,100000.0,0.0,0.0,0.0,
2013-09-27,100000.0,0.0,0.0,0.0,
2013-09-30,100000.0,0.0,0.0,0.0,
2013-10-01,100000.0,0.0,0.0,0.0,
2013-10-02,100000.0,0.0,0.0,0.0,
2013-10-03,100000.0,0.0,0.0,0.0,
2013-10-04,100000.0,0.0,0.0,0.0,
2013-10-07,100000.0,0.0,0.0,0.0,
2013-10-08,100000.0,0.0,0.0,0.0,
2013-10-09,100000.0,0.0,0.0,0.0,
2013-10-10,100000.0,0.0,0.0,0.0,
2013-10-11,100000.0,0.0,0.0,0.0,
2013-10-14,100000.0,0.0,0.0,0.0,
2013-10-15,100000.0,0.0,0.0,0.0,
2013-10-16,100000.0,0.0,0.0,0.0,
2013-10-17,100000.0,0.0,0.0,0.0,
2013-10-18,100000.0,0.0,0.0,0.0,
2013-10-21,100000.0,0.0,0.0,0.0,
2013-10-22,100000.0,0.0,0.0,0.0,
2013-10-23,100000.0,0.0,0.0,0.0,
2013-10-24,100000.0,0.0,0.0,0.0,
2013-10-25,100000.0,0.0,0.0,0.0,
2013-10-28,100000.0,0.0,0.0,0.0,
2013-10-29,100000.0,0.0,0.0,0.0,
2013-10-30,100000.0,0.0,0.0,0.0,
2013-10-31,100000.0,0.0,0.0,0.0,
2013-11-01,100000.0,0.0,0.0,0.0,
2013-11-04,100000.0,0.0,0.0,0.0,
2013-11-05,100000.0,0.0,0.0,0.0,
2013-11-06,100000.0,0.0,0.0,0.0,
2013-11-07,100000.0,0.0,0.0,0.0,
2013-11-08,100000.0,0.0,0.0,0.0,
2013-11-11,100000.0,0.0,0.0,0.0,
2013-11-12,100000.0,0.0,0.0,0.0,
2013-11-13,100000.0,0.0,0.0,0.0,
2013-11-14,100000.0,0.0,0.0,0.0,
2013-11-15,100000.0,0.0,0.0,0.0,
2013-11-18,100000.0,0.0,0.0,0.0,
2013-11-19,100000.0,0.0,0.0,0.0,
2013-11-20,100000.0,0.0,0.0,0.0,
2013-11-21,100000.0,0.0,0.0,0.0,
2013-11-22,100000.0,0.0,0.0,0.0,
2013-11-25,100000.0,0.0,0.0,0.0,
2013-11-26,100000.0,0.0,0.0,0.0,
2013-11-27,100000.0,0.0,0.0,0.0,
2013-11-29,100000.0,0.0,0.0,0.0,
2013-12-02,100000.0,0.0,0.0,0.0,
2013-12-03,100000.0,0.0,0.0,0.0,
2013-12-04,100000.0,0.0,0.0,0.0,
2013-12-05,100000.0,0.0,0.0,0.0,
2013-12-06,100000.0,0.0,0.0,0.0,
2013-12-09,100000.0,0.0,0.0,0.0,
2013-12-10,100000.0,0.0,0.0,0.0,
2013-12-11,100000.0,0.0,0.0,0.0,
2013-12-12,100000.0,0.0,0.0,0.0,
2013-12-13,100000.0,0.0,0.0,0.0,
2013-12-16,100000.0,0.0,0.0,0.0,
2013-12-17,100000.0,0.0,0.0,0.0,
2013-12-18,100000.0,0.0,0.0,0.0,
2013-12-19,100000.0,0.0,0.0,0.0,
2013-12-20,100000.0,0.0,0.0,0.0,
2013-12-23,100000.0,0.0,0.0,0.0,
2013-12-24,100000.0,0.0,0.0,0.0,
2013-12-26,100000.0,0.0,0.0,0.0,
2013-12-27,100000.0,0.0,0.0,0.0,
2013-12-30,100000.0,0.0,0.0,0.0,
2013-12-31,100000.0,0.0,0.0,0.0,
2014-01-02,100000.0,0.0,0.0,0.0,
2014-01-03,100000.0,0.0,0.0,0.0,
2014-01-06,100000.0,0.0,0.0,0.0,
2014-01-07,100000.0,0.0,0.0,0.0,
2014-01-08,100000.0,0.0,0.0,0.0,
2014-01-09,100000.0,0.0,0.0,0.0,
2014-01-10,100000.0,0.0,0.0,0.0,
2014-01-13,100000.0,0.0,0.0,0.0,
2014-01-14,100000.0,0.0,0.0,0.0,
2014-01-15,100000.0,0.0,0.0,0.0,
2014-01-16,100000.0,0.0,0.0,0.0,
2014-01-17,100000.0,0.0,0.0,0.0,
2014-01-21,100000.0,0.0,0.0,0.0,
2014-01-22,100000.0,0.0,0.0,0.0,
2014-01-23,100000.0,0.0,0.0,0.0,
2014-01-24,100000.0,0.0,0.0,0.0,
2014-01-27,100000.0,0.0,0.0,0.0,
2014-01-28,100000.0,0.0,0.0,0.0,
2014-01-29,100000.0,0.0,0.0,0.0,
2014-01-30,100000.0,0.0,0.0,0.0,
2014-01-31,100000.0,0.0,0.0,0.0,
2014-02-03,100000.0,0.0,0.0,0.0,
2014-02-04,100000.0,0.0,0.0,0.0,
2014-02-05,100000.0,0.0,0.0,0.0,
2014-02-06,100000.0,0.0,0.0,0.0,
2014-02-07,100000.0,0.0,0.0,0.0,
2014-02-10,100000.0,0.0,0.0,0.0,
2014-02-11,100000.0,0.0,0.0,0.0,
2014-02-12,100000.0,0.0,0.0,0.0,
2014-02-13,100000.0,0.0,0.0,0.0,
2014-02-14,100000.0,0.0,0.0,0.0,
2014-02-18,100000.0,0.0,0.0,0.0,
2014-02-19,100000.0,0.0,0.0,0.0,
2014-02-20,100000.0,0.0,0.0,0.0,
2014-02-21,100000.0,0.0,0.0,0.0,
2014-02-24,100000.0,0.0,0.0,0.0,
2014-02-25,100000.0,0.0,0.0,0.0,
2014-02-26,100000.0,0.0,0.0,0.0,
2014-02-27,100000.0,0.0,0.0,0.0,
2014-02-28,100000.0,0.0,0.0,0.0,
2014-03-03,100000.0,0.0,0.0,0.0,
2014-03-04,100000.0,0.0,0.0,0.0,
2014-03-05,100000.0,0.0,0.0,0.0,
2014-03-06,100000.0,0.0,0.0,0.0,
2014-03-07,100000.0,0.0,0.0,0.0,
2014-03-10,100000.0,0.0,0.0,0.0,
2014-03-11,100000.0,0.0,0.0,0.0,
2014-03-12,100000.0,0.0,0.0,0.0,
2014-03-13,100000.0,0.0,0.0,0.0,
2014-03-14,100000.0,0.0,0.0,0.0,
2014-03-17,100000.0,0.0,0.0,0.0,
2014-03-18,100000.0,0.0,0.0,0.0,
2014-03-19,100000.0,0.0,0.0,0.0,
2014-03-20,100000.0,0.0,0.0,0.0,
2014-03-21,100000.0,0.0,0.0,0.0,
2014-03-24,100000.0,0.0,0.0,0.0,
2014-03-25,100000.0,0.0,0.0,0.0,
2014-03-26,100000.0,0.0,0.0,0.0,
2014-03-27,100000.0,0.0,0.0,0.0,
2014-03-28,100000.0,0.0,0.0,0.0,
2014-03-31,100000.0,0.0,0.0,0.0,
2014-04-01,100000.0,0.0,0.0,0.0,
2014-04-02,100000.0,0.0,0.0,0.0,
2014-04-03,100000.0,0.0,0.0,0.0,
2014-04-04,100000.0,0.0,0.0,0.0,
2014-04-07,100000.0,0.0,0.0,0.0,
2014-04-08,100000.0,0.0,0.0,0.0,
2014-04-09,100000.0,0.0,0.0,0.0,
2014-04-10,100000.0,0.0,0.0,0.0,
2014-04-11,100000.0,0.0,0.0,0.0,
2014-04-14,100000.0,0.0,0.0,0.0,
2014-04-15,100000.0,0.0,0.0,0.0,
2014-04-16,100000.0,0.0,0.0,0.0,
2014-04-17,100000.0,0.0,0.0,0.0,
2014-04-21,100000.0,0.0,0.0,0.0,
2014-04-22,100000.0,0.0,0.0,0.0,
2014-04-23,100000.0,0.0,0.0,0.0,
2014-04-24,100000.0,0.0,0.0,0.0,
2014-04-25,100000.0,0.0,0.0,0.0,
2014-04-28,100000.0,0.0,0.0,0.0,
2014-04-29,100000.0,0.0,0.0,0.0,
2014-04-30,100000.0,0.0,0.0,0.0,
2014-05-01,100000.0,0.0,0.0,0.0,
2014-05-02,100000.0,0.0,0.0,0.0,
2014-05-05,100000.0,0.0,0.0,0.0,
2014-05-06,100000.0,0.0,0.0,0.0,
2014-05-07,100000.0,0.0,0.0,0.0,
2014-05-08,100000.0,0.0,0.0,0.0,
2014-05-09,100000.0,0.0,0.0,0.0,
2014-05-12,100000.0,0.0,0.0,0.0,
2014-05-13,100000.0,0.0,0.0,0.0,
2014-05-14,100000.0,0.0,0.0,0.0,
2014-05-15,100000.0,0.0,0.0,0.0,
2014-05-16,100000.0,0.0,0.0,0.0,
2014-05-19,100000.0,0.0,0.0,0.0,
2014-05-20,100000.0,0.0,0.0,0.0,
2014-05-21,100000.0,0.0,0.0,0.0,
2014-05-22,100000.0,0.0,0.0,0.0,
2014-05-23,100000.0,0.0,0.0,0.0,
2014-05-27,100000.0,0.0,0.0,0.0,
2014-05-28,100000.0,0.0,0.0,0.0,
2014-05-29,100000.0,0.0,0.0,0.0,
2014-05-30,100000.0,0.0,0.0,0.0,
2014-06-02,100000.0,0.0,0.0,0.0,
2014-06-03,100000.0,0.0,0.0,0.0,
2014-06-04,100000.0,0.0,0.0,0.0,
2014-06-05,100000.0,0.0,0.0,0.0,
2014-06-06,100000.0,0.0,0.0,0.0,
2014-06-09,100000.0,0.0,0.0,0.0,
2014-06-10,100000.0,0.0,0.0,0.0,
2014-06-11,100000.0,0.0,0.0,0.0,
2014-06-12,100000.0,0.0,0.0,0.0,
2014-06-13,100000.0,0.0,0.0,0.0,
2014-06-16,100000.0,0.0,0.0,0.0,
2014-06-17,100000.0,0.0,0.0,0.0,
2014-06-18,100000.0,0.0,0.0,0.0,
2014-06-19,100000.0,0.0,0.0,0.0,
2014-06-20,100000.0,0.0,0.0,0.0,
2014-06-23,100000.0,0.0,0.0,0.0,
2014-06-24,100000.0,0.0,0.0,0.0,
2014-06-25,100000.0,0.0,0.0,0.0,
2014-06-26,100000.0,0.0,0.0,0.0,
2014-06-27,100000.0,0.0,0.0,0.0,
2014-06-30,100000.0,0.0,0.0,0.0,
2014-07-01,100000.0,0.0,0.0,0.0,
2014-07-02,100000.0,0.0,0.0,0.0,
2014-07-03,100000.0,0.0,0.0,0.0,
2014-07-07,100000.0,0.0,0.0,0.0,
2014-07-08,100000.0,0.0,0.0,0.0,
2014-07-09,100000.0,0.0,0.0,0.0,
2014-07-10,100000.0,0.0,0.0,0.0,
2014-07-11,100000.0,0.0,0.0,0.0,
2014-07-14,100000.0,0.0,0.0,0.0,
2014-07-15,100000.0,0.0,0.0,0.0,
2014-07-16,100000.0,0.0,0.0,0.0,
2014-07-17,100000.0,0.0,0.0,0.0,
2014-07-18,100000.0,0.0,0.0,0.0,
2014-07-21,100000.0,0.0,0.0,0.0,
2014-07-22,100000.0,0.0,0.0,0.0,
2014-07-23,100000.0,0.0,0.0,0.0,
2014-07-24,100000.0,0.0,0.0,0.0,
2014-07-25,100000.0,0.0,0.0,0.0,
2014-07-28,100000.0,0.0,0.0,0.0,
2014-07-29,100000.0,0.0,0.0,0.0,
2014-07-30,100000.0,0.0,0.0,0.0,
2014-07-31,100000.0,0.0,0.0,0.0,
2014-08-01,100000.0,0.0,0.0,0.0,
2014-08-04,100000.0,0.0,0.0,0.0,
2014-08-05,100000.0,0.0,0.0,0.0,
2014-08-06,100000.0,0.0,0.0,0.0,
2014-08-07,100000.0,0.0,0.0,0.0,
2014-08-08,100000.0,0.0,0.0,0.0,
2014-08-11,100000.0,0.0,0.0,0.0,
2014-08-12,100000.0,0.0,0.0,0.0,
2014-08-13,100000.0,0.0,0.0,0.0,
2014-08-14,100000.0,0.0,0.0,0.0,
2014-08-15,100000.0,0.0,0.0,0.0,
2014-08-18,100000.0,0.0,0.0,0.0,
2014-08-19,100000.0,0.0,0.0,0.0,
2014-08-20,100000.0,0.0,0.0,0.0,
2014-08-21,100000.0,0.0,0.0,0.0,
2014-08-22,100000.0,0.0,0.0,0.0,
2014-08-25,100000.0,0.0,0.0,0.0,
2014-08-26,100000.0,0.0,0.0,0.0,
2014-08-27,100000.0,0.0,0.0,0.0,
2014-08-28,100000.0,0.0,0.0,0.0,
2014-08-29,100000.0,0.0,0.0,0.0,
2014-09-02,100000.0,0.0,0.0,0.0,
2014-09-03,100000.0,0.0,0.0,0.0,
2014-09-04,100000.0,0.0,0.0,0.0,
2014-09-05,100000.0,0.0,0.0,0.0,
2014-09-08,100000.0,0.0,0.0,0.0,
2014-09-09,100000.0,0.0,0.0,0.0,
2014-09-10,100000.0,0.0,0.0,0.0,
2014-09-11,100000.0,0.0,0.0,0.0,
2014-09-12,100000.0,0.0,0.0,0.0,
2014-09-15,100000.0,0.0,0.0,0.0,
2014-09-16,100000.0,0.0,0.0,0.0,
2014-09-17,100000.0,0.0,0.0,0.0,
2014-09-18,100000.0,0.0,0.0,0.0,
2014-09-19,100000.0,0.0,0.0,0.0,
2014-09-22,100000.0,0.0,0.0,0.0,
2014-09-23,100000.0,0.0,0.0,0.0,
2014-09-24,100000.0,0.0,0.0,0.0,
2014-09-25,100000.0,0.0,0.0,0.0,
2014-09-26,100000.0,0.0,0.0,0.0,
2014-09-29,100000.0,0.0,0.0,0.0,
2014-09-30,100000.0,0.0,0.0,0.0,
2014-10-01,100000.0,0.0,0.0,0.0,
2014-10-02,100000.0,0.0,0.0,0.0,
2014-10-03,100000.0,0.0,0.0,0.0,
2014-10-06,100000.0,0.0,0.0,0.0,
2014-10-07,100000.0,0.0,0.0,0.0,
2014-10-08,100000.0,0.0,0.0,0.0,
2014-10-09,100000.0,0.0,0.0,0.0,
2014-10-10,100000.0,0.0,0.0,0.0,
2014-10-13,100000.0,0.0,0.0,0.0,
2014-10-14,100000.0,0.0,0.0,0.0,
2014-10-15,100000.0,0.0,0.0,0.0,
2014-10-16,100000.0,0.0,0.0,0.0,
2014-10-17,100000.0,0.0,0.0,0.0,
2014-10-20,100000.0,0.0,0.0,0.0,
2014-10-21,100000.0,0.0,0.0,0.0,
2014-10-22,100000.0,0.0,0.0,0.0,
2014-10-23,100000.0,0.0,0.0,0.0,
2014-10-24,100000.0,0.0,0.0,0.0,
2014-10-27,100000.0,0.0,0.0,0.0,
2014-10-28,100000.0,0.0,0.0,0.0,
2014-10-29,100000.0,0.0,0.0,0.0,
2014-10-30,100000.0,0.0,0.0,0.0,
2014-10-31,100000.0,0.0,0.0,0.0,
2014-11-03,100000.0,0.0,0.0,0.0,
2014-11-04,100000.0,0.0,0.0,0.0,
2014-11-05,100000.0,0.0,0.0,0.0,
2014-11-06,100000.0,0.0,0.0,0.0,
2014-11-07,100000.0,0.0,0.0,0.0,
2014-11-10,100000.0,0.0,0.0,0.0,
2014-11-11,100000.0,0.0,0.0,0.0,
2014-11-12,100000.0,0.0,0.0,0.0,
2014-11-13,100000.0,0.0,0.0,0.0,
2014-11-14,100000.0,0.0,0.0,0.0,
2014-11-17,100000.0,0.0,0.0,0.0,
2014-11-18,100000.0,0.0,0.0,0.0,
2014-11-19,100000.0,0.0,0.0,0.0,
2014-11-20,100000.0,0.0,0.0,0.0,
2014-11-21,100000.0,0.0,0.0,0.0,
2014-11-24,100000.0,0.0,0.0,0.0,
2014-11-25,100000.0,0.0,0.0,0.0,
2014-11-26,100000.0,0.0,0.0,0.0,
2014-11-28,100000.0,0.0,0.0,0.0,
2014-12-01,100000.0,0.0,0.0,0.0,
2014-12-02,100000.0,0.0,0.0,0.0,
2014-12-03,100000.0,0.0,0.0,0.0,
2014-12-04,100000.0,0.0,0.0,0.0,
2014-12-05,100000.0,0.0,0.0,0.0,
2014-12-08,100000.0,0.0,0.0,0.0,
2014-12-09,100000.0,0.0,0.0,0.0,
2014-12-10,100000.0,0.0,0.0,0.0,
2014-12-11,100000.0,0.0,0.0,0.0,
2014-12-12,100000.0,0.0,0.0,0.0,
2014-12-15,100000.0,0.0,0.0,0.0,
2014-12-16,100000.0,0.0,0.0,0.0,
2014-12-17,100000.0,0.0,0.0,0.0,
2014-12-18,100000.0,0.0,0.0,0.0,
2014-12-19,100000.0,0.0,0.0,0.0,
2014-12-22,100000.0,0.0,0.0,0.0,
2014-12-23,100000.0,0.0,0.0,0.0,
2014-12-24,100000.0,0.0,0.0,0.0,
2014-12-26,100000.0,0.0,0.0,0.0,
2014-12-29,100000.0,0.0,0.0,0.0,
2014-12-30,100000.0,0.0,0.0,0.0,
2014-12-31,100000.0,0.0,0.0,0.0,
2015-01-02,100000.0,0.0,0.0,0.0,
2015-01-05,100000.0,0.0,0.0,0.0,
2015-01-06,100000.0,0.0,0.0,0.0,
2015-01-07,100000.0,0.0,0.0,0.0,
2015-01-08,100000.0,0.0,0.0,0.0,
2015-01-09,100000.0,0.0,0.0,0.0,
2015-01-12,100000.0,0.0,0.0,0.0,
2015-01-13,100000.0,0.0,0.0,0.0,
2015-01-14,100000.0,0.0,0.0,0.0,
2015-01-15,100000.0,0.0,0.0,0.0,
2015-01-16,100000.0,0.0,0.0,0.0,
2015-01-20,100000.0,0.0,0.0,0.0,
2015-01-21,100000.0,0.0,0.0,0.0,
2015-01-22,100000.0,0.0,0.0,0.0,
2015-01-23,100000.0,0.0,0.0,0.0,
2015-01-26,100000.0,0.0,0.0,0.0,
2015-01-27,100000.0,0.0,0.0,0.0,
2015-01-28,100000.0,0.0,0.0,0.0,
2015-01-29,100000.0,0.0,0.0,0.0,
2015-01-30,100000.0,0.0,0.0,0.0,
2015-02-02,100000.0,0.0,0.0,0.0,
2015-02-03,100000.0,0.0,0.0,0.0,
2015-02-04,100000.0,0.0,0.0,0.0,
2015-02-05,100000.0,0.0,0.0,0.0,
2015-02-06,100000.0,0.0,0.0,0.0,
2015-02-09,100000.0,0.0,0.0,0.0,
2015-02-10,100000.0,0.0,0.0,0.0,
2015-02-11,100000.0,0.0,0.0,0.0,
2015-02-12,100000.0,0.0,0.0,0.0,
2015-02-13,100000.0,0.0,0.0,0.0,
2015-02-17,100000.0,0.0,0.0,0.0,
2015-02-18,100000.0,0.0,0.0,0.0,
2015-02-19,100000.0,0.0,0.0,0.0,
2015-02-20,100000.0,0.0,0.0,0.0,
2015-02-23,100000.0,0.0,0.0,0.0,
2015-02-24,100000.0,0.0,0.0,0.0,
2015-02-25,100000.0,0.0,0.0,0.0,
2015-02-26,100000.0,0.0,0.0,0.0,
2015-02-27,100000.0,0.0,0.0,0.0,
2015-03-02,100000.0,0.0,0.0,0.0,
2015-03-03,100000.0,0.0,0.0,0.0,
2015-03-04,100000.0,0.0,0.0,0.0,
2015-03-05,100000.0,0.0,0.0,0.0,
2015-03-06,100000.0,0.0,0.0,0.0,
2015-03-09,100000.0,0.0,0.0,0.0,
2015-03-10,100000.0,0.0,0.0,0.0,
2015-03-11,100000.0,0.0,0.0,0.0,
2015-03-12,100000.0,0.0,0.0,0.0,
2015-03-13,100000.0,0.0,0.0,0.0,
2015-03-16,100000.0,0.0,0.0,0.0,
2015-03-17,100000.0,0.0,0.0,0.0,
2015-03-18,100000.0,0.0,0.0,0.0,
2015-03-19,100000.0,0.0,0.0,0.0,
2015-03-20,100000.0,0.0,0.0,0.0,
2015-03-23,100000.0,0.0,0.0,0.0,
2015-03-24,100000.0,0.0,0.0,0.0,
2015-03-25,100000.0,0.0,0.0,0.0,
2015-03-26,100000.0,0.0,0.0,0.0,
2015-03-27,100000.0,0.0,0.0,0.0,
2015-03-30,100000.0,0.0,0.0,0.0,
2015-03-31,100000.0,0.0,0.0,0.0,
2015-04-01,100000.0,0.0,0.0,0.0,
2015-04-02,100000.0,0.0,0.0,0.0,
2015-04-06,100000.0,0.0,0.0,0.0,
2015-04-07,100000.0,0.0,0.0,0.0,
2015-04-08,100000.0,0.0,0.0,0.0,
2015-04-09,100000.0,0.0,0.0,0.0,
2015-04-10,100000.0,0.0,0.0,0.0,
2015-04-13,100000.0,0.0,0.0,0.0,
2015-04-14,100000.0,0.0,0.0,0.0,
2015-04-15,100000.0,0.0,0.0,0.0,
2015-04-16,100000.0,0.0,0.0,0.0,
2015-04-17,100000.0,0.0,0.0,0.0,
2015-04-20,100000.0,0.0,0.0,0.0,
2015-04-21,100000.0,0.0,0.0,0.0,
2015-04-22,100000.0,0.0,0.0,0.0,
2015-04-23,100000.0,0.0,0.0,0.0,
2015-04-24,100000.0,0.0,0.0,0.0,
2015-04-27,100000.0,0.0,0.0,0.0,
2015-04-28,100000.0,0.0,0.0,0.0,
2015-04-29,100000.0,0.0,0.0,0.0,
2015-04-30,100000.0,0.0,0.0,0.0,
2015-05-01,100000.0,0.0,0.0,0.0,
2015-05-04,100000.0,0.0,0.0,0.0,
2015-05-05,100000.0,0.0,0.0,0.0,
2015-05-06,100000.0,0.0,0.0,0.0,
2015-05-07,100000.0,0.0,0.0,0.0,
2015-05-08,100000.0,0.0,0.0,0.0,
2015-05-11,100000.0,0.0,0.0,0.0,
2015-05-12,100000.0,0.0,0.0,0.0,
2015-05-13,100000.0,0.0,0.0,0.0,
2015-05-14,100000.0,0.0,0.0,0.0,
2015-05-15,100000.0,0.0,0.0,0.0,
2015-05-18,100000.0,0.0,0.0,0.0,
2015-05-19,100000.0,0.0,0.0,0.0,
2015-05-20,100000.0,0.0,0.0,0.0,
2015-05-21,100000.0,0.0,0.0,0.0,
2015-05-22,100000.0,0.0,0.0,0.0,
2015-05-26,100000.0,0.0,0.0,0.0,
2015-05-27,100000.0,0.0,0.0,0.0,
2015-05-28,100000.0,0.0,0.0,0.0,
2015-05-29,100000.0,0.0,0.0,0.0,
2015-06-01,100000.0,0.0,0.0,0.0,
2015-06-02,100000.0,0.0,0.0,0.0,
2015-06-03,100000.0,0.0,0.0,0.0,
2015-06-04,100000.0,0.0,0.0,0.0,
2015-06-05,100000.0,0.0,0.0,0.0,
2015-06-08,100000.0,0.0,0.0,0.0,
2015-06-09,100000.0,0.0,0.0,0.0,
2015-06-10,100000.0,0.0,0.0,0.0,
2015-06-11,100000.0,0.0,0.0,0.0,
2015-06-12,100000.0,0.0,0.0,0.0,
2015-06-15,100000.0,0.0,0.0,0.0,
2015-06-16,100000.0,0.0,0.0,0.0,
2015-06-17,100000.0,0.0,0.0,0.0,
2015-06-18,100000.0,0.0,0.0,0.0,
2015-06-19,100000.0,0.0,0.0,0.0,
2015-06-22,100000.0,0.0,0.0,0.0,
2015-06-23,100000.0,0.0,0.0,0.0,
2015-06-24,100000.0,0.0,0.0,0.0,
2015-06-25,100000.0,0.0,0.0,0.0,
2015-06-26,100000.0,0.0,0.0,0.0,
2015-06-29,100000.0,0.0,0.0,0.0,
2015-06-30,100000.0,0.0,0.0,0.0,
2015-07-01,100000.0,0.0,0.0,0.0,
2015-07-02,100000.0,0.0,0.0,0.0,
2015-07-06,100000.0,0.0,0.0,0.0,
2015-07-07,100000.0,0.0,0.0,0.0,
2015-07-08,100000.0,0.0,0.0,0.0,
2015-07-09,100000.0,0.0,0.0,0.0,
2015-07-10,100000.0,0.0,0.0,0.0,
2015-07-13,100000.0,0.0,0.0,0.0,
2015-07-14,100000.0,0.0,0.0,0.0,
2015-07-15,100000.0,0.0,0.0,0.0,
2015-07-16,100000.0,0.0,0.0,0.0,
2015-07-17,100000.0,0.0,0.0,0.0,
2015-07-20,100000.0,0.0,0.0,0.0,
2015-07-21,100000.0,0.0,0.0,0.0,
2015-07-22,100000.0,0.0,0.0,0.0,
2015-07-23,100000.0,0.0,0.0,0.0,
2015-07-24,100000.0,0.0,0.0,0.0,
2015-07-27,100000.0,0.0,0.0,0.0,
2015-07-28,100000.0,0.0,0.0,0.0,
2015-07-29,100000.0,0.0,0.0,0.0,
2015-07-30,100000.0,0.0,0.0,0.0,
2015-07-31,100000.0,0.0,0.0,0.0,
2015-08-03,100000.0,0.0,0.0,0.0,
2015-08-04,100000.0,0.0,0.0,0.0,
2015-08-05,100000.0,0.0,0.0,0.0,
2015-08-06,100000.0,0.0,0.0,0.0,
2015-08-07,100000.0,0.0,0.0,0.0,
2015-08-10,100000.0,0.0,0.0,0.0,
2015-08-11,100000.0,0.0,0.0,0.0,
2015-08-12,100000.0,0.0,0.0,0.0,
2015-08-13,100000.0,0.0,0.0,0.0,
2015-08-14,100000.0,0.0,0.0,0.0,
2015-08-17,100000.0,0.0,0.0,0.0,
2015-08-18,100000.0,0.0,0.0,0.0,
2015-08-19,100000.0,0.0,0.0,0.0,
2015-08-20,100000.0,0.0,0.0,0.0,
2015-08-21,100000.0,0.0,0.0,0.0,
2015-08-24,100000.0,0.0,0.0,0.0,
2015-08-25,100000.0,0.0,0.0,0.0,
2015-08-26,100000.0,0.0,0.0,0.0,
2015-08-27,100000.0,0.0,0.0,0.0,
2015-08-28,100000.0,0.0,0.0,0.0,
2015-08-31,100000.0,0.0,0.0,0.0,
2015-09-01,100000.0,0.0,0.0,0.0,
2015-09-02,100000.0,0.0,0.0,0.0,
2015-09-03,100000.0,0.0,0.0,0.0,
2015-09-04,100000.0,0.0,0.0,0.0,
2015-09-08,100000.0,0.0,0.0,0.0,
2015-09-09,100000.0,0.0,0.0,0.0,
2015-09-10,100000.0,0.0,0.0,0.0,
2015-09-11,100000.0,0.0,0.0,0.0,
2015-09-14,100000.0,0.0,0.0,0.0,
2015-09-15,100000.0,0.0,0.0,0.0,
2015-09-16,100000.0,0.0,0.0,0.0,
2015-09-17,100000.0,0.0,0.0,0.0,
2015-09-18,100000.0,0.0,0.0,0.0,
2015-09-21,100000.0,0.0,0.0,0.0,
2015-09-22,100000.0,0.0,0.0,0.0,
2015-09-23,100000.0,0.0,0.0,0.0,
2015-09-24,100000.0,0.0,0.0,0.0,
2015-09-25,100000.0,0.0,0.0,0.0,
2015-09-28,100000.0,0.0,0.0,0.0,
2015-09-29,100000.0,0.0,0.0,0.0,
2015-09-30,100000.0,0.0,0.0,0.0,
2015-10-01,100000.0,0.0,0.0,0.0,
2015-10-02,100000.0,0.0,0.0,0.0,
2015-10-05,100000.0,0.0,0.0,0.0,
2015-10-06,100000.0,0.0,0.0,0.0,
2015-10-07,100000.0,0.0,0.0,0.0,
2015-10-08,100000.0,0.0,0.0,0.0,
2015-10-09,100000.0,0.0,0.0,0.0,
2015-10-12,100000.0,0.0,0.0,0.0,
2015-10-13,100000.0,0.0,0.0,0.0,
2015-10-14,100000.0,0.0,0.0,0.0,
2015-10-15,100000.0,0.0,0.0,0.0,
2015-10-16,100000.0,0.0,0.0,0.0,
2015-10-19,100000.0,0.0,0.0,0.0,
2015-10-20,100000.0,0.0,0.0,0.0,
2015-10-21,100000.0,0.0,0.0,0.0,
2015-10-22,100000.0,0.0,0.0,0.0,
2015-10-23,100000.0,0.0,0.0,0.0,
2015-10-26,100000.0,0.0,0.0,0.0,
2015-10-27,100000.0,0.0,0.0,0.0,
2015-10-28,100000.0,0.0,0.0,0.0,
2015-10-29,100000.0,0.0,0.0,0.0,
2015-10-30,100000.0,0.0,0.0,0.0,
2015-11-02,100000.0,0.0,0.0,0.0,
2015-11-03,100000.0,0.0,0.0,0.0,
2015-11-04,100000.0,0.0,0.0,0.0,
2015-11-05,100000.0,0.0,0.0,0.0,
2015-11-06,100000.0,0.0,0.0,0.0,
2015-11-09,100000.0,0.0,0.0,0.0,
2015-11-10,100000.0,0.0,0.0,0.0,
2015-11-11,100000.0,0.0,0.0,0.0,
2015-11-12,100000.0,0.0,0.0,0.0,
2015-11-13,100000.0,0.0,0.0,0.0,
2015-11-16,100000.0,0.0,0.0,0.0,
2015-11-17,100000.0,0.0,0.0,0.0,
2015-11-18,100000.0,0.0,0.0,0.0,
2015-11-19,100000.0,0.0,0.0,0.0,
2015-11-20,100000.0,0.0,0.0,0.0,
2015-11-23,100000.0,0.0,0.0,0.0,
2015-11-24,100000.0,0.0,0.0,0.0,
2015-11-25,100000.0,0.0,0.0,0.0,
2015-11-27,100000.0,0.0,0.0,0.0,
2015-11-30,100000.0,0.0,0.0,0.0,
2015-12-01,100000.0,0.0,0.0,0.0,
2015-12-02,100000.0,0.0,0.0,0.0,
2015-12-03,100000.0,0.0,0.0,0.0,
2015-12-04,100000.0,0.0,0.0,0.0,
2015-12-07,100000.0,0.0,0.0,0.0,
2015-12-08,100000.0,0.0,0.0,0.0,
2015-12-09,100000.0,0.0,0.0,0.0,
2015-12-10,100000.0,0.0,0.0,0.0,
2015-12-11,100000.0,0.0,0.0,0.0,
2015-12-14,100000.0,0.0,0.0,0.0,
2015-12-15,100000.0,0.0,0.0,0.0,
2015-12-16,100000.0,0.0,0.0,0.0,
2015-12-17,100000.0,0.0,0.0,0.0,
2015-12-18,100000.0,0.0,0.0,0.0,
2015-12-21,100000.0,0.0,0.0,0.0,
2015-12-22,100000.0,0.0,0.0,0.0,
2015-12-23,100000.0,0.0,0.0,0.0,
2015-12-24,100000.0,0.0,0.0,0.0,
2015-12-28,100000.0,0.0,0.0,0.0,
2015-12-29,100000.0,0.0,0.0,0.0,
2015-12-30,100000.0,0.0,0.0,0.0,
2015-12-31,100000.0,0.0,0.0,0.0,
2016-01-04,100000.0,0.0,0.0,0.0,
2016-01-05,100000.0,0.0,0.0,0.0,
2016-01-06,100000.0,0.0,0.0,0.0,-0.26615873809576057
2016-01-07,100000.0,0.0,0.0,0.0,-1.3153367006692045
2016-01-08,100000.0,0.0,0.0,0.0,-1.9333554678570084
2016-01-11,100000.0,0.0,0.0,0.0,-1.6194177027429528
2016-01-12,100000.0,0.0,0.0,0.0,-2.4563984381937813
2016-01-13,99950.0,-0.0004999999999999449,1.0005002501250626,-0.022401663787252515,-2.5818715497620195
2016-01-14,99512.76123524428,-0.004374574935024689,1.0144118484607105,-0.02688369562687989,-2.9490866801470337
2016-01-15,98418.36755955672,-0.010997520942067518,0.9769793619174298,-0.03829200336492952,-3.8180757186285583
2016-01-19,98572.5821764378,0.0015669292298285953,0.9632943583622916,-0.03665756219284637,-3.2894297714113043
2016-01-20,97978.30674509962,-0.006028810630875792,0.9437353918673491,-0.04293530146770861,-3.4855243011604995
2016-01-21,97976.01650861537,-2.3374934312814233e-05,0.9365452601190668,-0.042949891953189115,-3.147506540919824
2016-01-22,98102.07501618682,0.001286626177135597,0.9550097262245641,-0.041600024881261674,-2.757667271962666
2016-01-25,98173.2115177784,0.000725127389811453,0.9213358111931742,-0.04083539962321029,-2.5502648614661134
2016-01-26,98373.1234045952,0.0020363180925440094,0.9386648344546532,-0.038710708864516746,-2.2316356828731245
2016-01-27,98166.27733678442,-0.002102668499810112,0.9438714968368366,-0.04088965857543576,-2.2383444640980357
2016-01-28,97620.22254513344,-0.005562549650096282,0.9527196818673423,-0.046702222199378994,-2.4636135873008285
2016-01-29,98308.78026029782,0.007053433163871636,0.986363343063585,-0.039361242244248584,-1.8460100462963183
2016-02-01,98580.59487786239,0.0027649068256656584,0.9778414085599734,-0.03648528117648171,-1.6007501125485575
2016-02-02,98083.57556318025,-0.005041756091023086,0.9436542968859912,-0.04172735364211304,-1.873840844615312
2016-02-03,98862.43639059884,0.007940787465653631,0.9277605810548087,-0.03351068930326229,-1.316506871364945
2016-02-04,98657.86673613694,-0.0020692354136778723,0.9419130516249445,-0.0356441444215345,-1.3939559921491997
2016-02-05,98339.80375267696,-0.0032238988535060464,0.9285702385267602,-0.03898402584320551,-1.5593424011760375
2016-02-08,97999.40512298692,-0.0034614532132496434,0.8922410607613676,-0.04258328033638352,-1.76383311435881
2016-02-09,97802.0064537523,-0.002014284362102936,0.8894746573109783,-0.044678285419128744,-1.8164493118480458
2016-02-10,98119.17411645052,0.0032429566038423285,0.8802429188406286,-0.04129215276548388,-1.5318150141940614
2016-02-11,97271.72755791644,-0.008636910839957768,0.84355907278728,-0.0503548315831747,-2.0410420098509485
2016-02-12,97722.16148049907,0.004630676702173542,0.8937188483742925,-0.045504569736583594,-1.5909055760341853
2016-02-16,98125.44191564113,0.00412680633576179,0.9143232005391544,-0.04119842777541477,-1.2533065708489028
2016-02-17,98686.9264100398,0.00572210920467886,0.9217966192238422,-0.035265048729563854,-0.8905510883745534
2016-02-18,98445.61740419405,-0.0024451972984051995,0.9077930445201458,-0.037793163108896806,-1.0043799878434925
2016-02-19,98433.18734263492,-0.00012626322925168854,0.9094355750301407,-0.03791483277181905,-0.958158664731847
2016-02-22,97768.96828084129,-0.006747917848901497,0.9342661083154499,-0.044956716533104346,-1.302828906487148
2016-02-23,97492.91391701464,-0.0028235376590421968,0.9095327903534602,-0.04790580352032165,-1.4496464094283468
2016-02-24,97716.23689945253,0.0022906586075372992,0.902582885134876,-0.045501418298555,-1.285557950913663
2016-02-25,97962.87779434165,0.002524052324516912,0.9098248520220249,-0.042859780048330375,-1.0960621572386022
2016-02-26,98157.84407162678,0.0019902056950025226,0.9244762629748399,-0.04077896458933663,-0.9410979918757841
2016-02-29,98387.62412377405,0.0023409239915619384,0.9049843064044124,-0.038338716631488474,-0.8002536157936487
2016-03-01,98960.01407528819,0.005817702750846587,0.9466405823549783,-0.03232360638354334,-0.3906867117655657
2016-03-02,98988.33395802727,0.0002861750071856406,0.0,0.0,-0.30575496823481135
2016-03-03,98988.33395802727,0.0,0.0,0.0,-0.053356336418166526
2016-03-04,98988.33395802727,0.0,0.0,0.0,-0.18330994120487293
2016-03-07,98988.33395802727,0.0,0.0,0.0,-0.27523770277015447
2016-03-08,98988.33395802727,0.0,0.0,0.0,-0.4935240606504505
2016-03-09,98988.33395802727,0.0,0.0,0.0,-0.35664434010133683
2016-03-10,98988.33395802727,0.0,0.0,0.0,-0.21861357452967223
2016-03-11,98988.33395802727,0.0,0.0,0.0,-0.19251762087169033
2016-03-14,98988.33395802727,0.0,0.0,0.0,-0.17943577090960391
2016-03-15,98988.33395802727,0.0,0.0,0.0,-0.18000042848037476
2016-03-16,98988.33395802727,0.0,0.0,0.0,0.02150729133193245
2016-03-17,98988.33395802727,0.0,0.0,0.0,0.30669119060362515
2016-03-18,98988.33395802727,0.0,0.0,0.0,0.17029327493678922
2016-03-21,98988.33395802727,0.0,0.0,0.0,0.1310582188072886
2016-03-22,98988.33395802727,0.0,0.0,0.0,0.20246503057411958
2016-03-23,98988.33395802727,0.0,0.0,0.0,-0.12957820602450865
2016-03-24,98988.33395802727,0.0,0.0,0.0,-0.12289926822720217
2016-03-28,98988.33395802727,0.0,0.0,0.0,0.06153083365352722
2016-03-29,98988.33395802727,0.0,0.0,0.0,0.49366616615515146
2016-03-30,98988.33395802727,0.0,0.0,0.0,0.3208179579074485
2016-03-31,98988.33395802727,0.0,0.0,0.0,0.34529650015654295
2016-04-01,98988.33395802727,0.0,0.0,0.0,1.107531422414321
2016-04-04,98988.33395802727,0.0,0.0,0.0,0.8234695199196561
2016-04-05,98988.33395802727,0.0,0.0,0.0,1.4701056479773185
2016-04-06,98988.33395802727,0.0,0.0,0.0,1.4354000937583435
2016-04-07,98988.33395802727,0.0,0.0,0.0,0.9820106240288428
2016-04-08,98988.33395802727,0.0,0.0,0.0,1.1770968969310616
2016-04-11,98988.33395802727,0.0,0.0,0.0,2.019495594335215
2016-04-12,98938.83979104826,-0.0004999999999999449,1.0005002501250626,0.022401663787252574,1.9316591919702197
2016-04-13,97873.87944095905,-0.010763824927989218,1.0546864233092257,0.011774278490580763,2.983544562668573
2016-04-14,97411.83225392422,-0.004720842677065296,1.0718957806310363,0.007097287341130025,3.1497765058578717
2016-04-15,96971.90495798497,-0.0045161587228180755,1.0697937175545966,0.0026034496874431426,3.245793736309619
2016-04-18,97375.37900883595,0.004160731410049134,1.0742292814714856,0.006746697107959535,2.6246388755490955
2016-04-19,97838.06071621648,0.0047515266393833855,1.0866598727133656,0.011454388022519645,2.0611531917764396
2016-04-20,97686.43423063768,-0.0015497699409496857,1.1120219050246605,0.009930675064356314,2.0614244341719052
2016-04-21,97577.76514452128,-0.0011124276054526039,1.1081455257939434,0.008839013666452872,2.0436620518428152
2016-04-22,97841.6964543427,0.0027048304440107085,1.1163569567485179,0.01152358059741216,1.7398440925859417
2016-04-25,97868.2001299951,0.00027088323907742407,1.1097698928307622,0.011802227459460125,1.6544236917285846
2016-04-26,97871.17340376665,3.0380386760953115e-05,1.1190584304442082,0.011843140583392532,1.5758146842042609
2016-04-27,97518.30524752082,-0.0036054350221189635,1.1247174548316894,0.008278537569226785,1.7555828328023357
2016-04-28,97454.5064245333,-0.000654224074398968,1.1121878862628356,0.007640387803375843,1.7367234004835732
2016-04-29,97335.83338010003,-0.0012177276227361977,1.1020222363392882,0.006441461939258474,1.7514481984507348
2016-05-02,97576.86904695469,0.0024763302319856795,1.1112962768412826,0.008906605332084908,1.5026858195778536
2016-05-03,97842.44726538274,0.0027217333474827132,1.085314612267211,0.011607682069663073,1.2803688076584967
2016-05-04,98085.68040748684,0.0024859674803960896,1.0641331570411965,0.014069325518814438,1.0813244866336238
2016-05-05,98454.58231239385,0.00376101693309816,1.054242140432535,0.017773911768698875,0.7839651616746837
2016-05-06,98365.53607834066,-0.0009044397118118663,1.0586972156488834,0.016895035020395275,0.8204380873737764
2016-05-09,98669.58721418079,0.003091033180543823,1.046883166820569,0.01993478445982035,0.5682798294976278
2016-05-10,98409.16232664263,-0.002639363302218589,1.0685293145534736,0.01735140580129937,0.7406750138026098
2016-05-11,98456.15182562766,0.0004774910981262259,1.060278981860524,0.01783081119807556,0.6801067127228738
2016-05-12,98939.43363283353,0.004908599394193303,1.0499867074942315,0.02263862838243018,0.27059014947967225
2016-05-13,98851.33531906828,-0.0008904267037972424,0.0,0.0,0.2808344287437222
2016-05-16,98851.33531906828,0.0,0.0,0.0,0.24652740844494456
2016-05-17,98851.33531906828,0.0,0.0,0.0,0.9732815538988309
2016-05-18,98851.33531906828,0.0,0.0,0.0,1.5725910495778617
2016-05-19,98851.33531906828,0.0,0.0,0.0,1.1493559774319442
2016-05-20,98851.33531906828,0.0,0.0,0.0,0.7782275779392729
2016-05-23,98851.33531906828,0.0,0.0,0.0,1.0444414128158848
2016-05-24,98851.33531906828,0.0,0.0,0.0,1.2120410711478353
2016-05-25,98851.33531906828,0.0,0.0,0.0,1.13672569283296
2016-05-26,98851.33531906828,0.0,0.0,0.0,0.5522960873913028
2016-05-27,98851.33531906828,0.0,0.0,0.0,0.5815650000950149
2016-05-31,98851.33531906828,0.0,0.0,0.0,0.7369432785885813
2016-06-01,98851.33531906828,0.0,0.0,0.0,0.7570926686004913
2016-06-02,98851.33531906828,0.0,0.0,0.0,0.5906000382321996
2016-06-03,98851.33531906828,0.0,0.0,0.0,0.22173170478288023
2016-06-06,98851.33531906828,0.0,0.0,0.0,0.26344557245975486
2016-06-07,98851.33531906828,0.0,0.0,0.0,0.41516222432491534
2016-06-08,98851.33531906828,0.0,0.0,0.0,0.4911788002887572
2016-06-09,98851.33531906828,0.0,0.0,0.0,0.811890987451678
2016-06-10,98851.33531906828,0.0,0.0,0.0,0.6141764289363273
2016-06-13,98851.33531906828,0.0,0.0,0.0,0.32967468849837267
2016-06-14,98851.33531906828,0.0,0.0,0.0,0.16701798083331945
2016-06-15,98851.33531906828,0.0,0.0,0.0,0.129569905697133
2016-06-16,98851.33531906828,0.0,0.0,0.0,0.27009872803434304
2016-06-17,98851.33531906828,0.0,0.0,0.0,0.785232911207995
2016-06-20,98851.33531906828,0.0,0.0,0.0,0.6478127526041654
2016-06-21,98851.33531906828,0.0,0.0,0.0,0.40813500840663525
2016-06-22,98851.33531906828,0.0,0.0,0.0,0.2608568304296898
2016-06-23,98851.33531906828,0.0,0.0,0.0,1.2876838806428015
2016-06-24,98851.33531906828,0.0,0.0,0.0,-1.5219775823673456
2016-06-27,98851.33531906828,0.0,0.0,0.0,-2.1905886422209986
2016-06-28,98801.90965140874,-0.000500000000000056,1.0005002501250626,-0.022401663787252585,-0.9702892279355945
2016-06-29,99406.20987255547,0.0061162807811996345,1.0274922334610344,-0.016176296398830278,0.02938145392958275
2016-06-30,99353.03057351186,-0.0005349695870286997,0.0,0.0,-0.011498965019404958
2016-07-01,99353.03057351186,0.0,0.0,0.0,0.31291268024640373
2016-07-05,99353.03057351186,0.0,0.0,0.0,-0.7644761514573423
2016-07-06,99353.03057351186,0.0,0.0,0.0,-1.0597364408844305
2016-07-07,99353.03057351186,0.0,0.0,0.0,
2016-07-08,99353.03057351186,0.0,0.0,0.0,
2016-07-11,99353.03057351186,0.0,0.0,0.0,
2016-07-12,99353.03057351186,0.0,0.0,0.0,
2016-07-13,99353.03057351186,0.0,0.0,0.0,
2016-07-14,99353.03057351186,0.0,0.0,0.0,
2016-07-15,99353.03057351186,0.0,0.0,0.0,
2016-07-18,99353.03057351186,0.0,0.0,0.0,
2016-07-19,99353.03057351186,0.0,0.0,0.0,
2016-07-20,99353.03057351186,0.0,0.0,0.0,
2016-07-21,99353.03057351186,0.0,0.0,0.0,
2016-07-22,99353.03057351186,0.0,0.0,0.0,
2016-07-25,99353.03057351186,0.0,0.0,0.0,
2016-07-26,99353.03057351186,0.0,0.0,0.0,
2016-07-27,99353.03057351186,0.0,0.0,0.0,
2016-07-28,99353.03057351186,0.0,0.0,0.0,
2016-07-29,99353.03057351186,0.0,0.0,0.0,
2016-08-01,99353.03057351186,0.0,0.0,0.0,
2016-08-02,99353.03057351186,0.0,0.0,0.0,
2016-08-03,99353.03057351186,0.0,0.0,0.0,
2016-08-04,99353.03057351186,0.0,0.0,0.0,
2016-08-05,99353.03057351186,0.0,0.0,0.0,
2016-08-08,99353.03057351186,0.0,0.0,0.0,
2016-08-09,99353.03057351186,0.0,0.0,0.0,
2016-08-10,99353.03057351186,0.0,0.0,0.0,
2016-08-11,99353.03057351186,0.0,0.0,0.0,
2016-08-12,99353.03057351186,0.0,0.0,0.0,
2016-08-15,99353.03057351186,0.0,0.0,0.0,
2016-08-16,99353.03057351186,0.0,0.0,0.0,
2016-08-17,99353.03057351186,0.0,0.0,0.0,
2016-08-18,99353.03057351186,0.0,0.0,0.0,
2016-08-19,99353.03057351186,0.0,0.0,0.0,
2016-08-22,99353.03057351186,0.0,0.0,0.0,
2016-08-23,99353.03057351186,0.0,0.0,0.0,
2016-08-24,99353.03057351186,0.0,0.0,0.0,
2016-08-25,99353.03057351186,0.0,0.0,0.0,
2016-08-26,99353.03057351186,0.0,0.0,0.0,
2016-08-29,99353.03057351186,0.0,0.0,0.0,
2016-08-30,99353.03057351186,0.0,0.0,0.0,
2016-08-31,99353.03057351186,0.0,0.0,0.0,
2016-09-01,99353.03057351186,0.0,0.0,0.0,
2016-09-02,99353.03057351186,0.0,0.0,0.0,
2016-09-06,99353.03057351186,0.0,0.0,0.0,
2016-09-07,99353.03057351186,0.0,0.0,0.0,
2016-09-08,99353.03057351186,0.0,0.0,0.0,
2016-09-09,99353.03057351186,0.0,0.0,0.0,
2016-09-12,99353.03057351186,0.0,0.0,0.0,
2016-09-13,99353.03057351186,0.0,0.0,0.0,
2016-09-14,99353.03057351186,0.0,0.0,0.0,
2016-09-15,99353.03057351186,0.0,0.0,0.0,
2016-09-16,99353.03057351186,0.0,0.0,0.0,
2016-09-19,99353.03057351186,0.0,0.0,0.0,
2016-09-20,99353.03057351186,0.0,0.0,0.0,
2016-09-21,99353.03057351186,0.0,0.0,0.0,
2016-09-22,99353.03057351186,0.0,0.0,0.0,
2016-09-23,99353.03057351186,0.0,0.0,0.0,
2016-09-26,99353.03057351186,0.0,0.0,0.0,
2016-09-27,99353.03057351186,0.0,0.0,0.0,
2016-09-28,99353.03057351186,0.0,0.0,0.0,
2016-09-29,99353.03057351186,0.0,0.0,0.0,
2016-09-30,99353.03057351186,0.0,0.0,0.0,
2016-10-03,99353.03057351186,0.0,0.0,0.0,
2016-10-04,99353.03057351186,0.0,0.0,0.0,
2016-10-05,99353.03057351186,0.0,0.0,0.0,
2016-10-06,99353.03057351186,0.0,0.0,0.0,
2016-10-07,99353.03057351186,0.0,0.0,0.0,
2016-10-10,99353.03057351186,0.0,0.0,0.0,
2016-10-11,99353.03057351186,0.0,0.0,0.0,
2016-10-12,99353.03057351186,0.0,0.0,0.0,
2016-10-13,99353.03057351186,0.0,0.0,0.0,
2016-10-14,99353.03057351186,0.0,0.0,0.0,
2016-10-17,99353.03057351186,0.0,0.0,0.0,
2016-10-18,99353.03057351186,0.0,0.0,0.0,
2016-10-19,99353.03057351186,0.0,0.0,0.0,
2016-10-20,99353.03057351186,0.0,0.0,0.0,
2016-10-21,99353.03057351186,0.0,0.0,0.0,
2016-10-24,99353.03057351186,0.0,0.0,0.0,
2016-10-25,99353.03057351186,0.0,0.0,0.0,
2016-10-26,99353.03057351186,0.0,0.0,0.0,
2016-10-27,99353.03057351186,0.0,0.0,0.0,
2016-10-28,99353.03057351186,0.0,0.0,0.0,
2016-10-31,99353.03057351186,0.0,0.0,0.0,
2016-11-01,99353.03057351186,0.0,0.0,0.0,
2016-11-02,99353.03057351186,0.0,0.0,0.0,
2016-11-03,99353.03057351186,0.0,0.0,0.0,
2016-11-04,99353.03057351186,0.0,0.0,0.0,
2016-11-07,99353.03057351186,0.0,0.0,0.0,
2016-11-08,99353.03057351186,0.0,0.0,0.0,
2016-11-09,99353.03057351186,0.0,0.0,0.0,
2016-11-10,99353.03057351186,0.0,0.0,0.0,
2016-11-11,99353.03057351186,0.0,0.0,0.0,
2016-11-14,99353.03057351186,0.0,0.0,0.0,
2016-11-15,99353.03057351186,0.0,0.0,0.0,
2016-11-16,99353.03057351186,0.0,0.0,0.0,
2016-11-17,99353.03057351186,0.0,0.0,0.0,
2016-11-18,99353.03057351186,0.0,0.0,0.0,
2016-11-21,99353.03057351186,0.0,0.0,0.0,
2016-11-22,99353.03057351186,0.0,0.0,0.0,
2016-11-23,99353.03057351186,0.0,0.0,0.0,
2016-11-25,99353.03057351186,0.0,0.0,0.0,
2016-11-28,99353.03057351186,0.0,0.0,0.0,
2016-11-29,99353.03057351186,0.0,0.0,0.0,
2016-11-30,99353.03057351186,0.0,0.0,0.0,
2016-12-01,99353.03057351186,0.0,0.0,0.0,
2016-12-02,99353.03057351186,0.0,0.0,0.0,
2016-12-05,99353.03057351186,0.0,0.0,0.0,
2016-12-06,99353.03057351186,0.0,0.0,0.0,
2016-12-07,99353.03057351186,0.0,0.0,0.0,
2016-12-08,99353.03057351186,0.0,0.0,0.0,
2016-12-09,99353.03057351186,0.0,0.0,0.0,
2016-12-12,99353.03057351186,0.0,0.0,0.0,
2016-12-13,99353.03057351186,0.0,0.0,0.0,
2016-12-14,99353.03057351186,0.0,0.0,0.0,
2016-12-15,99353.03057351186,0.0,0.0,0.0,
2016-12-16,99353.03057351186,0.0,0.0,0.0,
2016-12-19,99353.03057351186,0.0,0.0,0.0,
2016-12-20,99353.03057351186,0.0,0.0,0.0,
2016-12-21,99353.03057351186,0.0,0.0,0.0,
2016-12-22,99353.03057351186,0.0,0.0,0.0,
2016-12-23,99353.03057351186,0.0,0.0,0.0,
2016-12-27,99353.03057351186,0.0,0.0,0.0,
2016-12-28,99353.03057351186,0.0,0.0,0.0,
2016-12-29,99353.03057351186,0.0,0.0,0.0,
2016-12-30,99353.03057351186,0.0,0.0,0.0,
2017-01-03,99353.03057351186,0.0,0.0,0.0,
2017-01-04,99353.03057351186,0.0,0.0,0.0,
2017-01-05,99353.03057351186,0.0,0.0,0.0,
2017-01-06,99353.03057351186,0.0,0.0,0.0,
2017-01-09,99353.03057351186,0.0,0.0,0.0,
2017-01-10,99353.03057351186,0.0,0.0,0.0,
2017-01-11,99353.03057351186,0.0,0.0,0.0,
2017-01-12,99353.03057351186,0.0,0.0,0.0,
2017-01-13,99353.03057351186,0.0,0.0,0.0,
2017-01-17,99353.03057351186,0.0,0.0,0.0,
2017-01-18,99353.03057351186,0.0,0.0,0.0,
2017-01-19,99353.03057351186,0.0,0.0,0.0,
2017-01-20,99353.03057351186,0.0,0.0,0.0,
2017-01-23,99353.03057351186,0.0,0.0,0.0,
2017-01-24,99353.03057351186,0.0,0.0,0.0,
2017-01-25,99353.03057351186,0.0,0.0,0.0,
2017-01-26,99353.03057351186,0.0,0.0,0.0,
2017-01-27,99353.03057351186,0.0,0.0,0.0,
2017-01-30,99353.03057351186,0.0,0.0,0.0,
2017-01-31,99353.03057351186,0.0,0.0,0.0,
2017-02-01,99353.03057351186,0.0,0.0,0.0,
2017-02-02,99353.03057351186,0.0,0.0,0.0,
2017-02-03,99353.03057351186,0.0,0.0,0.0,
2017-02-06,99353.03057351186,0.0,0.0,0.0,
2017-02-07,99353.03057351186,0.0,0.0,0.0,
2017-02-08,99353.03057351186,0.0,0.0,0.0,
2017-02-09,99353.03057351186,0.0,0.0,0.0,
2017-02-10,99353.03057351186,0.0,0.0,0.0,
2017-02-13,99353.03057351186,0.0,0.0,0.0,
2017-02-14,99353.03057351186,0.0,0.0,0.0,
2017-02-15,99353.03057351186,0.0,0.0,0.0,
2017-02-16,99353.03057351186,0.0,0.0,0.0,
2017-02-17,99353.03057351186,0.0,0.0,0.0,
2017-02-21,99353.03057351186,0.0,0.0,0.0,
2017-02-22,99353.03057351186,0.0,0.0,0.0,
2017-02-23,99353.03057351186,0.0,0.0,0.0,
2017-02-24,99353.03057351186,0.0,0.0,0.0,
2017-02-27,99353.03057351186,0.0,0.0,0.0,
2017-02-28,99353.03057351186,0.0,0.0,0.0,
2017-03-01,99353.03057351186,0.0,0.0,0.0,
2017-03-02,99353.03057351186,0.0,0.0,0.0,
2017-03-03,99353.03057351186,0.0,0.0,0.0,
2017-03-06,99353.03057351186,0.0,0.0,0.0,
2017-03-07,99353.03057351186,0.0,0.0,0.0,
2017-03-08,99353.03057351186,0.0,0.0,0.0,
2017-03-09,99353.03057351186,0.0,0.0,0.0,
2017-03-10,99353.03057351186,0.0,0.0,0.0,
2017-03-13,99353.03057351186,0.0,0.0,0.0,
2017-03-14,99353.03057351186,0.0,0.0,0.0,
2017-03-15,99353.03057351186,0.0,0.0,0.0,
2017-03-16,99353.03057351186,0.0,0.0,0.0,
2017-03-17,99353.03057351186,0.0,0.0,0.0,
2017-03-20,99353.03057351186,0.0,0.0,0.0,
2017-03-21,99353.03057351186,0.0,0.0,0.0,
2017-03-22,99353.03057351186,0.0,0.0,0.0,
2017-03-23,99353.03057351186,0.0,0.0,0.0,
2017-03-24,99353.03057351186,0.0,0.0,0.0,
2017-03-27,99353.03057351186,0.0,0.0,0.0,
2017-03-28,99353.03057351186,0.0,0.0,0.0,
2017-03-29,99353.03057351186,0.0,0.0,0.0,
2017-03-30,99353.03057351186,0.0,0.0,0.0,
2017-03-31,99353.03057351186,0.0,0.0,0.0,
2017-04-03,99353.03057351186,0.0,0.0,0.0,
2017-04-04,99353.03057351186,0.0,0.0,0.0,
2017-04-05,99353.03057351186,0.0,0.0,0.0,
2017-04-06,99353.03057351186,0.0,0.0,0.0,
2017-04-07,99353.03057351186,0.0,0.0,0.0,
2017-04-10,99353.03057351186,0.0,0.0,0.0,
2017-04-11,99353.03057351186,0.0,0.0,0.0,
2017-04-12,99353.03057351186,0.0,0.0,0.0,
2017-04-13,99353.03057351186,0.0,0.0,0.0,
2017-04-17,99353.03057351186,0.0,0.0,0.0,
2017-04-18,99353.03057351186,0.0,0.0,0.0,
2017-04-19,99353.03057351186,0.0,0.0,0.0,
2017-04-20,99353.03057351186,0.0,0.0,0.0,
2017-04-21,99353.03057351186,0.0,0.0,0.0,
2017-04-24,99353.03057351186,0.0,0.0,0.0,
2017-04-25,99353.03057351186,0.0,0.0,0.0,
2017-04-26,99353.03057351186,0.0,0.0,0.0,
2017-04-27,99353.03057351186,0.0,0.0,0.0,
2017-04-28,99353.03057351186,0.0,0.0,0.0,
2017-05-01,99353.03057351186,0.0,0.0,0.0,
2017-05-02,99353.03057351186,0.0,0.0,0.0,
2017-05-03,99353.03057351186,0.0,0.0,0.0,
2017-05-04,99353.03057351186,0.0,0.0,0.0,
2017-05-05,99353.03057351186,0.0,0.0,0.0,
2017-05-08,99353.03057351186,0.0,0.0,0.0,
2017-05-09,99353.03057351186,0.0,0.0,0.0,
2017-05-10,99353.03057351186,0.0,0.0,0.0,
2017-05-11,99353.03057351186,0.0,0.0,0.0,
2017-05-12,99353.03057351186,0.0,0.0,0.0,
2017-05-15,99353.03057351186,0.0,0.0,0.0,
2017-05-16,99353.03057351186,0.0,0.0,0.0,
2017-05-17,99353.03057351186,0.0,0.0,0.0,
2017-05-18,99353.03057351186,0.0,0.0,0.0,
2017-05-19,99353.03057351186,0.0,0.0,0.0,
2017-05-22,99353.03057351186,0.0,0.0,0.0,
2017-05-23,99353.03057351186,0.0,0.0,0.0,
2017-05-24,99353.03057351186,0.0,0.0,0.0,
2017-05-25,99353.03057351186,0.0,0.0,0.0,
2017-05-26,99353.03057351186,0.0,0.0,0.0,
2017-05-30,99353.03057351186,0.0,0.0,0.0,
2017-05-31,99353.03057351186,0.0,0.0,0.0,
2017-06-01,99353.03057351186,0.0,0.0,0.0,
2017-06-02,99353.03057351186,0.0,0.0,0.0,
2017-06-05,99353.03057351186,0.0,0.0,0.0,
2017-06-06,99353.03057351186,0.0,0.0,0.0,
2017-06-07,99353.03057351186,0.0,0.0,0.0,
2017-06-08,99353.03057351186,0.0,0.0,0.0,
2017-06-09,99353.03057351186,0.0,0.0,0.0,
2017-06-12,99353.03057351186,0.0,0.0,0.0,
2017-06-13,99353.03057351186,0.0,0.0,0.0,
2017-06-14,99353.03057351186,0.0,0.0,0.0,
2017-06-15,99353.03057351186,0.0,0.0,0.0,
2017-06-16,99353.03057351186,0.0,0.0,0.0,
2017-06-19,99353.03057351186,0.0,0.0,0.0,
2017-06-20,99353.03057351186,0.0,0.0,0.0,
2017-06-21,99353.03057351186,0.0,0.0,0.0,
2017-06-22,99353.03057351186,0.0,0.0,0.0,
2017-06-23,99353.03057351186,0.0,0.0,0.0,
2017-06-26,99353.03057351186,0.0,0.0,0.0,
2017-06-27,99353.03057351186,0.0,0.0,0.0,
2017-06-28,99353.03057351186,0.0,0.0,0.0,
2017-06-29,99353.03057351186,0.0,0.0,0.0,
2017-06-30,99353.03057351186,0.0,0.0,0.0,
2017-07-03,99353.03057351186,0.0,0.0,0.0,
2017-07-05,99353.03057351186,0.0,0.0,0.0,
2017-07-06,99353.03057351186,0.0,0.0,0.0,
2017-07-07,99353.03057351186,0.0,0.0,0.0,
2017-07-10,99353.03057351186,0.0,0.0,0.0,
2017-07-11,99353.03057351186,0.0,0.0,0.0,
2017-07-12,99353.03057351186,0.0,0.0,0.0,
2017-07-13,99353.03057351186,0.0,0.0,0.0,
2017-07-14,99353.03057351186,0.0,0.0,0.0,
2017-07-17,99353.03057351186,0.0,0.0,0.0,
2017-07-18,99353.03057351186,0.0,0.0,0.0,
2017-07-19,99353.03057351186,0.0,0.0,0.0,
2017-07-20,99353.03057351186,0.0,0.0,0.0,
2017-07-21,99353.03057351186,0.0,0.0,0.0,
2017-07-24,99353.03057351186,0.0,0.0,0.0,
2017-07-25,99353.03057351186,0.0,0.0,0.0,
2017-07-26,99353.03057351186,0.0,0.0,0.0,
2017-07-27,99353.03057351186,0.0,0.0,0.0,
2017-07-28,99353.03057351186,0.0,0.0,0.0,
2017-07-31,99353.03057351186,0.0,0.0,0.0,
2017-08-01,99353.03057351186,0.0,0.0,0.0,
2017-08-02,99353.03057351186,0.0,0.0,0.0,
2017-08-03,99353.03057351186,0.0,0.0,0.0,
2017-08-04,99353.03057351186,0.0,0.0,0.0,
2017-08-07,99353.03057351186,0.0,0.0,0.0,
2017-08-08,99353.03057351186,0.0,0.0,0.0,
2017-08-09,99353.03057351186,0.0,0.0,0.0,
2017-08-10,99353.03057351186,0.0,0.0,0.0,
2017-08-11,99353.03057351186,0.0,0.0,0.0,
2017-08-14,99353.03057351186,0.0,0.0,0.0,
2017-08-15,99353.03057351186,0.0,0.0,0.0,
2017-08-16,99353.03057351186,0.0,0.0,0.0,
2017-08-17,99353.03057351186,0.0,0.0,0.0,
2017-08-18,99353.03057351186,0.0,0.0,0.0,
2017-08-21,99353.03057351186,0.0,0.0,0.0,
2017-08-22,99353.03057351186,0.0,0.0,0.0,
2017-08-23,99353.03057351186,0.0,0.0,0.0,
2017-08-24,99353.03057351186,0.0,0.0,0.0,
2017-08-25,99353.03057351186,0.0,0.0,0.0,
2017-08-28,99353.03057351186,0.0,0.0,0.0,
2017-08-29,99353.03057351186,0.0,0.0,0.0,
2017-08-30,99353.03057351186,0.0,0.0,0.0,
2017-08-31,99353.03057351186,0.0,0.0,0.0,
2017-09-01,99353.03057351186,0.0,0.0,0.0,
2017-09-05,99353.03057351186,0.0,0.0,0.0,
2017-09-06,99353.03057351186,0.0,0.0,0.0,
2017-09-07,99353.03057351186,0.0,0.0,0.0,
2017-09-08,99353.03057351186,0.0,0.0,0.0,
2017-09-11,99353.03057351186,0.0,0.0,0.0,
2017-09-12,99353.03057351186,0.0,0.0,0.0,
2017-09-13,99353.03057351186,0.0,0.0,0.0,
2017-09-14,99353.03057351186,0.0,0.0,0.0,
2017-09-15,99353.03057351186,0.0,0.0,0.0,
2017-09-18,99353.03057351186,0.0,0.0,0.0,
2017-09-19,99353.03057351186,0.0,0.0,0.0,
2017-09-20,99353.03057351186,0.0,0.0,0.0,
2017-09-21,99353.03057351186,0.0,0.0,0.0,
2017-09-22,99353.03057351186,0.0,0.0,0.0,
2017-09-25,99353.03057351186,0.0,0.0,0.0,
2017-09-26,99353.03057351186,0.0,0.0,0.0,
2017-09-27,99353.03057351186,0.0,0.0,0.0,
2017-09-28,99353.03057351186,0.0,0.0,0.0,
2017-09-29,99353.03057351186,0.0,0.0,0.0,
2017-10-02,99353.03057351186,0.0,0.0,0.0,
2017-10-03,99353.03057351186,0.0,0.0,0.0,
2017-10-04,99353.03057351186,0.0,0.0,0.0,
2017-10-05,99353.03057351186,0.0,0.0,0.0,
2017-10-06,99353.03057351186,0.0,0.0,0.0,
2017-10-09,99353.03057351186,0.0,0.0,0.0,
2017-10-10,99353.03057351186,0.0,0.0,0.0,
2017-10-11,99353.03057351186,0.0,0.0,0.0,
2017-10-12,99353.03057351186,0.0,0.0,0.0,
2017-10-13,99353.03057351186,0.0,0.0,0.0,
2017-10-16,99353.03057351186,0.0,0.0,0.0,
2017-10-17,99353.03057351186,0.0,0.0,0.0,
2017-10-18,99353.03057351186,0.0,0.0,0.0,
2017-10-19,99353.03057351186,0.0,0.0,0.0,
2017-10-20,99353.03057351186,0.0,0.0,0.0,
2017-10-23,99353.03057351186,0.0,0.0,0.0,
2017-10-24,99353.03057351186,0.0,0.0,0.0,
2017-10-25,99353.03057351186,0.0,0.0,0.0,
2017-10-26,99353.03057351186,0.0,0.0,0.0,
2017-10-27,99353.03057351186,0.0,0.0,0.0,
2017-10-30,99353.03057351186,0.0,0.0,0.0,
2017-10-31,99353.03057351186,0.0,0.0,0.0,
2017-11-01,99353.03057351186,0.0,0.0,0.0,
2017-11-02,99353.03057351186,0.0,0.0,0.0,
2017-11-03,99353.03057351186,0.0,0.0,0.0,
2017-11-06,99353.03057351186,0.0,0.0,0.0,
2017-11-07,99353.03057351186,0.0,0.0,0.0,
2017-11-08,99353.03057351186,0.0,0.0,0.0,
2017-11-09,99353.03057351186,0.0,0.0,0.0,
2017-11-10,99353.03057351186,0.0,0.0,0.0,
2017-11-13,99353.03057351186,0.0,0.0,0.0,
2017-11-14,99353.03057351186,0.0,0.0,0.0,
2017-11-15,99353.03057351186,0.0,0.0,0.0,
2017-11-16,99353.03057351186,0.0,0.0,0.0,
2017-11-17,99353.03057351186,0.0,0.0,0.0,
2017-11-20,99353.03057351186,0.0,0.0,0.0,
2017-11-21,99353.03057351186,0.0,0.0,0.0,
2017-11-22,99353.03057351186,0.0,0.0,0.0,
2017-11-24,99353.03057351186,0.0,0.0,0.0,
2017-11-27,99353.03057351186,0.0,0.0,0.0,
2017-11-28,99353.03057351186,0.0,0.0,0.0,
2017-11-29,99353.03057351186,0.0,0.0,0.0,
2017-11-30,99353.03057351186,0.0,0.0,0.0,
2017-12-01,99353.03057351186,0.0,0.0,0.0,
2017-12-04,99353.03057351186,0.0,0.0,0.0,
2017-12-05,99353.03057351186,0.0,0.0,0.0,
2017-12-06,99353.03057351186,0.0,0.0,0.0,
2017-12-07,99353.03057351186,0.0,0.0,0.0,
2017-12-08,99353.03057351186,0.0,0.0,0.0,
2017-12-11,99353.03057351186,0.0,0.0,0.0,
2017-12-12,99353.03057351186,0.0,0.0,0.0,
2017-12-13,99353.03057351186,0.0,0.0,0.0,
2017-12-14,99353.03057351186,0.0,0.0,0.0,
2017-12-15,99353.03057351186,0.0,0.0,0.0,
2017-12-18,99353.03057351186,0.0,0.0,0.0,
2017-12-19,99353.03057351186,0.0,0.0,0.0,
2017-12-20,99353.03057351186,0.0,0.0,0.0,
2017-12-21,99353.03057351186,0.0,0.0,0.0,
2017-12-22,99353.03057351186,0.0,0.0,0.0,
2017-12-26,99353.03057351186,0.0,0.0,0.0,
2017-12-27,99353.03057351186,0.0,0.0,0.0,
2017-12-28,99353.03057351186,0.0,0.0,0.0,
2017-12-29,99353.03057351186,0.0,0.0,0.0,
2018-01-02,99353.03057351186,0.0,0.0,0.0,
2018-01-03,99353.03057351186,0.0,0.0,0.0,
2018-01-04,99353.03057351186,0.0,0.0,0.0,
2018-01-05,99353.03057351186,0.0,0.0,0.0,
2018-01-08,99353.03057351186,0.0,0.0,0.0,
2018-01-09,99353.03057351186,0.0,0.0,0.0,
2018-01-10,99353.03057351186,0.0,0.0,0.0,
2018-01-11,99353.03057351186,0.0,0.0,0.0,
2018-01-12,99353.03057351186,0.0,0.0,0.0,
2018-01-16,99353.03057351186,0.0,0.0,0.0,
2018-01-17,99353.03057351186,0.0,0.0,0.0,
2018-01-18,99353.03057351186,0.0,0.0,0.0,
2018-01-19,99353.03057351186,0.0,0.0,0.0,
2018-01-22,99353.03057351186,0.0,0.0,0.0,
2018-01-23,99353.03057351186,0.0,0.0,0.0,
2018-01-24,99353.03057351186,0.0,0.0,0.0,
2018-01-25,99353.03057351186,0.0,0.0,0.0,
2018-01-26,99353.03057351186,0.0,0.0,0.0,
2018-01-29,99353.03057351186,0.0,0.0,0.0,
2018-01-30,99353.03057351186,0.0,0.0,0.0,
2018-01-31,99353.03057351186,0.0,0.0,0.0,
2018-02-01,99353.03057351186,0.0,0.0,0.0,
2018-02-02,99353.03057351186,0.0,0.0,0.0,
2018-02-05,99353.03057351186,0.0,0.0,0.0,
2018-02-06,99353.03057351186,0.0,0.0,0.0,
2018-02-07,99353.03057351186,0.0,0.0,0.0,
2018-02-08,99353.03057351186,0.0,0.0,0.0,
2018-02-09,99353.03057351186,0.0,0.0,0.0,
2018-02-12,99353.03057351186,0.0,0.0,0.0,
2018-02-13,99353.03057351186,0.0,0.0,0.0,
2018-02-14,99353.03057351186,0.0,0.0,0.0,
2018-02-15,99353.03057351186,0.0,0.0,0.0,
2018-02-16,99353.03057351186,0.0,0.0,0.0,
2018-02-20,99353.03057351186,0.0,0.0,0.0,
2018-02-21,99353.03057351186,0.0,0.0,0.0,
2018-02-22,99353.03057351186,0.0,0.0,0.0,
2018-02-23,99353.03057351186,0.0,0.0,0.0,
2018-02-26,99353.03057351186,0.0,0.0,0.0,
2018-02-27,99353.03057351186,0.0,0.0,0.0,
2018-02-28,99353.03057351186,0.0,0.0,0.0,
2018-03-01,99353.03057351186,0.0,0.0,0.0,
2018-03-02,99353.03057351186,0.0,0.0,0.0,
2018-03-05,99353.03057351186,0.0,0.0,0.0,
2018-03-06,99353.03057351186,0.0,0.0,0.0,
2018-03-07,99353.03057351186,0.0,0.0,0.0,
2018-03-08,99353.03057351186,0.0,0.0,0.0,
2018-03-09,99353.03057351186,0.0,0.0,0.0,
2018-03-12,99353.03057351186,0.0,0.0,0.0,
2018-03-13,99353.03057351186,0.0,0.0,0.0,
2018-03-14,99353.03057351186,0.0,0.0,0.0,
2018-03-15,99353.03057351186,0.0,0.0,0.0,
2018-03-16,99353.03057351186,0.0,0.0,0.0,
2018-03-19,99353.03057351186,0.0,0.0,0.0,
2018-03-20,99353.03057351186,0.0,0.0,0.0,
2018-03-21,99353.03057351186,0.0,0.0,0.0,
2018-03-22,99353.03057351186,0.0,0.0,0.0,
2018-03-23,99353.03057351186,0.0,0.0,0.0,
2018-03-26,99353.03057351186,0.0,0.0,0.0,
2018-03-27,99353.03057351186,0.0,0.0,0.0,
2018-03-28,99353.03057351186,0.0,0.0,0.0,
2018-03-29,99353.03057351186,0.0,0.0,0.0,
2018-04-02,99353.03057351186,0.0,0.0,0.0,
2018-04-03,99353.03057351186,0.0,0.0,0.0,
2018-04-04,99353.03057351186,0.0,0.0,0.0,
2018-04-05,99353.03057351186,0.0,0.0,0.0,
2018-04-06,99353.03057351186,0.0,0.0,0.0,
2018-04-09,99353.03057351186,0.0,0.0,0.0,
2018-04-10,99353.03057351186,0.0,0.0,0.0,
2018-04-11,99353.03057351186,0.0,0.0,0.0,
2018-04-12,99353.03057351186,0.0,0.0,0.0,
2018-04-13,99353.03057351186,0.0,0.0,0.0,
2018-04-16,99353.03057351186,0.0,0.0,0.0,
2018-04-17,99353.03057351186,0.0,0.0,0.0,
2018-04-18,99353.03057351186,0.0,0.0,0.0,
2018-04-19,99353.03057351186,0.0,0.0,0.0,
2018-04-20,99353.03057351186,0.0,0.0,0.0,
2018-04-23,99353.03057351186,0.0,0.0,0.0,
2018-04-24,99353.03057351186,0.0,0.0,0.0,
2018-04-25,99353.03057351186,0.0,0.0,0.0,
2018-04-26,99353.03057351186,0.0,0.0,0.0,
2018-04-27,99353.03057351186,0.0,0.0,0.0,
2018-04-30,99353.03057351186,0.0,0.0,0.0,
2018-05-01,99353.03057351186,0.0,0.0,0.0,
2018-05-02,99353.03057351186,0.0,0.0,0.0,
2018-05-03,99353.03057351186,0.0,0.0,0.0,
2018-05-04,99353.03057351186,0.0,0.0,0.0,
2018-05-07,99353.03057351186,0.0,0.0,0.0,
2018-05-08,99353.03057351186,0.0,0.0,0.0,
2018-05-09,99353.03057351186,0.0,0.0,0.0,
2018-05-10,99353.03057351186,0.0,0.0,0.0,
2018-05-11,99353.03057351186,0.0,0.0,0.0,
2018-05-14,99353.03057351186,0.0,0.0,0.0,
2018-05-15,99353.03057351186,0.0,0.0,0.0,
2018-05-16,99353.03057351186,0.0,0.0,0.0,
2018-05-17,99353.03057351186,0.0,0.0,0.0,
2018-05-18,99353.03057351186,0.0,0.0,0.0,
2018-05-21,99353.03057351186,0.0,0.0,0.0,
2018-05-22,99353.03057351186,0.0,0.0,0.0,
2018-05-23,99353.03057351186,0.0,0.0,0.0,
2018-05-24,99353.03057351186,0.0,0.0,0.0,
2018-05-25,99353.03057351186,0.0,0.0,0.0,
2018-05-29,99353.03057351186,0.0,0.0,0.0,
2018-05-30,99353.03057351186,0.0,0.0,0.0,
2018-05-31,99353.03057351186,0.0,0.0,0.0,
2018-06-01,99353.03057351186,0.0,0.0,0.0,
2018-06-04,99353.03057351186,0.0,0.0,0.0,
2018-06-05,99353.03057351186,0.0,0.0,0.0,
2018-06-06,99353.03057351186,0.0,0.0,0.0,
2018-06-07,99353.03057351186,0.0,0.0,0.0,
2018-06-08,99353.03057351186,0.0,0.0,0.0,
2018-06-11,99353.03057351186,0.0,0.0,0.0,
2018-06-12,99353.03057351186,0.0,0.0,0.0,
2018-06-13,99353.03057351186,0.0,0.0,0.0,
2018-06-14,99353.03057351186,0.0,0.0,0.0,
2018-06-15,99353.03057351186,0.0,0.0,0.0,
2018-06-18,99353.03057351186,0.0,0.0,0.0,
2018-06-19,99353.03057351186,0.0,0.0,0.0,
2018-06-20,99353.03057351186,0.0,0.0,0.0,
2018-06-21,99353.03057351186,0.0,0.0,0.0,
2018-06-22,99353.03057351186,0.0,0.0,0.0,
2018-06-25,99353.03057351186,0.0,0.0,0.0,
2018-06-26,99353.03057351186,0.0,0.0,0.0,
2018-06-27,99353.03057351186,0.0,0.0,0.0,
2018-06-28,99353.03057351186,0.0,0.0,0.0,
2018-06-29,99353.03057351186,0.0,0.0,0.0,
2018-07-02,99353.03057351186,0.0,0.0,0.0,
2018-07-03,99353.03057351186,0.0,0.0,0.0,
2018-07-05,99353.03057351186,0.0,0.0,0.0,
2018-07-06,99353.03057351186,0.0,0.0,0.0,
2018-07-09,99353.03057351186,0.0,0.0,0.0,
2018-07-10,99353.03057351186,0.0,0.0,0.0,
2018-07-11,99353.03057351186,0.0,0.0,0.0,
2018-07-12,99353.03057351186,0.0,0.0,0.0,
2018-07-13,99353.03057351186,0.0,0.0,0.0,
2018-07-16,99353.03057351186,0.0,0.0,0.0,
2018-07-17,99353.03057351186,0.0,0.0,0.0,
2018-07-18,99353.03057351186,0.0,0.0,0.0,
2018-07-19,99353.03057351186,0.0,0.0,0.0,
2018-07-20,99353.03057351186,0.0,0.0,0.0,
2018-07-23,99353.03057351186,0.0,0.0,0.0,
2018-07-24,99353.03057351186,0.0,0.0,0.0,
2018-07-25,99353.03057351186,0.0,0.0,0.0,
2018-07-26,99353.03057351186,0.0,0.0,0.0,
2018-07-27,99353.03057351186,0.0,0.0,0.0,
2018-07-30,99353.03057351186,0.0,0.0,0.0,
2018-07-31,99353.03057351186,0.0,0.0,0.0,
2018-08-01,99353.03057351186,0.0,0.0,0.0,
2018-08-02,99353.03057351186,0.0,0.0,0.0,
2018-08-03,99353.03057351186,0.0,0.0,0.0,
2018-08-06,99353.03057351186,0.0,0.0,0.0,
2018-08-07,99353.03057351186,0.0,0.0,0.0,
2018-08-08,99353.03057351186,0.0,0.0,0.0,
2018-08-09,99353.03057351186,0.0,0.0,0.0,
2018-08-10,99353.03057351186,0.0,0.0,0.0,
2018-08-13,99353.03057351186,0.0,0.0,0.0,
2018-08-14,99353.03057351186,0.0,0.0,0.0,
2018-08-15,99353.03057351186,0.0,0.0,0.0,
2018-08-16,99353.03057351186,0.0,0.0,0.0,
2018-08-17,99353.03057351186,0.0,0.0,0.0,
2018-08-20,99353.03057351186,0.0,0.0,0.0,
2018-08-21,99353.03057351186,0.0,0.0,0.0,
2018-08-22,99353.03057351186,0.0,0.0,0.0,
2018-08-23,99353.03057351186,0.0,0.0,0.0,
2018-08-24,99353.03057351186,0.0,0.0,0.0,
2018-08-27,99353.03057351186,0.0,0.0,0.0,
2018-08-28,99353.03057351186,0.0,0.0,0.0,
2018-08-29,99353.03057351186,0.0,0.0,0.0,
2018-08-30,99353.03057351186,0.0,0.0,0.0,
2018-08-31,99353.03057351186,0.0,0.0,0.0,
2018-09-04,99353.03057351186,0.0,0.0,0.0,
2018-09-05,99353.03057351186,0.0,0.0,0.0,
2018-09-06,99353.03057351186,0.0,0.0,0.0,
2018-09-07,99353.03057351186,0.0,0.0,0.0,
2018-09-10,99353.03057351186,0.0,0.0,0.0,
2018-09-11,99353.03057351186,0.0,0.0,0.0,
2018-09-12,99353.03057351186,0.0,0.0,0.0,
2018-09-13,99353.03057351186,0.0,0.0,0.0,
2018-09-14,99353.03057351186,0.0,0.0,0.0,
2018-09-17,99353.03057351186,0.0,0.0,0.0,
2018-09-18,99353.03057351186,0.0,0.0,0.0,
2018-09-19,99353.03057351186,0.0,0.0,0.0,
2018-09-20,99353.03057351186,0.0,0.0,0.0,
2018-09-21,99353.03057351186,0.0,0.0,0.0,
2018-09-24,99353.03057351186,0.0,0.0,0.0,
2018-09-25,99353.03057351186,0.0,0.0,0.0,
2018-09-26,99353.03057351186,0.0,0.0,0.0,
2018-09-27,99353.03057351186,0.0,0.0,0.0,
2018-09-28,99353.03057351186,0.0,0.0,0.0,
2018-10-01,99353.03057351186,0.0,0.0,0.0,
2018-10-02,99353.03057351186,0.0,0.0,0.0,
2018-10-03,99353.03057351186,0.0,0.0,0.0,
2018-10-04,99353.03057351186,0.0,0.0,0.0,
2018-10-05,99353.03057351186,0.0,0.0,0.0,
2018-10-08,99353.03057351186,0.0,0.0,0.0,
2018-10-09,99353.03057351186,0.0,0.0,0.0,
2018-10-10,99353.03057351186,0.0,0.0,0.0,
2018-10-11,99353.03057351186,0.0,0.0,0.0,
2018-10-12,99353.03057351186,0.0,0.0,0.0,
2018-10-15,99353.03057351186,0.0,0.0,0.0,
2018-10-16,99353.03057351186,0.0,0.0,0.0,
2018-10-17,99353.03057351186,0.0,0.0,0.0,
2018-10-18,99353.03057351186,0.0,0.0,0.0,
2018-10-19,99353.03057351186,0.0,0.0,0.0,
2018-10-22,99353.03057351186,0.0,0.0,0.0,
2018-10-23,99353.03057351186,0.0,0.0,0.0,
2018-10-24,99353.03057351186,0.0,0.0,0.0,
2018-10-25,99353.03057351186,0.0,0.0,0.0,
2018-10-26,99353.03057351186,0.0,0.0,0.0,
2018-10-29,99353.03057351186,0.0,0.0,0.0,
2018-10-30,99353.03057351186,0.0,0.0,0.0,
2018-10-31,99353.03057351186,0.0,0.0,0.0,
2018-11-01,99353.03057351186,0.0,0.0,0.0,
2018-11-02,99353.03057351186,0.0,0.0,0.0,
2018-11-05,99353.03057351186,0.0,0.0,0.0,
2018-11-06,99353.03057351186,0.0,0.0,0.0,
2018-11-07,99353.03057351186,0.0,0.0,0.0,
2018-11-08,99353.03057351186,0.0,0.0,0.0,
2018-11-09,99353.03057351186,0.0,0.0,0.0,
2018-11-12,99353.03057351186,0.0,0.0,0.0,
2018-11-13,99353.03057351186,0.0,0.0,0.0,
2018-11-14,99353.03057351186,0.0,0.0,0.0,
2018-11-15,99353.03057351186,0.0,0.0,0.0,
2018-11-16,99353.03057351186,0.0,0.0,0.0,
2018-11-19,99353.03057351186,0.0,0.0,0.0,
2018-11-20,99353.03057351186,0.0,0.0,0.0,
2018-11-21,99353.03057351186,0.0,0.0,0.0,
2018-11-23,99353.03057351186,0.0,0.0,0.0,
2018-11-26,99353.03057351186,0.0,0.0,0.0,
2018-11-27,99353.03057351186,0.0,0.0,0.0,
2018-11-28,99353.03057351186,0.0,0.0,0.0,
2018-11-29,99353.03057351186,0.0,0.0,0.0,
2018-11-30,99353.03057351186,0.0,0.0,0.0,
2018-12-03,99353.03057351186,0.0,0.0,0.0,
2018-12-04,99353.03057351186,0.0,0.0,0.0,
2018-12-06,99353.03057351186,0.0,0.0,0.0,
2018-12-07,99353.03057351186,0.0,0.0,0.0,
2018-12-10,99353.03057351186,0.0,0.0,0.0,
2018-12-11,99353.03057351186,0.0,0.0,0.0,
2018-12-12,99353.03057351186,0.0,0.0,0.0,
2018-12-13,99353.03057351186,0.0,0.0,0.0,
2018-12-14,99353.03057351186,0.0,0.0,0.0,
2018-12-17,99353.03057351186,0.0,0.0,0.0,
2018-12-18,99353.03057351186,0.0,0.0,0.0,
2018-12-19,99353.03057351186,0.0,0.0,0.0,
2018-12-20,99353.03057351186,0.0,0.0,0.0,
2018-12-21,99353.03057351186,0.0,0.0,0.0,
2018-12-24,99353.03057351186,0.0,0.0,0.0,
2018-12-26,99353.03057351186,0.0,0.0,0.0,
2018-12-27,99353.03057351186,0.0,0.0,0.0,
2018-12-28,99353.03057351186,0.0,0.0,0.0,
2018-12-31,99353.03057351186,0.0,0.0,0.0,
2019-01-02,99353.03057351186,0.0,0.0,0.0,
2019-01-03,99353.03057351186,0.0,0.0,0.0,
2019-01-04,99353.03057351186,0.0,0.0,0.0,
2019-01-07,99353.03057351186,0.0,0.0,0.0,
2019-01-08,99353.03057351186,0.0,0.0,0.0,
2019-01-09,99353.03057351186,0.0,0.0,0.0,
2019-01-10,99353.03057351186,0.0,0.0,0.0,
2019-01-11,99353.03057351186,0.0,0.0,0.0,
2019-01-14,99353.03057351186,0.0,0.0,0.0,
2019-01-15,99353.03057351186,0.0,0.0,0.0,
2019-01-16,99353.03057351186,0.0,0.0,0.0,
2019-01-17,99353.03057351186,0.0,0.0,0.0,
2019-01-18,99353.03057351186,0.0,0.0,0.0,
2019-01-22,99353.03057351186,0.0,0.0,0.0,
2019-01-23,99353.03057351186,0.0,0.0,0.0,
2019-01-24,99353.03057351186,0.0,0.0,0.0,
2019-01-25,99353.03057351186,0.0,0.0,0.0,
2019-01-28,99353.03057351186,0.0,0.0,0.0,
2019-01-29,99353.03057351186,0.0,0.0,0.0,
2019-01-30,99353.03057351186,0.0,0.0,0.0,
2019-01-31,99353.03057351186,0.0,0.0,0.0,
2019-02-01,99353.03057351186,0.0,0.0,0.0,
2019-02-04,99353.03057351186,0.0,0.0,0.0,
2019-02-05,99353.03057351186,0.0,0.0,0.0,
2019-02-06,99353.03057351186,0.0,0.0,0.0,
2019-02-07,99353.03057351186,0.0,0.0,0.0,
2019-02-08,99353.03057351186,0.0,0.0,0.0,
2019-02-11,99353.03057351186,0.0,0.0,0.0,
2019-02-12,99353.03057351186,0.0,0.0,0.0,
2019-02-13,99353.03057351186,0.0,0.0,0.0,
2019-02-14,99353.03057351186,0.0,0.0,0.0,
2019-02-15,99353.03057351186,0.0,0.0,0.0,
2019-02-19,99353.03057351186,0.0,0.0,0.0,
2019-02-20,99353.03057351186,0.0,0.0,0.0,
2019-02-21,99353.03057351186,0.0,0.0,0.0,
2019-02-22,99353.03057351186,0.0,0.0,0.0,
2019-02-25,99353.03057351186,0.0,0.0,0.0,
2019-02-26,99353.03057351186,0.0,0.0,0.0,
2019-02-27,99353.03057351186,0.0,0.0,0.0,
2019-02-28,99353.03057351186,0.0,0.0,0.0,
2019-03-01,99353.03057351186,0.0,0.0,0.0,
2019-03-04,99353.03057351186,0.0,0.0,0.0,
2019-03-05,99353.03057351186,0.0,0.0,0.0,
2019-03-06,99353.03057351186,0.0,0.0,0.0,
2019-03-07,99353.03057351186,0.0,0.0,0.0,
2019-03-08,99353.03057351186,0.0,0.0,0.0,
2019-03-11,99353.03057351186,0.0,0.0,0.0,
2019-03-12,99353.03057351186,0.0,0.0,0.0,
2019-03-13,99353.03057351186,0.0,0.0,0.0,
2019-03-14,99353.03057351186,0.0,0.0,0.0,
2019-03-15,99353.03057351186,0.0,0.0,0.0,
2019-03-18,99353.03057351186,0.0,0.0,0.0,
2019-03-19,99353.03057351186,0.0,0.0,0.0,
2019-03-20,99353.03057351186,0.0,0.0,0.0,
2019-03-21,99353.03057351186,0.0,0.0,0.0,
2019-03-22,99353.03057351186,0.0,0.0,0.0,
2019-03-25,99353.03057351186,0.0,0.0,0.0,
2019-03-26,99353.03057351186,0.0,0.0,0.0,
2019-03-27,99353.03057351186,0.0,0.0,0.0,
2019-03-28,99353.03057351186,0.0,0.0,0.0,
2019-03-29,99353.03057351186,0.0,0.0,0.0,
2019-04-01,99353.03057351186,0.0,0.0,0.0,
2019-04-02,99353.03057351186,0.0,0.0,0.0,
2019-04-03,99353.03057351186,0.0,0.0,0.0,
2019-04-04,99353.03057351186,0.0,0.0,0.0,
2019-04-05,99353.03057351186,0.0,0.0,0.0,
2019-04-08,99353.03057351186,0.0,0.0,0.0,
2019-04-09,99353.03057351186,0.0,0.0,0.0,
2019-04-10,99353.03057351186,0.0,0.0,0.0,
2019-04-11,99353.03057351186,0.0,0.0,0.0,
2019-04-12,99353.03057351186,0.0,0.0,0.0,
2019-04-15,99353.03057351186,0.0,0.0,0.0,
2019-04-16,99353.03057351186,0.0,0.0,0.0,
2019-04-17,99353.03057351186,0.0,0.0,0.0,
2019-04-18,99353.03057351186,0.0,0.0,0.0,
2019-04-22,99353.03057351186,0.0,0.0,0.0,
2019-04-23,99353.03057351186,0.0,0.0,0.0,
2019-04-24,99353.03057351186,0.0,0.0,0.0,
2019-04-25,99353.03057351186,0.0,0.0,0.0,
2019-04-26,99353.03057351186,0.0,0.0,0.0,
2019-04-29,99353.03057351186,0.0,0.0,0.0,
2019-04-30,99353.03057351186,0.0,0.0,0.0,
2019-05-01,99353.03057351186,0.0,0.0,0.0,
2019-05-02,99353.03057351186,0.0,0.0,0.0,
2019-05-03,99353.03057351186,0.0,0.0,0.0,
2019-05-06,99353.03057351186,0.0,0.0,0.0,
2019-05-07,99353.03057351186,0.0,0.0,0.0,
2019-05-08,99353.03057351186,0.0,0.0,0.0,
2019-05-09,99353.03057351186,0.0,0.0,0.0,
2019-05-10,99353.03057351186,0.0,0.0,0.0,
2019-05-13,99353.03057351186,0.0,0.0,0.0,
2019-05-14,99353.03057351186,0.0,0.0,0.0,
2019-05-15,99353.03057351186,0.0,0.0,0.0,
2019-05-16,99353.03057351186,0.0,0.0,0.0,
2019-05-17,99353.03057351186,0.0,0.0,0.0,
2019-05-20,99353.03057351186,0.0,0.0,0.0,
2019-05-21,99353.03057351186,0.0,0.0,0.0,
2019-05-22,99353.03057351186,0.0,0.0,0.0,
2019-05-23,99353.03057351186,0.0,0.0,0.0,
2019-05-24,99353.03057351186,0.0,0.0,0.0,
2019-05-28,99353.03057351186,0.0,0.0,0.0,
2019-05-29,99353.03057351186,0.0,0.0,0.0,
2019-05-30,99353.03057351186,0.0,0.0,0.0,
2019-05-31,99353.03057351186,0.0,0.0,0.0,
2019-06-03,99353.03057351186,0.0,0.0,0.0,
2019-06-04,99353.03057351186,0.0,0.0,0.0,
2019-06-05,99353.03057351186,0.0,0.0,0.0,
2019-06-06,99353.03057351186,0.0,0.0,0.0,
2019-06-07,99353.03057351186,0.0,0.0,0.0,
2019-06-10,99353.03057351186,0.0,0.0,0.0,
2019-06-11,99353.03057351186,0.0,0.0,0.0,
2019-06-12,99353.03057351186,0.0,0.0,0.0,
2019-06-13,99353.03057351186,0.0,0.0,0.0,
2019-06-14,99353.03057351186,0.0,0.0,0.0,
2019-06-17,99353.03057351186,0.0,0.0,0.0,
2019-06-18,99353.03057351186,0.0,0.0,0.0,
2019-06-19,99353.03057351186,0.0,0.0,0.0,
2019-06-20,99353.03057351186,0.0,0.0,0.0,
2019-06-21,99353.03057351186,0.0,0.0,0.0,
2019-06-24,99353.03057351186,0.0,0.0,0.0,
2019-06-25,99353.03057351186,0.0,0.0,0.0,
2019-06-26,99353.03057351186,0.0,0.0,0.0,
2019-06-27,99353.03057351186,0.0,0.0,0.0,
2019-06-28,99353.03057351186,0.0,0.0,0.0,
2019-07-01,99353.03057351186,0.0,0.0,0.0,
2019-07-02,99353.03057351186,0.0,0.0,0.0,
2019-07-03,99353.03057351186,0.0,0.0,0.0,
2019-07-05,99353.03057351186,0.0,0.0,0.0,
2019-07-08,99353.03057351186,0.0,0.0,0.0,
2019-07-09,99353.03057351186,0.0,0.0,0.0,
2019-07-10,99353.03057351186,0.0,0.0,0.0,
2019-07-11,99353.03057351186,0.0,0.0,0.0,
2019-07-12,99353.03057351186,0.0,0.0,0.0,
2019-07-15,99353.03057351186,0.0,0.0,0.0,
2019-07-16,99353.03057351186,0.0,0.0,0.0,
2019-07-17,99353.03057351186,0.0,0.0,0.0,
2019-07-18,99353.03057351186,0.0,0.0,0.0,
2019-07-19,99353.03057351186,0.0,0.0,0.0,
2019-07-22,99353.03057351186,0.0,0.0,0.0,
2019-07-23,99353.03057351186,0.0,0.0,0.0,
2019-07-24,99353.03057351186,0.0,0.0,0.0,
2019-07-25,99353.03057351186,0.0,0.0,0.0,
2019-07-26,99353.03057351186,0.0,0.0,0.0,
2019-07-29,99353.03057351186,0.0,0.0,0.0,
2019-07-30,99353.03057351186,0.0,0.0,0.0,
2019-07-31,99353.03057351186,0.0,0.0,0.0,
2019-08-01,99353.03057351186,0.0,0.0,0.0,
2019-08-02,99353.03057351186,0.0,0.0,0.0,
2019-08-05,99353.03057351186,0.0,0.0,0.0,
2019-08-06,99353.03057351186,0.0,0.0,0.0,
2019-08-07,99353.03057351186,0.0,0.0,0.0,
2019-08-08,99353.03057351186,0.0,0.0,0.0,
2019-08-09,99353.03057351186,0.0,0.0,0.0,
2019-08-12,99353.03057351186,0.0,0.0,0.0,
2019-08-13,99353.03057351186,0.0,0.0,0.0,
2019-08-14,99353.03057351186,0.0,0.0,0.0,
2019-08-15,99353.03057351186,0.0,0.0,0.0,
2019-08-16,99353.03057351186,0.0,0.0,0.0,
2019-08-19,99353.03057351186,0.0,0.0,0.0,
2019-08-20,99353.03057351186,0.0,0.0,0.0,
2019-08-21,99353.03057351186,0.0,0.0,0.0,
2019-08-22,99353.03057351186,0.0,0.0,0.0,
2019-08-23,99353.03057351186,0.0,0.0,0.0,
2019-08-26,99353.03057351186,0.0,0.0,0.0,
2019-08-27,99353.03057351186,0.0,0.0,0.0,
2019-08-28,99353.03057351186,0.0,0.0,0.0,
2019-08-29,99353.03057351186,0.0,0.0,0.0,
2019-08-30,99353.03057351186,0.0,0.0,0.0,
2019-09-03,99353.03057351186,0.0,0.0,0.0,
2019-09-04,99353.03057351186,0.0,0.0,0.0,
2019-09-05,99353.03057351186,0.0,0.0,0.0,
2019-09-06,99353.03057351186,0.0,0.0,0.0,
2019-09-09,99353.03057351186,0.0,0.0,0.0,
2019-09-10,99353.03057351186,0.0,0.0,0.0,
2019-09-11,99353.03057351186,0.0,0.0,0.0,
2019-09-12,99353.03057351186,0.0,0.0,0.0,
2019-09-13,99353.03057351186,0.0,0.0,0.0,
2019-09-16,99353.03057351186,0.0,0.0,0.0,
2019-09-17,99353.03057351186,0.0,0.0,0.0,
2019-09-18,99353.03057351186,0.0,0.0,0.0,
2019-09-19,99353.03057351186,0.0,0.0,0.0,
2019-09-20,99353.03057351186,0.0,0.0,0.0,
2019-09-23,99353.03057351186,0.0,0.0,0.0,
2019-09-24,99353.03057351186,0.0,0.0,0.0,
2019-09-25,99353.03057351186,0.0,0.0,0.0,
2019-09-26,99353.03057351186,0.0,0.0,0.0,
2019-09-27,99353.03057351186,0.0,0.0,0.0,
2019-09-30,99353.03057351186,0.0,0.0,0.0,
2019-10-01,99353.03057351186,0.0,0.0,0.0,
2019-10-02,99353.03057351186,0.0,0.0,0.0,
2019-10-03,99353.03057351186,0.0,0.0,0.0,
2019-10-04,99353.03057351186,0.0,0.0,0.0,
2019-10-07,99353.03057351186,0.0,0.0,0.0,
2019-10-08,99353.03057351186,0.0,0.0,0.0,
2019-10-09,99353.03057351186,0.0,0.0,0.0,
2019-10-10,99353.03057351186,0.0,0.0,0.0,
2019-10-11,99353.03057351186,0.0,0.0,0.0,
2019-10-14,99353.03057351186,0.0,0.0,0.0,
2019-10-15,99353.03057351186,0.0,0.0,0.0,
2019-10-16,99353.03057351186,0.0,0.0,0.0,
2019-10-17,99353.03057351186,0.0,0.0,0.0,
2019-10-18,99353.03057351186,0.0,0.0,0.0,
2019-10-21,99353.03057351186,0.0,0.0,0.0,
2019-10-22,99353.03057351186,0.0,0.0,0.0,
2019-10-23,99353.03057351186,0.0,0.0,0.0,
2019-10-24,99353.03057351186,0.0,0.0,0.0,
2019-10-25,99353.03057351186,0.0,0.0,0.0,
2019-10-28,99353.03057351186,0.0,0.0,0.0,
2019-10-29,99353.03057351186,0.0,0.0,0.0,
2019-10-30,99353.03057351186,0.0,0.0,0.0,
2019-10-31,99353.03057351186,0.0,0.0,0.0,
2019-11-01,99353.03057351186,0.0,0.0,0.0,
2019-11-04,99353.03057351186,0.0,0.0,0.0,
2019-11-05,99353.03057351186,0.0,0.0,0.0,
2019-11-06,99353.03057351186,0.0,0.0,0.0,
2019-11-07,99353.03057351186,0.0,0.0,0.0,
2019-11-08,99353.03057351186,0.0,0.0,0.0,
2019-11-11,99353.03057351186,0.0,0.0,0.0,
2019-11-12,99353.03057351186,0.0,0.0,0.0,
2019-11-13,99353.03057351186,0.0,0.0,0.0,
2019-11-14,99353.03057351186,0.0,0.0,0.0,
2019-11-15,99353.03057351186,0.0,0.0,0.0,
2019-11-18,99353.03057351186,0.0,0.0,0.0,
2019-11-19,99353.03057351186,0.0,0.0,0.0,
2019-11-20,99353.03057351186,0.0,0.0,0.0,
2019-11-21,99353.03057351186,0.0,0.0,0.0,
2019-11-22,99353.03057351186,0.0,0.0,0.0,
2019-11-25,99353.03057351186,0.0,0.0,0.0,
2019-11-26,99353.03057351186,0.0,0.0,0.0,
2019-11-27,99353.03057351186,0.0,0.0,0.0,
2019-11-29,99353.03057351186,0.0,0.0,0.0,
2019-12-02,99353.03057351186,0.0,0.0,0.0,
2019-12-03,99353.03057351186,0.0,0.0,0.0,
2019-12-04,99353.03057351186,0.0,0.0,0.0,
2019-12-05,99353.03057351186,0.0,0.0,0.0,
2019-12-06,99353.03057351186,0.0,0.0,0.0,
2019-12-09,99353.03057351186,0.0,0.0,0.0,
2019-12-10,99353.03057351186,0.0,0.0,0.0,
2019-12-11,99353.03057351186,0.0,0.0,0.0,
2019-12-12,99353.03057351186,0.0,0.0,0.0,
2019-12-13,99353.03057351186,0.0,0.0,0.0,
2019-12-16,99353.03057351186,0.0,0.0,0.0,
2019-12-17,99353.03057351186,0.0,0.0,0.0,
2019-12-18,99353.03057351186,0.0,0.0,0.0,
2019-12-19,99353.03057351186,0.0,0.0,0.0,
2019-12-20,99353.03057351186,0.0,0.0,0.0,
2019-12-23,99353.03057351186,0.0,0.0,0.0,
2019-12-24,99353.03057351186,0.0,0.0,0.0,
2019-12-26,99353.03057351186,0.0,0.0,0.0,
2019-12-27,99353.03057351186,0.0,0.0,0.0,
2019-12-30,99353.03057351186,0.0,0.0,0.0,
2019-12-31,99353.03057351186,0.0,0.0,0.0,
2020-01-02,99353.03057351186,0.0,0.0,0.0,
2020-01-03,99353.03057351186,0.0,0.0,0.0,
2020-01-06,99353.03057351186,0.0,0.0,0.0,
2020-01-07,99353.03057351186,0.0,0.0,0.0,
2020-01-08,99353.03057351186,0.0,0.0,0.0,
2020-01-09,99353.03057351186,0.0,0.0,0.0,
2020-01-10,99353.03057351186,0.0,0.0,0.0,
2020-01-13,99353.03057351186,0.0,0.0,0.0,
2020-01-14,99353.03057351186,0.0,0.0,0.0,
2020-01-15,99353.03057351186,0.0,0.0,0.0,
2020-01-16,99353.03057351186,0.0,0.0,0.0,
2020-01-17,99353.03057351186,0.0,0.0,0.0,
2020-01-21,99353.03057351186,0.0,0.0,0.0,
2020-01-22,99353.03057351186,0.0,0.0,0.0,
2020-01-23,99353.03057351186,0.0,0.0,0.0,
2020-01-24,99353.03057351186,0.0,0.0,0.0,
2020-01-27,99353.03057351186,0.0,0.0,0.0,
2020-01-28,99353.03057351186,0.0,0.0,0.0,
2020-01-29,99353.03057351186,0.0,0.0,0.0,
2020-01-30,99353.03057351186,0.0,0.0,0.0,
2020-01-31,99353.03057351186,0.0,0.0,0.0,
2020-02-03,99353.03057351186,0.0,0.0,0.0,
2020-02-04,99353.03057351186,0.0,0.0,0.0,
2020-02-05,99353.03057351186,0.0,0.0,0.0,
2020-02-06,99353.03057351186,0.0,0.0,0.0,
2020-02-07,99353.03057351186,0.0,0.0,0.0,
2020-02-10,99353.03057351186,0.0,0.0,0.0,
2020-02-11,99353.03057351186,0.0,0.0,0.0,
2020-02-12,99353.03057351186,0.0,0.0,0.0,
2020-02-13,99353.03057351186,0.0,0.0,0.0,
2020-02-14,99353.03057351186,0.0,0.0,0.0,
2020-02-18,99353.03057351186,0.0,0.0,0.0,
2020-02-19,99353.03057351186,0.0,0.0,0.0,
2020-02-20,99353.03057351186,0.0,0.0,0.0,
2020-02-21,99353.03057351186,0.0,0.0,0.0,
2020-02-24,99353.03057351186,0.0,0.0,0.0,
2020-02-25,99353.03057351186,0.0,0.0,0.0,
2020-02-26,99353.03057351186,0.0,0.0,0.0,
2020-02-27,99353.03057351186,0.0,0.0,0.0,
2020-02-28,99353.03057351186,0.0,0.0,0.0,
2020-03-02,99353.03057351186,0.0,0.0,0.0,
2020-03-03,99353.03057351186,0.0,0.0,0.0,
2020-03-04,99353.03057351186,0.0,0.0,0.0,
2020-03-05,99353.03057351186,0.0,0.0,0.0,
2020-03-06,99353.03057351186,0.0,0.0,0.0,
2020-03-09,99353.03057351186,0.0,0.0,0.0,
2020-03-10,99353.03057351186,0.0,0.0,0.0,
2020-03-11,99353.03057351186,0.0,0.0,0.0,
2020-03-12,99353.03057351186,0.0,0.0,0.0,
2020-03-13,99353.03057351186,0.0,0.0,0.0,
2020-03-16,99353.03057351186,0.0,0.0,0.0,
2020-03-17,99353.03057351186,0.0,0.0,0.0,
2020-03-18,99353.03057351186,0.0,0.0,0.0,
2020-03-19,99353.03057351186,0.0,0.0,0.0,
2020-03-20,99353.03057351186,0.0,0.0,0.0,
2020-03-23,99353.03057351186,0.0,0.0,0.0,
2020-03-24,99353.03057351186,0.0,0.0,0.0,
2020-03-25,99353.03057351186,0.0,0.0,0.0,
2020-03-26,99353.03057351186,0.0,0.0,0.0,
2020-03-27,99353.03057351186,0.0,0.0,0.0,
2020-03-30,99353.03057351186,0.0,0.0,0.0,
2020-03-31,99353.03057351186,0.0,0.0,0.0,
2020-04-01,99353.03057351186,0.0,0.0,0.0,
2020-04-02,99353.03057351186,0.0,0.0,0.0,
2020-04-03,99353.03057351186,0.0,0.0,0.0,
2020-04-06,99353.03057351186,0.0,0.0,0.0,
2020-04-07,99353.03057351186,0.0,0.0,0.0,
2020-04-08,99353.03057351186,0.0,0.0,0.0,
2020-04-09,99353.03057351186,0.0,0.0,0.0,
2020-04-13,99353.03057351186,0.0,0.0,0.0,
2020-04-14,99353.03057351186,0.0,0.0,0.0,
2020-04-15,99353.03057351186,0.0,0.0,0.0,
2020-04-16,99353.03057351186,0.0,0.0,0.0,
2020-04-17,99353.03057351186,0.0,0.0,0.0,
2020-04-20,99353.03057351186,0.0,0.0,0.0,
2020-04-21,99353.03057351186,0.0,0.0,0.0,
2020-04-22,99353.03057351186,0.0,0.0,0.0,
2020-04-23,99353.03057351186,0.0,0.0,0.0,
2020-04-24,99353.03057351186,0.0,0.0,0.0,
2020-04-27,99353.03057351186,0.0,0.0,0.0,
2020-04-28,99353.03057351186,0.0,0.0,0.0,
2020-04-29,99353.03057351186,0.0,0.0,0.0,
2020-04-30,99353.03057351186,0.0,0.0,0.0,
2020-05-01,99353.03057351186,0.0,0.0,0.0,
2020-05-04,99353.03057351186,0.0,0.0,0.0,
2020-05-05,99353.03057351186,0.0,0.0,0.0,
2020-05-06,99353.03057351186,0.0,0.0,0.0,
2020-05-07,99353.03057351186,0.0,0.0,0.0,
2020-05-08,99353.03057351186,0.0,0.0,0.0,
2020-05-11,99353.03057351186,0.0,0.0,0.0,
2020-05-12,99353.03057351186,0.0,0.0,0.0,
2020-05-13,99353.03057351186,0.0,0.0,0.0,
2020-05-14,99353.03057351186,0.0,0.0,0.0,
2020-05-15,99353.03057351186,0.0,0.0,0.0,
2020-05-18,99353.03057351186,0.0,0.0,0.0,
2020-05-19,99353.03057351186,0.0,0.0,0.0,
2020-05-20,99353.03057351186,0.0,0.0,0.0,
2020-05-21,99353.03057351186,0.0,0.0,0.0,
2020-05-22,99353.03057351186,0.0,0.0,0.0,
2020-05-26,99353.03057351186,0.0,0.0,0.0,
2020-05-27,99353.03057351186,0.0,0.0,0.0,
2020-05-28,99353.03057351186,0.0,0.0,0.0,
2020-05-29,99353.03057351186,0.0,0.0,0.0,
2020-06-01,99353.03057351186,0.0,0.0,0.0,
2020-06-02,99353.03057351186,0.0,0.0,0.0,
2020-06-03,99353.03057351186,0.0,0.0,0.0,
2020-06-04,99353.03057351186,0.0,0.0,0.0,
2020-06-05,99353.03057351186,0.0,0.0,0.0,
2020-06-08,99353.03057351186,0.0,0.0,0.0,
2020-06-09,99353.03057351186,0.0,0.0,0.0,
2020-06-10,99353.03057351186,0.0,0.0,0.0,
2020-06-11,99353.03057351186,0.0,0.0,0.0,
2020-06-12,99353.03057351186,0.0,0.0,0.0,
2020-06-15,99353.03057351186,0.0,0.0,0.0,
2020-06-16,99353.03057351186,0.0,0.0,0.0,
2020-06-17,99353.03057351186,0.0,0.0,0.0,
2020-06-18,99353.03057351186,0.0,0.0,0.0,
2020-06-19,99353.03057351186,0.0,0.0,0.0,
2020-06-22,99353.03057351186,0.0,0.0,0.0,
2020-06-23,99353.03057351186,0.0,0.0,0.0,
2020-06-24,99353.03057351186,0.0,0.0,0.0,
2020-06-25,99353.03057351186,0.0,0.0,0.0,
2020-06-26,99353.03057351186,0.0,0.0,0.0,
2020-06-29,99353.03057351186,0.0,0.0,0.0,
2020-06-30,99353.03057351186,0.0,0.0,0.0,
2020-07-01,99353.03057351186,0.0,0.0,0.0,
2020-07-02,99353.03057351186,0.0,0.0,0.0,
2020-07-06,99353.03057351186,0.0,0.0,0.0,
2020-07-07,99353.03057351186,0.0,0.0,0.0,
2020-07-08,99353.03057351186,0.0,0.0,0.0,
2020-07-09,99353.03057351186,0.0,0.0,0.0,
2020-07-10,99353.03057351186,0.0,0.0,0.0,
2020-07-13,99353.03057351186,0.0,0.0,0.0,
2020-07-14,99353.03057351186,0.0,0.0,0.0,
2020-07-15,99353.03057351186,0.0,0.0,0.0,
2020-07-16,99353.03057351186,0.0,0.0,0.0,
2020-07-17,99353.03057351186,0.0,0.0,0.0,
2020-07-20,99353.03057351186,0.0,0.0,0.0,
2020-07-21,99353.03057351186,0.0,0.0,0.0,
2020-07-22,99353.03057351186,0.0,0.0,0.0,
2020-07-23,99353.03057351186,0.0,0.0,0.0,
2020-07-24,99353.03057351186,0.0,0.0,0.0,
2020-07-27,99353.03057351186,0.0,0.0,0.0,
2020-07-28,99353.03057351186,0.0,0.0,0.0,
2020-07-29,99353.03057351186,0.0,0.0,0.0,
2020-07-30,99353.03057351186,0.0,0.0,0.0,
2020-07-31,99353.03057351186,0.0,0.0,0.0,
2020-08-03,99353.03057351186,0.0,0.0,0.0,
2020-08-04,99353.03057351186,0.0,0.0,0.0,
2020-08-05,99353.03057351186,0.0,0.0,0.0,
2020-08-06,99353.03057351186,0.0,0.0,0.0,
2020-08-07,99353.03057351186,0.0,0.0,0.0,
2020-08-10,99353.03057351186,0.0,0.0,0.0,
2020-08-11,99353.03057351186,0.0,0.0,0.0,
2020-08-12,99353.03057351186,0.0,0.0,0.0,
2020-08-13,99353.03057351186,0.0,0.0,0.0,
2020-08-14,99353.03057351186,0.0,0.0,0.0,
2020-08-17,99353.03057351186,0.0,0.0,0.0,
2020-08-18,99353.03057351186,0.0,0.0,0.0,
2020-08-19,99353.03057351186,0.0,0.0,0.0,
2020-08-20,99353.03057351186,0.0,0.0,0.0,
2020-08-21,99353.03057351186,0.0,0.0,0.0,
2020-08-24,99353.03057351186,0.0,0.0,0.0,
2020-08-25,99353.03057351186,0.0,0.0,0.0,
2020-08-26,99353.03057351186,0.0,0.0,0.0,
2020-08-27,99353.03057351186,0.0,0.0,0.0,
2020-08-28,99353.03057351186,0.0,0.0,0.0,
2020-08-31,99353.03057351186,0.0,0.0,0.0,
2020-09-01,99353.03057351186,0.0,0.0,0.0,
2020-09-02,99353.03057351186,0.0,0.0,0.0,
2020-09-03,99353.03057351186,0.0,0.0,0.0,
2020-09-04,99353.03057351186,0.0,0.0,0.0,
2020-09-08,99353.03057351186,0.0,0.0,0.0,
2020-09-09,99353.03057351186,0.0,0.0,0.0,
2020-09-10,99353.03057351186,0.0,0.0,0.0,
2020-09-11,99353.03057351186,0.0,0.0,0.0,
2020-09-14,99353.03057351186,0.0,0.0,0.0,
2020-09-15,99353.03057351186,0.0,0.0,0.0,
2020-09-16,99353.03057351186,0.0,0.0,0.0,
2020-09-17,99353.03057351186,0.0,0.0,0.0,
2020-09-18,99353.03057351186,0.0,0.0,0.0,
2020-09-21,99353.03057351186,0.0,0.0,0.0,
2020-09-22,99353.03057351186,0.0,0.0,0.0,
2020-09-23,99353.03057351186,0.0,0.0,0.0,
2020-09-24,99353.03057351186,0.0,0.0,0.0,
2020-09-25,99353.03057351186,0.0,0.0,0.0,
2020-09-28,99353.03057351186,0.0,0.0,0.0,
2020-09-29,99353.03057351186,0.0,0.0,0.0,
2020-09-30,99353.03057351186,0.0,0.0,0.0,
2020-10-01,99353.03057351186,0.0,0.0,0.0,
2020-10-02,99353.03057351186,0.0,0.0,0.0,
2020-10-05,99353.03057351186,0.0,0.0,0.0,
2020-10-06,99353.03057351186,0.0,0.0,0.0,
2020-10-07,99353.03057351186,0.0,0.0,0.0,
2020-10-08,99353.03057351186,0.0,0.0,0.0,
2020-10-09,99353.03057351186,0.0,0.0,0.0,
2020-10-12,99353.03057351186,0.0,0.0,0.0,
2020-10-13,99353.03057351186,0.0,0.0,0.0,
2020-10-14,99353.03057351186,0.0,0.0,0.0,
2020-10-15,99353.03057351186,0.0,0.0,0.0,
2020-10-16,99353.03057351186,0.0,0.0,0.0,
2020-10-19,99353.03057351186,0.0,0.0,0.0,
2020-10-20,99353.03057351186,0.0,0.0,0.0,
2020-10-21,99353.03057351186,0.0,0.0,0.0,
2020-10-22,99353.03057351186,0.0,0.0,0.0,
2020-10-23,99353.03057351186,0.0,0.0,0.0,
2020-10-26,99353.03057351186,0.0,0.0,0.0,
2020-10-27,99353.03057351186,0.0,0.0,0.0,
2020-10-28,99353.03057351186,0.0,0.0,0.0,
2020-10-29,99353.03057351186,0.0,0.0,0.0,
2020-10-30,99353.03057351186,0.0,0.0,0.0,
2020-11-02,99353.03057351186,0.0,0.0,0.0,
2020-11-03,99353.03057351186,0.0,0.0,0.0,
2020-11-04,99353.03057351186,0.0,0.0,0.0,
2020-11-05,99353.03057351186,0.0,0.0,0.0,
2020-11-06,99353.03057351186,0.0,0.0,0.0,
2020-11-09,99353.03057351186,0.0,0.0,0.0,
2020-11-10,99353.03057351186,0.0,0.0,0.0,
2020-11-11,99353.03057351186,0.0,0.0,0.0,
2020-11-12,99353.03057351186,0.0,0.0,0.0,
2020-11-13,99353.03057351186,0.0,0.0,0.0,
2020-11-16,99353.03057351186,0.0,0.0,0.0,
2020-11-17,99353.03057351186,0.0,0.0,0.0,
2020-11-18,99353.03057351186,0.0,0.0,0.0,
2020-11-19,99353.03057351186,0.0,0.0,0.0,
2020-11-20,99353.03057351186,0.0,0.0,0.0,
2020-11-23,99353.03057351186,0.0,0.0,0.0,
2020-11-24,99353.03057351186,0.0,0.0,0.0,
2020-11-25,99353.03057351186,0.0,0.0,0.0,
2020-11-27,99353.03057351186,0.0,0.0,0.0,
2020-11-30,99353.03057351186,0.0,0.0,0.0,
2020-12-01,99353.03057351186,0.0,0.0,0.0,
2020-12-02,99353.03057351186,0.0,0.0,0.0,
2020-12-03,99353.03057351186,0.0,0.0,0.0,
2020-12-04,99353.03057351186,0.0,0.0,0.0,
2020-12-07,99353.03057351186,0.0,0.0,0.0,
2020-12-08,99353.03057351186,0.0,0.0,0.0,
2020-12-09,99353.03057351186,0.0,0.0,0.0,
2020-12-10,99353.03057351186,0.0,0.0,0.0,
2020-12-11,99353.03057351186,0.0,0.0,0.0,
2020-12-14,99353.03057351186,0.0,0.0,0.0,
2020-12-15,99353.03057351186,0.0,0.0,0.0,
2020-12-16,99353.03057351186,0.0,0.0,0.0,
2020-12-17,99353.03057351186,0.0,0.0,0.0,
2020-12-18,99353.03057351186,0.0,0.0,0.0,
2020-12-21,99353.03057351186,0.0,0.0,0.0,
2020-12-22,99353.03057351186,0.0,0.0,0.0,
2020-12-23,99353.03057351186,0.0,0.0,0.0,
2020-12-24,99353.03057351186,0.0,0.0,0.0,
2020-12-28,99353.03057351186,0.0,0.0,0.0,
2020-12-29,99353.03057351186,0.0,0.0,0.0,
2020-12-30,99353.03057351186,0.0,0.0,0.0,
2020-12-31,99353.03057351186,0.0,0.0,0.0,
2021-01-04,99353.03057351186,0.0,0.0,0.0,
2021-01-05,99353.03057351186,0.0,0.0,0.0,
2021-01-06,99353.03057351186,0.0,0.0,0.0,
2021-01-07,99353.03057351186,0.0,0.0,0.0,
2021-01-08,99353.03057351186,0.0,0.0,0.0,
2021-01-11,99353.03057351186,0.0,0.0,0.0,
2021-01-12,99353.03057351186,0.0,0.0,0.0,
2021-01-13,99353.03057351186,0.0,0.0,0.0,
2021-01-14,99353.03057351186,0.0,0.0,0.0,
2021-01-15,99353.03057351186,0.0,0.0,0.0,
2021-01-19,99353.03057351186,0.0,0.0,0.0,
2021-01-20,99353.03057351186,0.0,0.0,0.0,
2021-01-21,99353.03057351186,0.0,0.0,0.0,
2021-01-22,99353.03057351186,0.0,0.0,0.0,
2021-01-25,99353.03057351186,0.0,0.0,0.0,
2021-01-26,99353.03057351186,0.0,0.0,0.0,
2021-01-27,99353.03057351186,0.0,0.0,0.0,
2021-01-28,99353.03057351186,0.0,0.0,0.0,
2021-01-29,99353.03057351186,0.0,0.0,0.0,
2021-02-01,99353.03057351186,0.0,0.0,0.0,
2021-02-02,99353.03057351186,0.0,0.0,0.0,
2021-02-03,99353.03057351186,0.0,0.0,0.0,
2021-02-04,99353.03057351186,0.0,0.0,0.0,
2021-02-05,99353.03057351186,0.0,0.0,0.0,
2021-02-08,99353.03057351186,0.0,0.0,0.0,
2021-02-09,99353.03057351186,0.0,0.0,0.0,
2021-02-10,99353.03057351186,0.0,0.0,0.0,
2021-02-11,99353.03057351186,0.0,0.0,0.0,
2021-02-12,99353.03057351186,0.0,0.0,0.0,
2021-02-16,99353.03057351186,0.0,0.0,0.0,
2021-02-17,99353.03057351186,0.0,0.0,0.0,
2021-02-18,99353.03057351186,0.0,0.0,0.0,
2021-02-19,99353.03057351186,0.0,0.0,0.0,
2021-02-22,99353.03057351186,0.0,0.0,0.0,
2021-02-23,99353.03057351186,0.0,0.0,0.0,
2021-02-24,99353.03057351186,0.0,0.0,0.0,
2021-02-25,99353.03057351186,0.0,0.0,0.0,
2021-02-26,99353.03057351186,0.0,0.0,0.0,
2021-03-01,99353.03057351186,0.0,0.0,0.0,
2021-03-02,99353.03057351186,0.0,0.0,0.0,
2021-03-03,99353.03057351186,0.0,0.0,0.0,
2021-03-04,99353.03057351186,0.0,0.0,0.0,
2021-03-05,99353.03057351186,0.0,0.0,0.0,
2021-03-08,99353.03057351186,0.0,0.0,0.0,
2021-03-09,99353.03057351186,0.0,0.0,0.0,
2021-03-10,99353.03057351186,0.0,0.0,0.0,
2021-03-11,99353.03057351186,0.0,0.0,0.0,
2021-03-12,99353.03057351186,0.0,0.0,0.0,
2021-03-15,99353.03057351186,0.0,0.0,0.0,
2021-03-16,99353.03057351186,0.0,0.0,0.0,
2021-03-17,99353.03057351186,0.0,0.0,0.0,
2021-03-18,99353.03057351186,0.0,0.0,0.0,
2021-03-19,99353.03057351186,0.0,0.0,0.0,
2021-03-22,99353.03057351186,0.0,0.0,0.0,
2021-03-23,99353.03057351186,0.0,0.0,0.0,
2021-03-24,99353.03057351186,0.0,0.0,0.0,
2021-03-25,99353.03057351186,0.0,0.0,0.0,
2021-03-26,99353.03057351186,0.0,0.0,0.0,
2021-03-29,99353.03057351186,0.0,0.0,0.0,
2021-03-30,99353.03057351186,0.0,0.0,0.0,
2021-03-31,99353.03057351186,0.0,0.0,0.0,
2021-04-01,99353.03057351186,0.0,0.0,0.0,
2021-04-05,99353.03057351186,0.0,0.0,0.0,
2021-04-06,99353.03057351186,0.0,0.0,0.0,
2021-04-07,99353.03057351186,0.0,0.0,0.0,
2021-04-08,99353.03057351186,0.0,0.0,0.0,
2021-04-09,99353.03057351186,0.0,0.0,0.0,
2021-04-12,99353.03057351186,0.0,0.0,0.0,
2021-04-13,99353.03057351186,0.0,0.0,0.0,
2021-04-14,99353.03057351186,0.0,0.0,0.0,
2021-04-15,99353.03057351186,0.0,0.0,0.0,
2021-04-16,99353.03057351186,0.0,0.0,0.0,
2021-04-19,99353.03057351186,0.0,0.0,0.0,
2021-04-20,99353.03057351186,0.0,0.0,0.0,
2021-04-21,99353.03057351186,0.0,0.0,0.0,
2021-04-22,99353.03057351186,0.0,0.0,0.0,
2021-04-23,99353.03057351186,0.0,0.0,0.0,
2021-04-26,99353.03057351186,0.0,0.0,0.0,
2021-04-27,99353.03057351186,0.0,0.0,0.0,
2021-04-28,99353.03057351186,0.0,0.0,0.0,
2021-04-29,99353.03057351186,0.0,0.0,0.0,
2021-04-30,99353.03057351186,0.0,0.0,0.0,
2021-05-03,99353.03057351186,0.0,0.0,0.0,
2021-05-04,99353.03057351186,0.0,0.0,0.0,
2021-05-05,99353.03057351186,0.0,0.0,0.0,
2021-05-06,99353.03057351186,0.0,0.0,0.0,
2021-05-07,99353.03057351186,0.0,0.0,0.0,
2021-05-10,99353.03057351186,0.0,0.0,0.0,
2021-05-11,99353.03057351186,0.0,0.0,0.0,
2021-05-12,99353.03057351186,0.0,0.0,0.0,
2021-05-13,99353.03057351186,0.0,0.0,0.0,
2021-05-14,99353.03057351186,0.0,0.0,0.0,
2021-05-17,99353.03057351186,0.0,0.0,0.0,
2021-05-18,99353.03057351186,0.0,0.0,0.0,
2021-05-19,99353.03057351186,0.0,0.0,0.0,
2021-05-20,99353.03057351186,0.0,0.0,0.0,
2021-05-21,99353.03057351186,0.0,0.0,0.0,
2021-05-24,99353.03057351186,0.0,0.0,0.0,
2021-05-25,99353.03057351186,0.0,0.0,0.0,
2021-05-26,99353.03057351186,0.0,0.0,0.0,
2021-05-27,99353.03057351186,0.0,0.0,0.0,
2021-05-28,99353.03057351186,0.0,0.0,0.0,
2021-06-01,99353.03057351186,0.0,0.0,0.0,
2021-06-02,99353.03057351186,0.0,0.0,0.0,
2021-06-03,99353.03057351186,0.0,0.0,0.0,
2021-06-04,99353.03057351186,0.0,0.0,0.0,
2021-06-07,99353.03057351186,0.0,0.0,0.0,
2021-06-08,99353.03057351186,0.0,0.0,0.0,
2021-06-09,99353.03057351186,0.0,0.0,0.0,
2021-06-10,99353.03057351186,0.0,0.0,0.0,
2021-06-11,99353.03057351186,0.0,0.0,0.0,
2021-06-14,99353.03057351186,0.0,0.0,0.0,
2021-06-15,99353.03057351186,0.0,0.0,0.0,
2021-06-16,99353.03057351186,0.0,0.0,0.0,
2021-06-17,99353.03057351186,0.0,0.0,0.0,
2021-06-18,99353.03057351186,0.0,0.0,0.0,
2021-06-21,99353.03057351186,0.0,0.0,0.0,
2021-06-22,99353.03057351186,0.0,0.0,0.0,
2021-06-23,99353.03057351186,0.0,0.0,0.0,
2021-06-24,99353.03057351186,0.0,0.0,0.0,
2021-06-25,99353.03057351186,0.0,0.0,0.0,
2021-06-28,99353.03057351186,0.0,0.0,0.0,
2021-06-29,99353.03057351186,0.0,0.0,0.0,
2021-06-30,99353.03057351186,0.0,0.0,0.0,
2021-07-01,99353.03057351186,0.0,0.0,0.0,
2021-07-02,99353.03057351186,0.0,0.0,0.0,
2021-07-06,99353.03057351186,0.0,0.0,0.0,
2021-07-07,99353.03057351186,0.0,0.0,0.0,
2021-07-08,99353.03057351186,0.0,0.0,0.0,
2021-07-09,99353.03057351186,0.0,0.0,0.0,
2021-07-12,99353.03057351186,0.0,0.0,0.0,
2021-07-13,99353.03057351186,0.0,0.0,0.0,
2021-07-14,99353.03057351186,0.0,0.0,0.0,
2021-07-15,99353.03057351186,0.0,0.0,0.0,
2021-07-16,99353.03057351186,0.0,0.0,0.0,
2021-07-19,99353.03057351186,0.0,0.0,0.0,
2021-07-20,99353.03057351186,0.0,0.0,0.0,
2021-07-21,99353.03057351186,0.0,0.0,0.0,
2021-07-22,99353.03057351186,0.0,0.0,0.0,
2021-07-23,99353.03057351186,0.0,0.0,0.0,
2021-07-26,99353.03057351186,0.0,0.0,0.0,
2021-07-27,99353.03057351186,0.0,0.0,0.0,
2021-07-28,99353.03057351186,0.0,0.0,0.0,
2021-07-29,99353.03057351186,0.0,0.0,0.0,
2021-07-30,99353.03057351186,0.0,0.0,0.0,
2021-08-02,99353.03057351186,0.0,0.0,0.0,
2021-08-03,99353.03057351186,0.0,0.0,0.0,
2021-08-04,99353.03057351186,0.0,0.0,0.0,
2021-08-05,99353.03057351186,0.0,0.0,0.0,
2021-08-06,99353.03057351186,0.0,0.0,0.0,
2021-08-09,99353.03057351186,0.0,0.0,0.0,
2021-08-10,99353.03057351186,0.0,0.0,0.0,
2021-08-11,99353.03057351186,0.0,0.0,0.0,
2021-08-12,99353.03057351186,0.0,0.0,0.0,
2021-08-13,99353.03057351186,0.0,0.0,0.0,
2021-08-16,99353.03057351186,0.0,0.0,0.0,
2021-08-17,99353.03057351186,0.0,0.0,0.0,
2021-08-18,99353.03057351186,0.0,0.0,0.0,
2021-08-19,99353.03057351186,0.0,0.0,0.0,
2021-08-20,99353.03057351186,0.0,0.0,0.0,
2021-08-23,99353.03057351186,0.0,0.0,0.0,
2021-08-24,99353.03057351186,0.0,0.0,0.0,
2021-08-25,99353.03057351186,0.0,0.0,0.0,
2021-08-26,99353.03057351186,0.0,0.0,0.0,
2021-08-27,99353.03057351186,0.0,0.0,0.0,
2021-08-30,99353.03057351186,0.0,0.0,0.0,
2021-08-31,99353.03057351186,0.0,0.0,0.0,
2021-09-01,99353.03057351186,0.0,0.0,0.0,
2021-09-02,99353.03057351186,0.0,0.0,0.0,
2021-09-03,99353.03057351186,0.0,0.0,0.0,
2021-09-07,99353.03057351186,0.0,0.0,0.0,
2021-09-08,99353.03057351186,0.0,0.0,0.0,
2021-09-09,99353.03057351186,0.0,0.0,0.0,
2021-09-10,99353.03057351186,0.0,0.0,0.0,
2021-09-13,99353.03057351186,0.0,0.0,0.0,
2021-09-14,99353.03057351186,0.0,0.0,0.0,
2021-09-15,99353.03057351186,0.0,0.0,0.0,
2021-09-16,99353.03057351186,0.0,0.0,0.0,
2021-09-17,99353.03057351186,0.0,0.0,0.0,
2021-09-20,99353.03057351186,0.0,0.0,0.0,
2021-09-21,99353.03057351186,0.0,0.0,0.0,
2021-09-22,99353.03057351186,0.0,0.0,0.0,
2021-09-23,99353.03057351186,0.0,0.0,0.0,
2021-09-24,99353.03057351186,0.0,0.0,0.0,
2021-09-27,99353.03057351186,0.0,0.0,0.0,
2021-09-28,99353.03057351186,0.0,0.0,0.0,
2021-09-29,99353.03057351186,0.0,0.0,0.0,
2021-09-30,99353.03057351186,0.0,0.0,0.0,
2021-10-01,99353.03057351186,0.0,0.0,0.0,
2021-10-04,99353.03057351186,0.0,0.0,0.0,
2021-10-05,99353.03057351186,0.0,0.0,0.0,
2021-10-06,99353.03057351186,0.0,0.0,0.0,
2021-10-07,99353.03057351186,0.0,0.0,0.0,
2021-10-08,99353.03057351186,0.0,0.0,0.0,
2021-10-11,99353.03057351186,0.0,0.0,0.0,
2021-10-12,99353.03057351186,0.0,0.0,0.0,
2021-10-13,99353.03057351186,0.0,0.0,0.0,
2021-10-14,99353.03057351186,0.0,0.0,0.0,
2021-10-15,99353.03057351186,0.0,0.0,0.0,
2021-10-18,99353.03057351186,0.0,0.0,0.0,
2021-10-19,99353.03057351186,0.0,0.0,0.0,
2021-10-20,99353.03057351186,0.0,0.0,0.0,
2021-10-21,99353.03057351186,0.0,0.0,0.0,
2021-10-22,99353.03057351186,0.0,0.0,0.0,
2021-10-25,99353.03057351186,0.0,0.0,0.0,
2021-10-26,99353.03057351186,0.0,0.0,0.0,
2021-10-27,99353.03057351186,0.0,0.0,0.0,
2021-10-28,99353.03057351186,0.0,0.0,0.0,
2021-10-29,99353.03057351186,0.0,0.0,0.0,
2021-11-01,99353.03057351186,0.0,0.0,0.0,
2021-11-02,99353.03057351186,0.0,0.0,0.0,
2021-11-03,99353.03057351186,0.0,0.0,0.0,
2021-11-04,99353.03057351186,0.0,0.0,0.0,
2021-11-05,99353.03057351186,0.0,0.0,0.0,
2021-11-08,99353.03057351186,0.0,0.0,0.0,
2021-11-09,99353.03057351186,0.0,0.0,0.0,
2021-11-10,99353.03057351186,0.0,0.0,0.0,
2021-11-11,99353.03057351186,0.0,0.0,0.0,
2021-11-12,99353.03057351186,0.0,0.0,0.0,
2021-11-15,99353.03057351186,0.0,0.0,0.0,
2021-11-16,99353.03057351186,0.0,0.0,0.0,
2021-11-17,99353.03057351186,0.0,0.0,0.0,
2021-11-18,99353.03057351186,0.0,0.0,0.0,
2021-11-19,99353.03057351186,0.0,0.0,0.0,
2021-11-22,99353.03057351186,0.0,0.0,0.0,
2021-11-23,99353.03057351186,0.0,0.0,0.0,
2021-11-24,99353.03057351186,0.0,0.0,0.0,
2021-11-26,99353.03057351186,0.0,0.0,0.0,
2021-11-29,99353.03057351186,0.0,0.0,0.0,
2021-11-30,99353.03057351186,0.0,0.0,0.0,
2021-12-01,99353.03057351186,0.0,0.0,0.0,
2021-12-02,99353.03057351186,0.0,0.0,0.0,
2021-12-03,99353.03057351186,0.0,0.0,0.0,
2021-12-06,99353.03057351186,0.0,0.0,0.0,
2021-12-07,99353.03057351186,0.0,0.0,0.0,
2021-12-08,99353.03057351186,0.0,0.0,0.0,
2021-12-09,99353.03057351186,0.0,0.0,0.0,
2021-12-10,99353.03057351186,0.0,0.0,0.0,
2021-12-13,99353.03057351186,0.0,0.0,0.0,
2021-12-14,99353.03057351186,0.0,0.0,0.0,
2021-12-15,99353.03057351186,0.0,0.0,0.0,
2021-12-16,99353.03057351186,0.0,0.0,0.0,
2021-12-17,99353.03057351186,0.0,0.0,0.0,
2021-12-20,99353.03057351186,0.0,0.0,0.0,
2021-12-21,99353.03057351186,0.0,0.0,0.0,
2021-12-22,99353.03057351186,0.0,0.0,0.0,
2021-12-23,99353.03057351186,0.0,0.0,0.0,
2021-12-27,99353.03057351186,0.0,0.0,0.0,
2021-12-28,99353.03057351186,0.0,0.0,0.0,
2021-12-29,99353.03057351186,0.0,0.0,0.0,
2021-12-30,99353.03057351186,0.0,0.0,0.0,
2021-12-31,99353.03057351186,0.0,0.0,0.0,
2022-01-03,99353.03057351186,0.0,0.0,0.0,
2022-01-04,99353.03057351186,0.0,0.0,0.0,
2022-01-05,99353.03057351186,0.0,0.0,0.0,
2022-01-06,99353.03057351186,0.0,0.0,0.0,
2022-01-07,99353.03057351186,0.0,0.0,0.0,
2022-01-10,99353.03057351186,0.0,0.0,0.0,
2022-01-11,99353.03057351186,0.0,0.0,0.0,
2022-01-12,99353.03057351186,0.0,0.0,0.0,
2022-01-13,99353.03057351186,0.0,0.0,0.0,
2022-01-14,99353.03057351186,0.0,0.0,0.0,
2022-01-18,99353.03057351186,0.0,0.0,0.0,
2022-01-19,99353.03057351186,0.0,0.0,0.0,
2022-01-20,99353.03057351186,0.0,0.0,0.0,
2022-01-21,99353.03057351186,0.0,0.0,0.0,
2022-01-24,99353.03057351186,0.0,0.0,0.0,
2022-01-25,99353.03057351186,0.0,0.0,0.0,
2022-01-26,99353.03057351186,0.0,0.0,0.0,
2022-01-27,99353.03057351186,0.0,0.0,0.0,
2022-01-28,99353.03057351186,0.0,0.0,0.0,
2022-01-31,99353.03057351186,0.0,0.0,0.0,
2022-02-01,99353.03057351186,0.0,0.0,0.0,
2022-02-02,99353.03057351186,0.0,0.0,0.0,
2022-02-03,99353.03057351186,0.0,0.0,0.0,
2022-02-04,99353.03057351186,0.0,0.0,0.0,
2022-02-07,99353.03057351186,0.0,0.0,0.0,
2022-02-08,99353.03057351186,0.0,0.0,0.0,
2022-02-09,99353.03057351186,0.0,0.0,0.0,
2022-02-10,99353.03057351186,0.0,0.0,0.0,
2022-02-11,99353.03057351186,0.0,0.0,0.0,
2022-02-14,99353.03057351186,0.0,0.0,0.0,
2022-02-15,99353.03057351186,0.0,0.0,0.0,
2022-02-16,99353.03057351186,0.0,0.0,0.0,
2022-02-17,99353.03057351186,0.0,0.0,0.0,
2022-02-18,99353.03057351186,0.0,0.0,0.0,
2022-02-22,99353.03057351186,0.0,0.0,0.0,
2022-02-23,99353.03057351186,0.0,0.0,0.0,
2022-02-24,99353.03057351186,0.0,0.0,0.0,
2022-02-25,99353.03057351186,0.0,0.0,0.0,
2022-02-28,99353.03057351186,0.0,0.0,0.0,
2022-03-01,99353.03057351186,0.0,0.0,0.0,
2022-03-02,99353.03057351186,0.0,0.0,0.0,
2022-03-03,99353.03057351186,0.0,0.0,0.0,
2022-03-04,99353.03057351186,0.0,0.0,0.0,
2022-03-07,99353.03057351186,0.0,0.0,0.0,
2022-03-08,99353.03057351186,0.0,0.0,0.0,
2022-03-09,99353.03057351186,0.0,0.0,0.0,
2022-03-10,99353.03057351186,0.0,0.0,0.0,
2022-03-11,99353.03057351186,0.0,0.0,0.0,
2022-03-14,99353.03057351186,0.0,0.0,0.0,
2022-03-15,99353.03057351186,0.0,0.0,0.0,
2022-03-16,99353.03057351186,0.0,0.0,0.0,
2022-03-17,99353.03057351186,0.0,0.0,0.0,
2022-03-18,99353.03057351186,0.0,0.0,0.0,
2022-03-21,99353.03057351186,0.0,0.0,0.0,
2022-03-22,99353.03057351186,0.0,0.0,0.0,
2022-03-23,99353.03057351186,0.0,0.0,0.0,
2022-03-24,99353.03057351186,0.0,0.0,0.0,
2022-03-25,99353.03057351186,0.0,0.0,0.0,
2022-03-28,99353.03057351186,0.0,0.0,0.0,
2022-03-29,99353.03057351186,0.0,0.0,0.0,
2022-03-30,99353.03057351186,0.0,0.0,0.0,
2022-03-31,99353.03057351186,0.0,0.0,0.0,
2022-04-01,99353.03057351186,0.0,0.0,0.0,
2022-04-04,99353.03057351186,0.0,0.0,0.0,
2022-04-05,99353.03057351186,0.0,0.0,0.0,
2022-04-06,99353.03057351186,0.0,0.0,0.0,
2022-04-07,99353.03057351186,0.0,0.0,0.0,
2022-04-08,99353.03057351186,0.0,0.0,0.0,
2022-04-11,99353.03057351186,0.0,0.0,0.0,
2022-04-12,99353.03057351186,0.0,0.0,0.0,
2022-04-13,99353.03057351186,0.0,0.0,0.0,
2022-04-14,99353.03057351186,0.0,0.0,0.0,
2022-04-18,99353.03057351186,0.0,0.0,0.0,
2022-04-19,99353.03057351186,0.0,0.0,0.0,
2022-04-20,99353.03057351186,0.0,0.0,0.0,
2022-04-21,99353.03057351186,0.0,0.0,0.0,
2022-04-22,99353.03057351186,0.0,0.0,0.0,
2022-04-25,99353.03057351186,0.0,0.0,0.0,
2022-04-26,99353.03057351186,0.0,0.0,0.0,
2022-04-27,99353.03057351186,0.0,0.0,0.0,
2022-04-28,99353.03057351186,0.0,0.0,0.0,
2022-04-29,99353.03057351186,0.0,0.0,0.0,
2022-05-02,99353.03057351186,0.0,0.0,0.0,
2022-05-03,99353.03057351186,0.0,0.0,0.0,
2022-05-04,99353.03057351186,0.0,0.0,0.0,
2022-05-05,99353.03057351186,0.0,0.0,0.0,
2022-05-06,99353.03057351186,0.0,0.0,0.0,
2022-05-09,99353.03057351186,0.0,0.0,0.0,
2022-05-10,99353.03057351186,0.0,0.0,0.0,
2022-05-11,99353.03057351186,0.0,0.0,0.0,
2022-05-12,99353.03057351186,0.0,0.0,0.0,
2022-05-13,99353.03057351186,0.0,0.0,0.0,
2022-05-16,99353.03057351186,0.0,0.0,0.0,
2022-05-17,99353.03057351186,0.0,0.0,0.0,
2022-05-18,99353.03057351186,0.0,0.0,0.0,
2022-05-19,99353.03057351186,0.0,0.0,0.0,
2022-05-20,99353.03057351186,0.0,0.0,0.0,
2022-05-23,99353.03057351186,0.0,0.0,0.0,
2022-05-24,99353.03057351186,0.0,0.0,0.0,
2022-05-25,99353.03057351186,0.0,0.0,0.0,
2022-05-26,99353.03057351186,0.0,0.0,0.0,
2022-05-27,99353.03057351186,0.0,0.0,0.0,
2022-05-31,99353.03057351186,0.0,0.0,0.0,
2022-06-01,99353.03057351186,0.0,0.0,0.0,
2022-06-02,99353.03057351186,0.0,0.0,0.0,
2022-06-03,99353.03057351186,0.0,0.0,0.0,
2022-06-06,99353.03057351186,0.0,0.0,0.0,
2022-06-07,99353.03057351186,0.0,0.0,0.0,
2022-06-08,99353.03057351186,0.0,0.0,0.0,
2022-06-09,99353.03057351186,0.0,0.0,0.0,
2022-06-10,99353.03057351186,0.0,0.0,0.0,
2022-06-13,99353.03057351186,0.0,0.0,0.0,
2022-06-14,99353.03057351186,0.0,0.0,0.0,
2022-06-15,99353.03057351186,0.0,0.0,0.0,
2022-06-16,99353.03057351186,0.0,0.0,0.0,
2022-06-17,99353.03057351186,0.0,0.0,0.0,
2022-06-21,99353.03057351186,0.0,0.0,0.0,
2022-06-22,99353.03057351186,0.0,0.0,0.0,
2022-06-23,99353.03057351186,0.0,0.0,0.0,
2022-06-24,99353.03057351186,0.0,0.0,0.0,
2022-06-27,99353.03057351186,0.0,0.0,0.0,
2022-06-28,99353.03057351186,0.0,0.0,0.0,
2022-06-29,99353.03057351186,0.0,0.0,0.0,
2022-06-30,99353.03057351186,0.0,0.0,0.0,
2022-07-01,99353.03057351186,0.0,0.0,0.0,
2022-07-05,99353.03057351186,0.0,0.0,0.0,
2022-07-06,99353.03057351186,0.0,0.0,0.0,
2022-07-07,99353.03057351186,0.0,0.0,0.0,
2022-07-08,99353.03057351186,0.0,0.0,0.0,
2022-07-11,99353.03057351186,0.0,0.0,0.0,
2022-07-12,99353.03057351186,0.0,0.0,0.0,
2022-07-13,99353.03057351186,0.0,0.0,0.0,
2022-07-14,99353.03057351186,0.0,0.0,0.0,
2022-07-15,99353.03057351186,0.0,0.0,0.0,
2022-07-18,99353.03057351186,0.0,0.0,0.0,
2022-07-19,99353.03057351186,0.0,0.0,0.0,
2022-07-20,99353.03057351186,0.0,0.0,0.0,
2022-07-21,99353.03057351186,0.0,0.0,0.0,
2022-07-22,99353.03057351186,0.0,0.0,0.0,
2022-07-25,99353.03057351186,0.0,0.0,0.0,
2022-07-26,99353.03057351186,0.0,0.0,0.0,
2022-07-27,99353.03057351186,0.0,0.0,0.0,
2022-07-28,99353.03057351186,0.0,0.0,0.0,
2022-07-29,99353.03057351186,0.0,0.0,0.0,
2022-08-01,99353.03057351186,0.0,0.0,0.0,
2022-08-02,99353.03057351186,0.0,0.0,0.0,
2022-08-03,99353.03057351186,0.0,0.0,0.0,
2022-08-04,99353.03057351186,0.0,0.0,0.0,
2022-08-05,99353.03057351186,0.0,0.0,0.0,
2022-08-08,99353.03057351186,0.0,0.0,0.0,
2022-08-09,99353.03057351186,0.0,0.0,0.0,
2022-08-10,99353.03057351186,0.0,0.0,0.0,
2022-08-11,99353.03057351186,0.0,0.0,0.0,
2022-08-12,99353.03057351186,0.0,0.0,0.0,
2022-08-15,99353.03057351186,0.0,0.0,0.0,
2022-08-16,99353.03057351186,0.0,0.0,0.0,
2022-08-17,99353.03057351186,0.0,0.0,0.0,
2022-08-18,99353.03057351186,0.0,0.0,0.0,
2022-08-19,99353.03057351186,0.0,0.0,0.0,
2022-08-22,99353.03057351186,0.0,0.0,0.0,
2022-08-23,99353.03057351186,0.0,0.0,0.0,
2022-08-24,99353.03057351186,0.0,0.0,0.0,
2022-08-25,99353.03057351186,0.0,0.0,0.0,
2022-08-26,99353.03057351186,0.0,0.0,0.0,
2022-08-29,99353.03057351186,0.0,0.0,0.0,
2022-08-30,99353.03057351186,0.0,0.0,0.0,
2022-08-31,99353.03057351186,0.0,0.0,0.0,
2022-09-01,99353.03057351186,0.0,0.0,0.0,
2022-09-02,99353.03057351186,0.0,0.0,0.0,
2022-09-06,99353.03057351186,0.0,0.0,0.0,
2022-09-07,99353.03057351186,0.0,0.0,0.0,
2022-09-08,99353.03057351186,0.0,0.0,0.0,
2022-09-09,99353.03057351186,0.0,0.0,0.0,
2022-09-12,99353.03057351186,0.0,0.0,0.0,
2022-09-13,99353.03057351186,0.0,0.0,0.0,
2022-09-14,99353.03057351186,0.0,0.0,0.0,
2022-09-15,99353.03057351186,0.0,0.0,0.0,
2022-09-16,99353.03057351186,0.0,0.0,0.0,
2022-09-19,99353.03057351186,0.0,0.0,0.0,
2022-09-20,99353.03057351186,0.0,0.0,0.0,
2022-09-21,99353.03057351186,0.0,0.0,0.0,
2022-09-22,99353.03057351186,0.0,0.0,0.0,
2022-09-23,99353.03057351186,0.0,0.0,0.0,
2022-09-26,99353.03057351186,0.0,0.0,0.0,
2022-09-27,99353.03057351186,0.0,0.0,0.0,
2022-09-28,99353.03057351186,0.0,0.0,0.0,
2022-09-29,99353.03057351186,0.0,0.0,0.0,
2022-09-30,99353.03057351186,0.0,0.0,0.0,
2022-10-03,99353.03057351186,0.0,0.0,0.0,
2022-10-04,99353.03057351186,0.0,0.0,0.0,
2022-10-05,99353.03057351186,0.0,0.0,0.0,
2022-10-06,99353.03057351186,0.0,0.0,0.0,
2022-10-07,99353.03057351186,0.0,0.0,0.0,
2022-10-10,99353.03057351186,0.0,0.0,0.0,
2022-10-11,99353.03057351186,0.0,0.0,0.0,
2022-10-12,99353.03057351186,0.0,0.0,0.0,
2022-10-13,99353.03057351186,0.0,0.0,0.0,
2022-10-14,99353.03057351186,0.0,0.0,0.0,
2022-10-17,99353.03057351186,0.0,0.0,0.0,
2022-10-18,99353.03057351186,0.0,0.0,0.0,
2022-10-19,99353.03057351186,0.0,0.0,0.0,
2022-10-20,99353.03057351186,0.0,0.0,0.0,
2022-10-21,99353.03057351186,0.0,0.0,0.0,
2022-10-24,99353.03057351186,0.0,0.0,0.0,
2022-10-25,99353.03057351186,0.0,0.0,0.0,
2022-10-26,99353.03057351186,0.0,0.0,0.0,
2022-10-27,99353.03057351186,0.0,0.0,0.0,
2022-10-28,99353.03057351186,0.0,0.0,0.0,
2022-10-31,99353.03057351186,0.0,0.0,0.0,
2022-11-01,99353.03057351186,0.0,0.0,0.0,
2022-11-02,99353.03057351186,0.0,0.0,0.0,
2022-11-03,99353.03057351186,0.0,0.0,0.0,
2022-11-04,99353.03057351186,0.0,0.0,0.0,
2022-11-07,99353.03057351186,0.0,0.0,0.0,
2022-11-08,99353.03057351186,0.0,0.0,0.0,
2022-11-09,99353.03057351186,0.0,0.0,0.0,
2022-11-10,99353.03057351186,0.0,0.0,0.0,
2022-11-11,99353.03057351186,0.0,0.0,0.0,
2022-11-14,99353.03057351186,0.0,0.0,0.0,
2022-11-15,99353.03057351186,0.0,0.0,0.0,
2022-11-16,99353.03057351186,0.0,0.0,0.0,
2022-11-17,99353.03057351186,0.0,0.0,0.0,
2022-11-18,99353.03057351186,0.0,0.0,0.0,
2022-11-21,99353.03057351186,0.0,0.0,0.0,
2022-11-22,99353.03057351186,0.0,0.0,0.0,
2022-11-23,99353.03057351186,0.0,0.0,0.0,
2022-11-25,99353.03057351186,0.0,0.0,0.0,
2022-11-28,99353.03057351186,0.0,0.0,0.0,
2022-11-29,99353.03057351186,0.0,0.0,0.0,
2022-11-30,99353.03057351186,0.0,0.0,0.0,
2022-12-01,99353.03057351186,0.0,0.0,0.0,
2022-12-02,99353.03057351186,0.0,0.0,0.0,
2022-12-05,99353.03057351186,0.0,0.0,0.0,
2022-12-06,99353.03057351186,0.0,0.0,0.0,
2022-12-07,99353.03057351186,0.0,0.0,0.0,
2022-12-08,99353.03057351186,0.0,0.0,0.0,
2022-12-09,99353.03057351186,0.0,0.0,0.0,
2022-12-12,99353.03057351186,0.0,0.0,0.0,
2022-12-13,99353.03057351186,0.0,0.0,0.0,
2022-12-14,99353.03057351186,0.0,0.0,0.0,
2022-12-15,99353.03057351186,0.0,0.0,0.0,
2022-12-16,99353.03057351186,0.0,0.0,0.0,
2022-12-19,99353.03057351186,0.0,0.0,0.0,
2022-12-20,99353.03057351186,0.0,0.0,0.0,
2022-12-21,99353.03057351186,0.0,0.0,0.0,
2022-12-22,99353.03057351186,0.0,0.0,0.0,
2022-12-23,99353.03057351186,0.0,0.0,0.0,
2022-12-27,99353.03057351186,0.0,0.0,0.0,
2022-12-28,99353.03057351186,0.0,0.0,0.0,
2022-12-29,99353.03057351186,0.0,0.0,0.0,
2022-12-30,99353.03057351186,0.0,0.0,0.0,
2023-01-03,99353.03057351186,0.0,0.0,0.0,
2023-01-04,99353.03057351186,0.0,0.0,0.0,
2023-01-05,99353.03057351186,0.0,0.0,0.0,
2023-01-06,99353.03057351186,0.0,0.0,0.0,
2023-01-09,99353.03057351186,0.0,0.0,0.0,
2023-01-10,99353.03057351186,0.0,0.0,0.0,
2023-01-11,99353.03057351186,0.0,0.0,0.0,
2023-01-12,99353.03057351186,0.0,0.0,0.0,
2023-01-13,99353.03057351186,0.0,0.0,0.0,
2023-01-17,99353.03057351186,0.0,0.0,0.0,
2023-01-18,99353.03057351186,0.0,0.0,0.0,
2023-01-19,99353.03057351186,0.0,0.0,0.0,
2023-01-20,99353.03057351186,0.0,0.0,0.0,
2023-01-23,99353.03057351186,0.0,0.0,0.0,
2023-01-24,99353.03057351186,0.0,0.0,0.0,
2023-01-25,99353.03057351186,0.0,0.0,0.0,
2023-01-26,99353.03057351186,0.0,0.0,0.0,
2023-01-27,99353.03057351186,0.0,0.0,0.0,
2023-01-30,99353.03057351186,0.0,0.0,0.0,
2023-01-31,99353.03057351186,0.0,0.0,0.0,
2023-02-01,99353.03057351186,0.0,0.0,0.0,
2023-02-02,99353.03057351186,0.0,0.0,0.0,
2023-02-03,99353.03057351186,0.0,0.0,0.0,
2023-02-06,99353.03057351186,0.0,0.0,0.0,
2023-02-07,99353.03057351186,0.0,0.0,0.0,
2023-02-08,99353.03057351186,0.0,0.0,0.0,
2023-02-09,99353.03057351186,0.0,0.0,0.0,
2023-02-10,99353.03057351186,0.0,0.0,0.0,
2023-02-13,99353.03057351186,0.0,0.0,0.0,
2023-02-14,99353.03057351186,0.0,0.0,0.0,
2023-02-15,99353.03057351186,0.0,0.0,0.0,
2023-02-16,99353.03057351186,0.0,0.0,0.0,
2023-02-17,99353.03057351186,0.0,0.0,0.0,
2023-02-21,99353.03057351186,0.0,0.0,0.0,
2023-02-22,99353.03057351186,0.0,0.0,0.0,
2023-02-23,99353.03057351186,0.0,0.0,0.0,
2023-02-24,99353.03057351186,0.0,0.0,0.0,
2023-02-27,99353.03057351186,0.0,0.0,0.0,
2023-02-28,99353.03057351186,0.0,0.0,0.0,
2023-03-01,99353.03057351186,0.0,0.0,0.0,
2023-03-02,99353.03057351186,0.0,0.0,0.0,
2023-03-03,99353.03057351186,0.0,0.0,0.0,
2023-03-06,99353.03057351186,0.0,0.0,0.0,
2023-03-07,99353.03057351186,0.0,0.0,0.0,
2023-03-08,99353.03057351186,0.0,0.0,0.0,
2023-03-09,99353.03057351186,0.0,0.0,0.0,
2023-03-10,99353.03057351186,0.0,0.0,0.0,
2023-03-13,99353.03057351186,0.0,0.0,0.0,
2023-03-14,99353.03057351186,0.0,0.0,0.0,
2023-03-15,99353.03057351186,0.0,0.0,0.0,
2023-03-16,99353.03057351186,0.0,0.0,0.0,
2023-03-17,99353.03057351186,0.0,0.0,0.0,
2023-03-20,99353.03057351186,0.0,0.0,0.0,
2023-03-21,99353.03057351186,0.0,0.0,0.0,
2023-03-22,99353.03057351186,0.0,0.0,0.0,
2023-03-23,99353.03057351186,0.0,0.0,0.0,
2023-03-24,99353.03057351186,0.0,0.0,0.0,
2023-03-27,99353.03057351186,0.0,0.0,0.0,
2023-03-28,99353.03057351186,0.0,0.0,0.0,
2023-03-29,99353.03057351186,0.0,0.0,0.0,
2023-03-30,99353.03057351186,0.0,0.0,0.0,
2023-03-31,99353.03057351186,0.0,0.0,0.0,
2023-04-03,99353.03057351186,0.0,0.0,0.0,
2023-04-04,99353.03057351186,0.0,0.0,0.0,
2023-04-05,99353.03057351186,0.0,0.0,0.0,
2023-04-06,99353.03057351186,0.0,0.0,0.0,
2023-04-10,99353.03057351186,0.0,0.0,0.0,
2023-04-11,99353.03057351186,0.0,0.0,0.0,
2023-04-12,99353.03057351186,0.0,0.0,0.0,
2023-04-13,99353.03057351186,0.0,0.0,0.0,
2023-04-14,99353.03057351186,0.0,0.0,0.0,
2023-04-17,99353.03057351186,0.0,0.0,0.0,
2023-04-18,99353.03057351186,0.0,0.0,0.0,
2023-04-19,99353.03057351186,0.0,0.0,0.0,
2023-04-20,99353.03057351186,0.0,0.0,0.0,
2023-04-21,99353.03057351186,0.0,0.0,0.0,
2023-04-24,99353.03057351186,0.0,0.0,0.0,
2023-04-25,99353.03057351186,0.0,0.0,0.0,
2023-04-26,99353.03057351186,0.0,0.0,0.0,
2023-04-27,99353.03057351186,0.0,0.0,0.0,
2023-04-28,99353.03057351186,0.0,0.0,0.0,
2023-05-01,99353.03057351186,0.0,0.0,0.0,
2023-05-02,99353.03057351186,0.0,0.0,0.0,
2023-05-03,99353.03057351186,0.0,0.0,0.0,
2023-05-04,99353.03057351186,0.0,0.0,0.0,
2023-05-05,99353.03057351186,0.0,0.0,0.0,
2023-05-08,99353.03057351186,0.0,0.0,0.0,
2023-05-09,99353.03057351186,0.0,0.0,0.0,
2023-05-10,99353.03057351186,0.0,0.0,0.0,
2023-05-11,99353.03057351186,0.0,0.0,0.0,
2023-05-12,99353.03057351186,0.0,0.0,0.0,
2023-05-15,99353.03057351186,0.0,0.0,0.0,
2023-05-16,99353.03057351186,0.0,0.0,0.0,
2023-05-17,99353.03057351186,0.0,0.0,0.0,
2023-05-18,99353.03057351186,0.0,0.0,0.0,
2023-05-19,99353.03057351186,0.0,0.0,0.0,
2023-05-22,99353.03057351186,0.0,0.0,0.0,
2023-05-23,99353.03057351186,0.0,0.0,0.0,
2023-05-24,99353.03057351186,0.0,0.0,0.0,
2023-05-25,99353.03057351186,0.0,0.0,0.0,
2023-05-26,99353.03057351186,0.0,0.0,0.0,
2023-05-30,99353.03057351186,0.0,0.0,0.0,
2023-05-31,99353.03057351186,0.0,0.0,0.0,
2023-06-01,99353.03057351186,0.0,0.0,0.0,
2023-06-02,99353.03057351186,0.0,0.0,0.0,
2023-06-05,99353.03057351186,0.0,0.0,0.0,
2023-06-06,99353.03057351186,0.0,0.0,0.0,
2023-06-07,99353.03057351186,0.0,0.0,0.0,
2023-06-08,99353.03057351186,0.0,0.0,0.0,
2023-06-09,99353.03057351186,0.0,0.0,0.0,
2023-06-12,99353.03057351186,0.0,0.0,0.0,
2023-06-13,99353.03057351186,0.0,0.0,0.0,
2023-06-14,99353.03057351186,0.0,0.0,0.0,
2023-06-15,99353.03057351186,0.0,0.0,0.0,
2023-06-16,99353.03057351186,0.0,0.0,0.0,
2023-06-20,99353.03057351186,0.0,0.0,0.0,
2023-06-21,99353.03057351186,0.0,0.0,0.0,
2023-06-22,99353.03057351186,0.0,0.0,0.0,
2023-06-23,99353.03057351186,0.0,0.0,0.0,
2023-06-26,99353.03057351186,0.0,0.0,0.0,
2023-06-27,99353.03057351186,0.0,0.0,0.0,
2023-06-28,99353.03057351186,0.0,0.0,0.0,
2023-06-29,99353.03057351186,0.0,0.0,0.0,
2023-06-30,99353.03057351186,0.0,0.0,0.0,
2023-07-03,99353.03057351186,0.0,0.0,0.0,
2023-07-05,99353.03057351186,0.0,0.0,0.0,
2023-07-06,99353.03057351186,0.0,0.0,0.0,
2023-07-07,99353.03057351186,0.0,0.0,0.0,
2023-07-10,99353.03057351186,0.0,0.0,0.0,
2023-07-11,99353.03057351186,0.0,0.0,0.0,
2023-07-12,99353.03057351186,0.0,0.0,0.0,
2023-07-13,99353.03057351186,0.0,0.0,0.0,
2023-07-14,99353.03057351186,0.0,0.0,0.0,
2023-07-17,99353.03057351186,0.0,0.0,0.0,
2023-07-18,99353.03057351186,0.0,0.0,0.0,
2023-07-19,99353.03057351186,0.0,0.0,0.0,
2023-07-20,99353.03057351186,0.0,0.0,0.0,
2023-07-21,99353.03057351186,0.0,0.0,0.0,
2023-07-24,99353.03057351186,0.0,0.0,0.0,
2023-07-25,99353.03057351186,0.0,0.0,0.0,
2023-07-26,99353.03057351186,0.0,0.0,0.0,
2023-07-27,99353.03057351186,0.0,0.0,0.0,
2023-07-28,99353.03057351186,0.0,0.0,0.0,
2023-07-31,99353.03057351186,0.0,0.0,0.0,
2023-08-01,99353.03057351186,0.0,0.0,0.0,
2023-08-02,99353.03057351186,0.0,0.0,0.0,
2023-08-03,99353.03057351186,0.0,0.0,0.0,
2023-08-04,99353.03057351186,0.0,0.0,0.0,
2023-08-07,99353.03057351186,0.0,0.0,0.0,
2023-08-08,99353.03057351186,0.0,0.0,0.0,
2023-08-09,99353.03057351186,0.0,0.0,0.0,
2023-08-10,99353.03057351186,0.0,0.0,0.0,
2023-08-11,99353.03057351186,0.0,0.0,0.0,
2023-08-14,99353.03057351186,0.0,0.0,0.0,
2023-08-15,99353.03057351186,0.0,0.0,0.0,
2023-08-16,99353.03057351186,0.0,0.0,0.0,
2023-08-17,99353.03057351186,0.0,0.0,0.0,
2023-08-18,99353.03057351186,0.0,0.0,0.0,
2023-08-21,99353.03057351186,0.0,0.0,0.0,
2023-08-22,99353.03057351186,0.0,0.0,0.0,
2023-08-23,99353.03057351186,0.0,0.0,0.0,
2023-08-24,99353.03057351186,0.0,0.0,0.0,
2023-08-25,99353.03057351186,0.0,0.0,0.0,
2023-08-28,99353.03057351186,0.0,0.0,0.0,
2023-08-29,99353.03057351186,0.0,0.0,0.0,
2023-08-30,99353.03057351186,0.0,0.0,0.0,
2023-08-31,99353.03057351186,0.0,0.0,0.0,
2023-09-01,99353.03057351186,0.0,0.0,0.0,
2023-09-05,99353.03057351186,0.0,0.0,0.0,
2023-09-06,99353.03057351186,0.0,0.0,0.0,
2023-09-07,99353.03057351186,0.0,0.0,0.0,
2023-09-08,99353.03057351186,0.0,0.0,0.0,
2023-09-11,99353.03057351186,0.0,0.0,0.0,
2023-09-12,99353.03057351186,0.0,0.0,0.0,
2023-09-13,99353.03057351186,0.0,0.0,0.0,
2023-09-14,99353.03057351186,0.0,0.0,0.0,
2023-09-15,99353.03057351186,0.0,0.0,0.0,
2023-09-18,99353.03057351186,0.0,0.0,0.0,
2023-09-19,99353.03057351186,0.0,0.0,0.0,
2023-09-20,99353.03057351186,0.0,0.0,0.0,
2023-09-21,99353.03057351186,0.0,0.0,0.0,
2023-09-22,99353.03057351186,0.0,0.0,0.0,
2023-09-25,99353.03057351186,0.0,0.0,0.0,
2023-09-26,99353.03057351186,0.0,0.0,0.0,
2023-09-27,99353.03057351186,0.0,0.0,0.0,
2023-09-28,99353.03057351186,0.0,0.0,0.0,
2023-09-29,99353.03057351186,0.0,0.0,0.0,
2023-10-02,99353.03057351186,0.0,0.0,0.0,
2023-10-03,99353.03057351186,0.0,0.0,0.0,
2023-10-04,99353.03057351186,0.0,0.0,0.0,
2023-10-05,99353.03057351186,0.0,0.0,0.0,
2023-10-06,99353.03057351186,0.0,0.0,0.0,
2023-10-09,99353.03057351186,0.0,0.0,0.0,
2023-10-10,99353.03057351186,0.0,0.0,0.0,
2023-10-11,99353.03057351186,0.0,0.0,0.0,
2023-10-12,99353.03057351186,0.0,0.0,0.0,
2023-10-13,99353.03057351186,0.0,0.0,0.0,
2023-10-16,99353.03057351186,0.0,0.0,0.0,
2023-10-17,99353.03057351186,0.0,0.0,0.0,
2023-10-18,99353.03057351186,0.0,0.0,0.0,
2023-10-19,99353.03057351186,0.0,0.0,0.0,
2023-10-20,99353.03057351186,0.0,0.0,0.0,
2023-10-23,99353.03057351186,0.0,0.0,0.0,
2023-10-24,99353.03057351186,0.0,0.0,0.0,
2023-10-25,99353.03057351186,0.0,0.0,0.0,
2023-10-26,99353.03057351186,0.0,0.0,0.0,
2023-10-27,99353.03057351186,0.0,0.0,0.0,
2023-10-30,99353.03057351186,0.0,0.0,0.0,
2023-10-31,99353.03057351186,0.0,0.0,0.0,
2023-11-01,99353.03057351186,0.0,0.0,0.0,
2023-11-02,99353.03057351186,0.0,0.0,0.0,
2023-11-03,99353.03057351186,0.0,0.0,0.0,
2023-11-06,99353.03057351186,0.0,0.0,0.0,
2023-11-07,99353.03057351186,0.0,0.0,0.0,
2023-11-08,99353.03057351186,0.0,0.0,0.0,
2023-11-09,99353.03057351186,0.0,0.0,0.0,
2023-11-10,99353.03057351186,0.0,0.0,0.0,
2023-11-13,99353.03057351186,0.0,0.0,0.0,
2023-11-14,99353.03057351186,0.0,0.0,0.0,
2023-11-15,99353.03057351186,0.0,0.0,0.0,
2023-11-16,99353.03057351186,0.0,0.0,0.0,
2023-11-17,99353.03057351186,0.0,0.0,0.0,
2023-11-20,99353.03057351186,0.0,0.0,0.0,
2023-11-21,99353.03057351186,0.0,0.0,0.0,
2023-11-22,99353.03057351186,0.0,0.0,0.0,
2023-11-24,99353.03057351186,0.0,0.0,0.0,
2023-11-27,99353.03057351186,0.0,0.0,0.0,
2023-11-28,99353.03057351186,0.0,0.0,0.0,
2023-11-29,99353.03057351186,0.0,0.0,0.0,
2023-11-30,99353.03057351186,0.0,0.0,0.0,
2023-12-01,99353.03057351186,0.0,0.0,0.0,
2023-12-04,99353.03057351186,0.0,0.0,0.0,
2023-12-05,99353.03057351186,0.0,0.0,0.0,
2023-12-06,99353.03057351186,0.0,0.0,0.0,
2023-12-07,99353.03057351186,0.0,0.0,0.0,
2023-12-08,99353.03057351186,0.0,0.0,0.0,
2023-12-11,99353.03057351186,0.0,0.0,0.0,
2023-12-12,99353.03057351186,0.0,0.0,0.0,
2023-12-13,99353.03057351186,0.0,0.0,0.0,
2023-12-14,99353.03057351186,0.0,0.0,0.0,
2023-12-15,99353.03057351186,0.0,0.0,0.0,
2023-12-18,99353.03057351186,0.0,0.0,0.0,
2023-12-19,99353.03057351186,0.0,0.0,0.0,
2023-12-20,99353.03057351186,0.0,0.0,0.0,
2023-12-21,99353.03057351186,0.0,0.0,0.0,
2023-12-22,99353.03057351186,0.0,0.0,0.0,
2023-12-26,99353.03057351186,0.0,0.0,0.0,
2023-12-27,99353.03057351186,0.0,0.0,0.0,
2023-12-28,99353.03057351186,0.0,0.0,0.0,
2023-12-29,99353.03057351186,0.0,0.0,0.0,
2024-01-02,99353.03057351186,0.0,0.0,0.0,
2024-01-03,99353.03057351186,0.0,0.0,0.0,
2024-01-04,99353.03057351186,0.0,0.0,0.0,
2024-01-05,99353.03057351186,0.0,0.0,0.0,
2024-01-08,99353.03057351186,0.0,0.0,0.0,
2024-01-09,99353.03057351186,0.0,0.0,0.0,
2024-01-10,99353.03057351186,0.0,0.0,0.0,
2024-01-11,99353.03057351186,0.0,0.0,0.0,
2024-01-12,99353.03057351186,0.0,0.0,0.0,
2024-01-16,99353.03057351186,0.0,0.0,0.0,
2024-01-17,99353.03057351186,0.0,0.0,0.0,
2024-01-18,99353.03057351186,0.0,0.0,0.0,
2024-01-19,99353.03057351186,0.0,0.0,0.0,
2024-01-22,99353.03057351186,0.0,0.0,0.0,
2024-01-23,99353.03057351186,0.0,0.0,0.0,
2024-01-24,99353.03057351186,0.0,0.0,0.0,
2024-01-25,99353.03057351186,0.0,0.0,0.0,
2024-01-26,99353.03057351186,0.0,0.0,0.0,
2024-01-29,99353.03057351186,0.0,0.0,0.0,
2024-01-30,99353.03057351186,0.0,0.0,0.0,
2024-01-31,99353.03057351186,0.0,0.0,0.0,
2024-02-01,99353.03057351186,0.0,0.0,0.0,
2024-02-02,99353.03057351186,0.0,0.0,0.0,
2024-02-05,99353.03057351186,0.0,0.0,0.0,
2024-02-06,99353.03057351186,0.0,0.0,0.0,
2024-02-07,99353.03057351186,0.0,0.0,0.0,
2024-02-08,99353.03057351186,0.0,0.0,0.0,
2024-02-09,99353.03057351186,0.0,0.0,0.0,
2024-02-12,99353.03057351186,0.0,0.0,0.0,
2024-02-13,99353.03057351186,0.0,0.0,0.0,
2024-02-14,99353.03057351186,0.0,0.0,0.0,
2024-02-15,99353.03057351186,0.0,0.0,0.0,
2024-02-16,99353.03057351186,0.0,0.0,0.0,
2024-02-20,99353.03057351186,0.0,0.0,0.0,
2024-02-21,99353.03057351186,0.0,0.0,0.0,
2024-02-22,99353.03057351186,0.0,0.0,0.0,
2024-02-23,99353.03057351186,0.0,0.0,0.0,
2024-02-26,99353.03057351186,0.0,0.0,0.0,
2024-02-27,99353.03057351186,0.0,0.0,0.0,
2024-02-28,99353.03057351186,0.0,0.0,0.0,
2024-02-29,99353.03057351186,0.0,0.0,0.0,
2024-03-01,99353.03057351186,0.0,0.0,0.0,
2024-03-04,99353.03057351186,0.0,0.0,0.0,
2024-03-05,99353.03057351186,0.0,0.0,0.0,
2024-03-06,99353.03057351186,0.0,0.0,0.0,
2024-03-07,99353.03057351186,0.0,0.0,0.0,
2024-03-08,99353.03057351186,0.0,0.0,0.0,
2024-03-11,99353.03057351186,0.0,0.0,0.0,
2024-03-12,99353.03057351186,0.0,0.0,0.0,
2024-03-13,99353.03057351186,0.0,0.0,0.0,
2024-03-14,99353.03057351186,0.0,0.0,0.0,
2024-03-15,99353.03057351186,0.0,0.0,0.0,
2024-03-18,99353.03057351186,0.0,0.0,0.0,
2024-03-19,99353.03057351186,0.0,0.0,0.0,
2024-03-20,99353.03057351186,0.0,0.0,0.0,
2024-03-21,99353.03057351186,0.0,0.0,0.0,
2024-03-22,99353.03057351186,0.0,0.0,0.0,
2024-03-25,99353.03057351186,0.0,0.0,0.0,
2024-03-26,99353.03057351186,0.0,0.0,0.0,
2024-03-27,99353.03057351186,0.0,0.0,0.0,
2024-03-28,99353.03057351186,0.0,0.0,0.0,
2024-04-01,99353.03057351186,0.0,0.0,0.0,
2024-04-02,99353.03057351186,0.0,0.0,0.0,
2024-04-03,99353.03057351186,0.0,0.0,0.0,
2024-04-04,99353.03057351186,0.0,0.0,0.0,
2024-04-05,99353.03057351186,0.0,0.0,0.0,
2024-04-08,99353.03057351186,0.0,0.0,0.0,
2024-04-09,99353.03057351186,0.0,0.0,0.0,
2024-04-10,99353.03057351186,0.0,0.0,0.0,
2024-04-11,99353.03057351186,0.0,0.0,0.0,
2024-04-12,99353.03057351186,0.0,0.0,0.0,
2024-04-15,99353.03057351186,0.0,0.0,0.0,
2024-04-16,99353.03057351186,0.0,0.0,0.0,
2024-04-17,99353.03057351186,0.0,0.0,0.0,
2024-04-18,99353.03057351186,0.0,0.0,0.0,
2024-04-19,99353.03057351186,0.0,0.0,0.0,
2024-04-22,99353.03057351186,0.0,0.0,0.0,
2024-04-23,99353.03057351186,0.0,0.0,0.0,
2024-04-24,99353.03057351186,0.0,0.0,0.0,
2024-04-25,99353.03057351186,0.0,0.0,0.0,
2024-04-26,99353.03057351186,0.0,0.0,0.0,
2024-04-29,99353.03057351186,0.0,0.0,0.0,
2024-04-30,99353.03057351186,0.0,0.0,0.0,
2024-05-01,99353.03057351186,0.0,0.0,0.0,
2024-05-02,99353.03057351186,0.0,0.0,0.0,
2024-05-03,99353.03057351186,0.0,0.0,0.0,
2024-05-06,99353.03057351186,0.0,0.0,0.0,
2024-05-07,99353.03057351186,0.0,0.0,0.0,
2024-05-08,99353.03057351186,0.0,0.0,0.0,
2024-05-09,99353.03057351186,0.0,0.0,0.0,
2024-05-10,99353.03057351186,0.0,0.0,0.0,
2024-05-13,99353.03057351186,0.0,0.0,0.0,
2024-05-14,99353.03057351186,0.0,0.0,0.0,
2024-05-15,99353.03057351186,0.0,0.0,0.0,
2024-05-16,99353.03057351186,0.0,0.0,0.0,
2024-05-17,99353.03057351186,0.0,0.0,0.0,
2024-05-20,99353.03057351186,0.0,0.0,0.0,
2024-05-21,99353.03057351186,0.0,0.0,0.0,
2024-05-22,99353.03057351186,0.0,0.0,0.0,
2024-05-23,99353.03057351186,0.0,0.0,0.0,
2024-05-24,99353.03057351186,0.0,0.0,0.0,
2024-05-28,99353.03057351186,0.0,0.0,0.0,
2024-05-29,99353.03057351186,0.0,0.0,0.0,
2024-05-30,99353.03057351186,0.0,0.0,0.0,
2024-05-31,99353.03057351186,0.0,0.0,0.0,
2024-06-03,99353.03057351186,0.0,0.0,0.0,
2024-06-04,99353.03057351186,0.0,0.0,0.0,
2024-06-05,99353.03057351186,0.0,0.0,0.0,
2024-06-06,99353.03057351186,0.0,0.0,0.0,
2024-06-07,99353.03057351186,0.0,0.0,0.0,
2024-06-10,99353.03057351186,0.0,0.0,0.0,
2024-06-11,99353.03057351186,0.0,0.0,0.0,
2024-06-12,99353.03057351186,0.0,0.0,0.0,
2024-06-13,99353.03057351186,0.0,0.0,0.0,
2024-06-14,99353.03057351186,0.0,0.0,0.0,
2024-06-17,99353.03057351186,0.0,0.0,0.0,
2024-06-18,99353.03057351186,0.0,0.0,0.0,
2024-06-20,99353.03057351186,0.0,0.0,0.0,
2024-06-21,99353.03057351186,0.0,0.0,0.0,
2024-06-24,99353.03057351186,0.0,0.0,0.0,
2024-06-25,99353.03057351186,0.0,0.0,0.0,
2024-06-26,99353.03057351186,0.0,0.0,0.0,
2024-06-27,99353.03057351186,0.0,0.0,0.0,
2024-06-28,99353.03057351186,0.0,0.0,0.0,
2024-07-01,99353.03057351186,0.0,0.0,0.0,
2024-07-02,99353.03057351186,0.0,0.0,0.0,
2024-07-03,99353.03057351186,0.0,0.0,0.0,
2024-07-05,99353.03057351186,0.0,0.0,0.0,
2024-07-08,99353.03057351186,0.0,0.0,0.0,
2024-07-09,99353.03057351186,0.0,0.0,0.0,
2024-07-10,99353.03057351186,0.0,0.0,0.0,
2024-07-11,99353.03057351186,0.0,0.0,0.0,
2024-07-12,99353.03057351186,0.0,0.0,0.0,
2024-07-15,99353.03057351186,0.0,0.0,0.0,
2024-07-16,99353.03057351186,0.0,0.0,0.0,
2024-07-17,99353.03057351186,0.0,0.0,0.0,
2024-07-18,99353.03057351186,0.0,0.0,0.0,
2024-07-19,99353.03057351186,0.0,0.0,0.0,
2024-07-22,99353.03057351186,0.0,0.0,0.0,
2024-07-23,99353.03057351186,0.0,0.0,0.0,
2024-07-24,99353.03057351186,0.0,0.0,0.0,
2024-07-25,99353.03057351186,0.0,0.0,0.0,
2024-07-26,99353.03057351186,0.0,0.0,0.0,
2024-07-29,99353.03057351186,0.0,0.0,0.0,
2024-07-30,99353.03057351186,0.0,0.0,0.0,
2024-07-31,99353.03057351186,0.0,0.0,0.0,
2024-08-01,99353.03057351186,0.0,0.0,0.0,
2024-08-02,99353.03057351186,0.0,0.0,0.0,
2024-08-05,99353.03057351186,0.0,0.0,0.0,
2024-08-06,99353.03057351186,0.0,0.0,0.0,
2024-08-07,99353.03057351186,0.0,0.0,0.0,
2024-08-08,99353.03057351186,0.0,0.0,0.0,
2024-08-09,99353.03057351186,0.0,0.0,0.0,
2024-08-12,99353.03057351186,0.0,0.0,0.0,
2024-08-13,99353.03057351186,0.0,0.0,0.0,
2024-08-14,99353.03057351186,0.0,0.0,0.0,
2024-08-15,99353.03057351186,0.0,0.0,0.0,
2024-08-16,99353.03057351186,0.0,0.0,0.0,
2024-08-19,99353.03057351186,0.0,0.0,0.0,
2024-08-20,99353.03057351186,0.0,0.0,0.0,
2024-08-21,99353.03057351186,0.0,0.0,0.0,
2024-08-22,99353.03057351186,0.0,0.0,0.0,
2024-08-23,99353.03057351186,0.0,0.0,0.0,
2024-08-26,99353.03057351186,0.0,0.0,0.0,
2024-08-27,99353.03057351186,0.0,0.0,0.0,
2024-08-28,99353.03057351186,0.0,0.0,0.0,
2024-08-29,99353.03057351186,0.0,0.0,0.0,
2024-08-30,99353.03057351186,0.0,0.0,0.0,
2024-09-03,99353.03057351186,0.0,0.0,0.0,
2024-09-04,99353.03057351186,0.0,0.0,0.0,
2024-09-05,99353.03057351186,0.0,0.0,0.0,
2024-09-06,99353.03057351186,0.0,0.0,0.0,
2024-09-09,99353.03057351186,0.0,0.0,0.0,
2024-09-10,99353.03057351186,0.0,0.0,0.0,
2024-09-11,99353.03057351186,0.0,0.0,0.0,
2024-09-12,99353.03057351186,0.0,0.0,0.0,
2024-09-13,99353.03057351186,0.0,0.0,0.0,
2024-09-16,99353.03057351186,0.0,0.0,0.0,
2024-09-17,99353.03057351186,0.0,0.0,0.0,
2024-09-18,99353.03057351186,0.0,0.0,0.0,
2024-09-19,99353.03057351186,0.0,0.0,0.0,
2024-09-20,99353.03057351186,0.0,0.0,0.0,
2024-09-23,99353.03057351186,0.0,0.0,0.0,
2024-09-24,99353.03057351186,0.0,0.0,0.0,
2024-09-25,99353.03057351186,0.0,0.0,0.0,
2024-09-26,99353.03057351186,0.0,0.0,0.0,
2024-09-27,99353.03057351186,0.0,0.0,0.0,
2024-09-30,99353.03057351186,0.0,0.0,0.0,
2024-10-01,99353.03057351186,0.0,0.0,0.0,
2024-10-02,99353.03057351186,0.0,0.0,0.0,
2024-10-03,99353.03057351186,0.0,0.0,0.0,
2024-10-04,99353.03057351186,0.0,0.0,0.0,
2024-10-07,99353.03057351186,0.0,0.0,0.0,
2024-10-08,99353.03057351186,0.0,0.0,0.0,
2024-10-09,99353.03057351186,0.0,0.0,0.0,
2024-10-10,99353.03057351186,0.0,0.0,0.0,
2024-10-11,99353.03057351186,0.0,0.0,0.0,
2024-10-14,99353.03057351186,0.0,0.0,0.0,
2024-10-15,99353.03057351186,0.0,0.0,0.0,
2024-10-16,99353.03057351186,0.0,0.0,0.0,
2024-10-17,99353.03057351186,0.0,0.0,0.0,
2024-10-18,99353.03057351186,0.0,0.0,0.0,
2024-10-21,99353.03057351186,0.0,0.0,0.0,
2024-10-22,99353.03057351186,0.0,0.0,0.0,
2024-10-23,99353.03057351186,0.0,0.0,0.0,
2024-10-24,99353.03057351186,0.0,0.0,0.0,
2024-10-25,99353.03057351186,0.0,0.0,0.0,
2024-10-28,99353.03057351186,0.0,0.0,0.0,
2024-10-29,99353.03057351186,0.0,0.0,0.0,
2024-10-30,99353.03057351186,0.0,0.0,0.0,
2024-10-31,99353.03057351186,0.0,0.0,0.0,
2024-11-01,99353.03057351186,0.0,0.0,0.0,
2024-11-04,99353.03057351186,0.0,0.0,0.0,
2024-11-05,99353.03057351186,0.0,0.0,0.0,
2024-11-06,99353.03057351186,0.0,0.0,0.0,
2024-11-07,99353.03057351186,0.0,0.0,0.0,
2024-11-08,99353.03057351186,0.0,0.0,0.0,
2024-11-11,99353.03057351186,0.0,0.0,0.0,
2024-11-12,99353.03057351186,0.0,0.0,0.0,
2024-11-13,99353.03057351186,0.0,0.0,0.0,
2024-11-14,99353.03057351186,0.0,0.0,0.0,
2024-11-15,99353.03057351186,0.0,0.0,0.0,
2024-11-18,99353.03057351186,0.0,0.0,0.0,
2024-11-19,99353.03057351186,0.0,0.0,0.0,
2024-11-20,99353.03057351186,0.0,0.0,0.0,
2024-11-21,99353.03057351186,0.0,0.0,0.0,
2024-11-22,99353.03057351186,0.0,0.0,0.0,
2024-11-25,99353.03057351186,0.0,0.0,0.0,
2024-11-26,99353.03057351186,0.0,0.0,0.0,
2024-11-27,99353.03057351186,0.0,0.0,0.0,
2024-11-29,99353.03057351186,0.0,0.0,0.0,
2024-12-02,99353.03057351186,0.0,0.0,0.0,
2024-12-03,99353.03057351186,0.0,0.0,0.0,
2024-12-04,99353.03057351186,0.0,0.0,0.0,
2024-12-05,99353.03057351186,0.0,0.0,0.0,
2024-12-06,99353.03057351186,0.0,0.0,0.0,
2024-12-09,99353.03057351186,0.0,0.0,0.0,
2024-12-10,99353.03057351186,0.0,0.0,0.0,
2024-12-11,99353.03057351186,0.0,0.0,0.0,
2024-12-12,99353.03057351186,0.0,0.0,0.0,
2024-12-13,99353.03057351186,0.0,0.0,0.0,
2024-12-16,99353.03057351186,0.0,0.0,0.0,
2024-12-17,99353.03057351186,0.0,0.0,0.0,
2024-12-18,99353.03057351186,0.0,0.0,0.0,
2024-12-19,99353.03057351186,0.0,0.0,0.0,
2024-12-20,99353.03057351186,0.0,0.0,0.0,
2024-12-23,99353.03057351186,0.0,0.0,0.0,
2024-12-24,99353.03057351186,0.0,0.0,0.0,
2024-12-26,99353.03057351186,0.0,0.0,0.0,
2024-12-27,99353.03057351186,0.0,0.0,0.0,
2024-12-30,99353.03057351186,0.0,0.0,0.0,
2024-12-31,99353.03057351186,0.0,0.0,0.0,
