date,equity,return,gross_exposure,net_exposure,zscore
2012-01-03,100000.0,,0.0,0.0,
2012-01-04,100000.0,0.0,0.0,0.0,
2012-01-05,100000.0,0.0,0.0,0.0,
2012-01-06,100000.0,0.0,0.0,0.0,
2012-01-09,100000.0,0.0,0.0,0.0,
2012-01-10,100000.0,0.0,0.0,0.0,
2012-01-11,100000.0,0.0,0.0,0.0,
2012-01-12,100000.0,0.0,0.0,0.0,
2012-01-13,100000.0,0.0,0.0,0.0,
2012-01-17,100000.0,0.0,0.0,0.0,
2012-01-18,100000.0,0.0,0.0,0.0,
2012-01-19,100000.0,0.0,0.0,0.0,
2012-01-20,100000.0,0.0,0.0,0.0,
2012-01-23,100000.0,0.0,0.0,0.0,
2012-01-24,100000.0,0.0,0.0,0.0,
2012-01-25,100000.0,0.0,0.0,0.0,
2012-01-26,100000.0,0.0,0.0,0.0,
2012-01-27,100000.0,0.0,0.0,0.0,
2012-01-30,100000.0,0.0,0.0,0.0,
2012-01-31,100000.0,0.0,0.0,0.0,
2012-02-01,100000.0,0.0,0.0,0.0,
2012-02-02,100000.0,0.0,0.0,0.0,
2012-02-03,100000.0,0.0,0.0,0.0,
2012-02-06,100000.0,0.0,0.0,0.0,
2012-02-07,100000.0,0.0,0.0,0.0,
2012-02-08,100000.0,0.0,0.0,0.0,
2012-02-09,100000.0,0.0,0.0,0.0,
2012-02-10,100000.0,0.0,0.0,0.0,
2012-02-13,100000.0,0.0,0.0,0.0,
2012-02-14,100000.0,0.0,0.0,0.0,
2012-02-15,100000.0,0.0,0.0,0.0,
2012-02-16,100000.0,0.0,0.0,0.0,
2012-02-17,100000.0,0.0,0.0,0.0,
2012-02-21,100000.0,0.0,0.0,0.0,
2012-02-22,100000.0,0.0,0.0,0.0,
2012-02-23,100000.0,0.0,0.0,0.0,
2012-02-24,100000.0,0.0,0.0,0.0,
2012-02-27,100000.0,0.0,0.0,0.0,
2012-02-28,100000.0,0.0,0.0,0.0,
2012-02-29,100000.0,0.0,0.0,0.0,
2012-03-01,100000.0,0.0,0.0,0.0,
2012-03-02,100000.0,0.0,0.0,0.0,
2012-03-05,100000.0,0.0,0.0,0.0,
2012-03-06,100000.0,0.0,0.0,0.0,
2012-03-07,100000.0,0.0,0.0,0.0,
2012-03-08,100000.0,0.0,0.0,0.0,
2012-03-09,100000.0,0.0,0.0,0.0,
2012-03-12,100000.0,0.0,0.0,0.0,
2012-03-13,100000.0,0.0,0.0,0.0,
2012-03-14,100000.0,0.0,0.0,0.0,
2012-03-15,100000.0,0.0,0.0,0.0,
2012-03-16,100000.0,0.0,0.0,0.0,
2012-03-19,100000.0,0.0,0.0,0.0,
2012-03-20,100000.0,0.0,0.0,0.0,
2012-03-21,100000.0,0.0,0.0,0.0,
2012-03-22,100000.0,0.0,0.0,0.0,
2012-03-23,100000.0,0.0,0.0,0.0,
2012-03-26,100000.0,0.0,0.0,0.0,
2012-03-27,100000.0,0.0,0.0,0.0,
2012-03-28,100000.0,0.0,0.0,0.0,
2012-03-29,100000.0,0.0,0.0,0.0,
2012-03-30,100000.0,0.0,0.0,0.0,
2012-04-02,100000.0,0.0,0.0,0.0,
2012-04-03,100000.0,0.0,0.0,0.0,
2012-04-04,100000.0,0.0,0.0,0.0,
2012-04-05,100000.0,0.0,0.0,0.0,
2012-04-09,100000.0,0.0,0.0,0.0,
2012-04-10,100000.0,0.0,0.0,0.0,
2012-04-11,100000.0,0.0,0.0,0.0,
2012-04-12,100000.0,0.0,0.0,0.0,
2012-04-13,100000.0,0.0,0.0,0.0,
2012-04-16,100000.0,0.0,0.0,0.0,
2012-04-17,100000.0,0.0,0.0,0.0,
2012-04-18,100000.0,0.0,0.0,0.0,
2012-04-19,100000.0,0.0,0.0,0.0,
2012-04-20,100000.0,0.0,0.0,0.0,
2012-04-23,100000.0,0.0,0.0,0.0,
2012-04-24,100000.0,0.0,0.0,0.0,
2012-04-25,100000.0,0.0,0.0,0.0,
2012-04-26,100000.0,0.0,0.0,0.0,
2012-04-27,100000.0,0.0,0.0,0.0,
2012-04-30,100000.0,0.0,0.0,0.0,
2012-05-01,100000.0,0.0,0.0,0.0,
2012-05-02,100000.0,0.0,0.0,0.0,
2012-05-03,100000.0,0.0,0.0,0.0,
2012-05-04,100000.0,0.0,0.0,0.0,
2012-05-07,100000.0,0.0,0.0,0.0,
2012-05-08,100000.0,0.0,0.0,0.0,
2012-05-09,100000.0,0.0,0.0,0.0,
2012-05-10,100000.0,0.0,0.0,0.0,
2012-05-11,100000.0,0.0,0.0,0.0,
2012-05-14,100000.0,0.0,0.0,0.0,
2012-05-15,100000.0,0.0,0.0,0.0,
2012-05-16,100000.0,0.0,0.0,0.0,
2012-05-17,100000.0,0.0,0.0,0.0,
2012-05-18,100000.0,0.0,0.0,0.0,
2012-05-21,100000.0,0.0,0.0,0.0,
2012-05-22,100000.0,0.0,0.0,0.0,
2012-05-23,100000.0,0.0,0.0,0.0,
2012-05-24,100000.0,0.0,0.0,0.0,
2012-05-25,100000.0,0.0,0.0,0.0,
2012-05-29,100000.0,0.0,0.0,0.0,
2012-05-30,100000.0,0.0,0.0,0.0,
2012-05-31,100000.0,0.0,0.0,0.0,
2012-06-01,100000.0,0.0,0.0,0.0,
2012-06-04,100000.0,0.0,0.0,0.0,
2012-06-05,100000.0,0.0,0.0,0.0,
2012-06-06,100000.0,0.0,0.0,0.0,
2012-06-07,100000.0,0.0,0.0,0.0,
2012-06-08,100000.0,0.0,0.0,0.0,
2012-06-11,100000.0,0.0,0.0,0.0,
2012-06-12,100000.0,0.0,0.0,0.0,
2012-06-13,100000.0,0.0,0.0,0.0,
2012-06-14,100000.0,0.0,0.0,0.0,
2012-06-15,100000.0,0.0,0.0,0.0,
2012-06-18,100000.0,0.0,0.0,0.0,
2012-06-19,100000.0,0.0,0.0,0.0,
2012-06-20,100000.0,0.0,0.0,0.0,
2012-06-21,100000.0,0.0,0.0,0.0,
2012-06-22,100000.0,0.0,0.0,0.0,
2012-06-25,100000.0,0.0,0.0,0.0,
2012-06-26,100000.0,0.0,0.0,0.0,
2012-06-27,100000.0,0.0,0.0,0.0,
2012-06-28,100000.0,0.0,0.0,0.0,
2012-06-29,100000.0,0.0,0.0,0.0,
2012-07-02,100000.0,0.0,0.0,0.0,
2012-07-03,100000.0,0.0,0.0,0.0,
2012-07-05,100000.0,0.0,0.0,0.0,
2012-07-06,100000.0,0.0,0.0,0.0,
2012-07-09,100000.0,0.0,0.0,0.0,
2012-07-10,100000.0,0.0,0.0,0.0,
2012-07-11,100000.0,0.0,0.0,0.0,
2012-07-12,100000.0,0.0,0.0,0.0,
2012-07-13,100000.0,0.0,0.0,0.0,
2012-07-16,100000.0,0.0,0.0,0.0,
2012-07-17,100000.0,0.0,0.0,0.0,
2012-07-18,100000.0,0.0,0.0,0.0,
2012-07-19,100000.0,0.0,0.0,0.0,
2012-07-20,100000.0,0.0,0.0,0.0,
2012-07-23,100000.0,0.0,0.0,0.0,
2012-07-24,100000.0,0.0,0.0,0.0,
2012-07-25,100000.0,0.0,0.0,0.0,
2012-07-26,100000.0,0.0,0.0,0.0,
2012-07-27,100000.0,0.0,0.0,0.0,
2012-07-30,100000.0,0.0,0.0,0.0,
2012-07-31,100000.0,0.0,0.0,0.0,
2012-08-01,100000.0,0.0,0.0,0.0,
2012-08-02,100000.0,0.0,0.0,0.0,
2012-08-03,100000.0,0.0,0.0,0.0,
2012-08-06,100000.0,0.0,0.0,0.0,
2012-08-07,100000.0,0.0,0.0,0.0,
2012-08-08,100000.0,0.0,0.0,0.0,
2012-08-09,100000.0,0.0,0.0,0.0,
2012-08-10,100000.0,0.0,0.0,0.0,
2012-08-13,100000.0,0.0,0.0,0.0,
2012-08-14,100000.0,0.0,0.0,0.0,
2012-08-15,100000.0,0.0,0.0,0.0,
2012-08-16,100000.0,0.0,0.0,0.0,
2012-08-17,100000.0,0.0,0.0,0.0,
2012-08-20,100000.0,0.0,0.0,0.0,
2012-08-21,100000.0,0.0,0.0,0.0,
2012-08-22,100000.0,0.0,0.0,0.0,
2012-08-23,100000.0,0.0,0.0,0.0,
2012-08-24,100000.0,0.0,0.0,0.0,
2012-08-27,100000.0,0.0,0.0,0.0,
2012-08-28,100000.0,0.0,0.0,0.0,
2012-08-29,100000.0,0.0,0.0,0.0,
2012-08-30,100000.0,0.0,0.0,0.0,
2012-08-31,100000.0,0.0,0.0,0.0,
2012-09-04,100000.0,0.0,0.0,0.0,
2012-09-05,100000.0,0.0,0.0,0.0,
2012-09-06,100000.0,0.0,0.0,0.0,
2012-09-07,100000.0,0.0,0.0,0.0,
2012-09-10,100000.0,0.0,0.0,0.0,
2012-09-11,100000.0,0.0,0.0,0.0,
2012-09-12,100000.0,0.0,0.0,0.0,
2012-09-13,100000.0,0.0,0.0,0.0,
2012-09-14,100000.0,0.0,0.0,0.0,
2012-09-17,100000.0,0.0,0.0,0.0,
2012-09-18,100000.0,0.0,0.0,0.0,
2012-09-19,100000.0,0.0,0.0,0.0,
2012-09-20,100000.0,0.0,0.0,0.0,
2012-09-21,100000.0,0.0,0.0,0.0,
2012-09-24,100000.0,0.0,0.0,0.0,
2012-09-25,100000.0,0.0,0.0,0.0,
2012-09-26,100000.0,0.0,0.0,0.0,
2012-09-27,100000.0,0.0,0.0,0.0,
2012-09-28,100000.0,0.0,0.0,0.0,
2012-10-01,100000.0,0.0,0.0,0.0,
2012-10-02,100000.0,0.0,0.0,0.0,
2012-10-03,100000.0,0.0,0.0,0.0,
2012-10-04,100000.0,0.0,0.0,0.0,
2012-10-05,100000.0,0.0,0.0,0.0,
2012-10-08,100000.0,0.0,0.0,0.0,
2012-10-09,100000.0,0.0,0.0,0.0,
2012-10-10,100000.0,0.0,0.0,0.0,
2012-10-11,100000.0,0.0,0.0,0.0,
2012-10-12,100000.0,0.0,0.0,0.0,
2012-10-15,100000.0,0.0,0.0,0.0,
2012-10-16,100000.0,0.0,0.0,0.0,
2012-10-17,100000.0,0.0,0.0,0.0,
2012-10-18,100000.0,0.0,0.0,0.0,
2012-10-19,100000.0,0.0,0.0,0.0,
2012-10-22,100000.0,0.0,0.0,0.0,
2012-10-23,100000.0,0.0,0.0,0.0,
2012-10-24,100000.0,0.0,0.0,0.0,
2012-10-25,100000.0,0.0,0.0,0.0,
2012-10-26,100000.0,0.0,0.0,0.0,
2012-10-31,100000.0,0.0,0.0,0.0,
2012-11-01,100000.0,0.0,0.0,0.0,
2012-11-02,100000.0,0.0,0.0,0.0,
2012-11-05,100000.0,0.0,0.0,0.0,
2012-11-06,100000.0,0.0,0.0,0.0,
2012-11-07,100000.0,0.0,0.0,0.0,
2012-11-08,100000.0,0.0,0.0,0.0,
2012-11-09,100000.0,0.0,0.0,0.0,
2012-11-12,100000.0,0.0,0.0,0.0,
2012-11-13,100000.0,0.0,0.0,0.0,
2012-11-14,100000.0,0.0,0.0,0.0,
2012-11-15,100000.0,0.0,0.0,0.0,
2012-11-16,100000.0,0.0,0.0,0.0,
2012-11-19,100000.0,0.0,0.0,0.0,
2012-11-20,100000.0,0.0,0.0,0.0,
2012-11-21,100000.0,0.0,0.0,0.0,
2012-11-23,100000.0,0.0,0.0,0.0,
2012-11-26,100000.0,0.0,0.0,0.0,
2012-11-27,100000.0,0.0,0.0,0.0,
2012-11-28,100000.0,0.0,0.0,0.0,
2012-11-29,100000.0,0.0,0.0,0.0,
2012-11-30,100000.0,0.0,0.0,0.0,
2012-12-03,100000.0,0.0,0.0,0.0,
2012-12-04,100000.0,0.0,0.0,0.0,
2012-12-05,100000.0,0.0,0.0,0.0,
2012-12-06,100000.0,0.0,0.0,0.0,
2012-12-07,100000.0,0.0,0.0,0.0,
2012-12-10,100000.0,0.0,0.0,0.0,
2012-12-11,100000.0,0.0,0.0,0.0,
2012-12-12,100000.0,0.0,0.0,0.0,
2012-12-13,100000.0,0.0,0.0,0.0,
2012-12-14,100000.0,0.0,0.0,0.0,
2012-12-17,100000.0,0.0,0.0,0.0,
2012-12-18,100000.0,0.0,0.0,0.0,
2012-12-19,100000.0,0.0,0.0,0.0,
2012-12-20,100000.0,0.0,0.0,0.0,
2012-12-21,100000.0,0.0,0.0,0.0,
2012-12-24,100000.0,0.0,0.0,0.0,
2012-12-26,100000.0,0.0,0.0,0.0,
2012-12-27,100000.0,0.0,0.0,0.0,
2012-12-28,100000.0,0.0,0.0,0.0,
2012-12-31,100000.0,0.0,0.0,0.0,
2013-01-02,100000.0,0.0,0.0,0.0,
2013-01-03,100000.0,0.0,0.0,0.0,
2013-01-04,100000.0,0.0,0.0,0.0,
2013-01-07,100000.0,0.0,0.0,0.0,
2013-01-08,100000.0,0.0,0.0,0.0,
2013-01-09,100000.0,0.0,0.0,0.0,
2013-01-10,100000.0,0.0,0.0,0.0,
2013-01-11,100000.0,0.0,0.0,0.0,
2013-01-14,100000.0,0.0,0.0,0.0,
2013-01-15,100000.0,0.0,0.0,0.0,
2013-01-16,100000.0,0.0,0.0,0.0,
2013-01-17,100000.0,0.0,0.0,0.0,
2013-01-18,100000.0,0.0,0.0,0.0,
2013-01-22,100000.0,0.0,0.0,0.0,
2013-01-23,100000.0,0.0,0.0,0.0,
2013-01-24,100000.0,0.0,0.0,0.0,
2013-01-25,100000.0,0.0,0.0,0.0,
2013-01-28,100000.0,0.0,0.0,0.0,
2013-01-29,100000.0,0.0,0.0,0.0,
2013-01-30,100000.0,0.0,0.0,0.0,
2013-01-31,100000.0,0.0,0.0,0.0,
2013-02-01,100000.0,0.0,0.0,0.0,
2013-02-04,100000.0,0.0,0.0,0.0,
2013-02-05,100000.0,0.0,0.0,0.0,
2013-02-06,100000.0,0.0,0.0,0.0,
2013-02-07,100000.0,0.0,0.0,0.0,
2013-02-08,100000.0,0.0,0.0,0.0,
2013-02-11,100000.0,0.0,0.0,0.0,
2013-02-12,100000.0,0.0,0.0,0.0,
2013-02-13,100000.0,0.0,0.0,0.0,
2013-02-14,100000.0,0.0,0.0,0.0,
2013-02-15,100000.0,0.0,0.0,0.0,
2013-02-19,100000.0,0.0,0.0,0.0,
2013-02-20,100000.0,0.0,0.0,0.0,
2013-02-21,100000.0,0.0,0.0,0.0,
2013-02-22,100000.0,0.0,0.0,0.0,
2013-02-25,100000.0,0.0,0.0,0.0,
2013-02-26,100000.0,0.0,0.0,0.0,
2013-02-27,100000.0,0.0,0.0,0.0,
2013-02-28,100000.0,0.0,0.0,0.0,
2013-03-01,100000.0,0.0,0.0,0.0,
2013-03-04,100000.0,0.0,0.0,0.0,
2013-03-05,100000.0,0.0,0.0,0.0,
2013-03-06,100000.0,0.0,0.0,0.0,
2013-03-07,100000.0,0.0,0.0,0.0,
2013-03-08,100000.0,0.0,0.0,0.0,
2013-03-11,100000.0,0.0,0.0,0.0,
2013-03-12,100000.0,0.0,0.0,0.0,
2013-03-13,100000.0,0.0,0.0,0.0,
2013-03-14,100000.0,0.0,0.0,0.0,
2013-03-15,100000.0,0.0,0.0,0.0,
2013-03-18,100000.0,0.0,0.0,0.0,
2013-03-19,100000.0,0.0,0.0,0.0,
2013-03-20,100000.0,0.0,0.0,0.0,
2013-03-21,100000.0,0.0,0.0,0.0,
2013-03-22,100000.0,0.0,0.0,0.0,
2013-03-25,100000.0,0.0,0.0,0.0,
2013-03-26,100000.0,0.0,0.0,0.0,
2013-03-27,100000.0,0.0,0.0,0.0,
2013-03-28,100000.0,0.0,0.0,0.0,
2013-04-01,100000.0,0.0,0.0,0.0,
2013-04-02,100000.0,0.0,0.0,0.0,
2013-04-03,100000.0,0.0,0.0,0.0,
2013-04-04,100000.0,0.0,0.0,0.0,
2013-04-05,100000.0,0.0,0.0,0.0,
2013-04-08,100000.0,0.0,0.0,0.0,
2013-04-09,100000.0,0.0,0.0,0.0,
2013-04-10,100000.0,0.0,0.0,0.0,
2013-04-11,100000.0,0.0,0.0,0.0,
2013-04-12,100000.0,0.0,0.0,0.0,
2013-04-15,100000.0,0.0,0.0,0.0,
2013-04-16,100000.0,0.0,0.0,0.0,
2013-04-17,100000.0,0.0,0.0,0.0,
2013-04-18,100000.0,0.0,0.0,0.0,
2013-04-19,100000.0,0.0,0.0,0.0,
2013-04-22,100000.0,0.0,0.0,0.0,
2013-04-23,100000.0,0.0,0.0,0.0,
2013-04-24,100000.0,0.0,0.0,0.0,
2013-04-25,100000.0,0.0,0.0,0.0,
2013-04-26,100000.0,0.0,0.0,0.0,
2013-04-29,100000.0,0.0,0.0,0.0,
2013-04-30,100000.0,0.0,0.0,0.0,
2013-05-01,100000.0,0.0,0.0,0.0,
2013-05-02,100000.0,0.0,0.0,0.0,
2013-05-03,100000.0,0.0,0.0,0.0,
2013-05-06,100000.0,0.0,0.0,0.0,
2013-05-07,100000.0,0.0,0.0,0.0,
2013-05-08,100000.0,0.0,0.0,0.0,
2013-05-09,100000.0,0.0,0.0,0.0,
2013-05-10,100000.0,0.0,0.0,0.0,
2013-05-13,100000.0,0.0,0.0,0.0,
2013-05-14,100000.0,0.0,0.0,0.0,
2013-05-15,100000.0,0.0,0.0,0.0,
2013-05-16,100000.0,0.0,0.0,0.0,
2013-05-17,100000.0,0.0,0.0,0.0,
2013-05-20,100000.0,0.0,0.0,0.0,
2013-05-21,100000.0,0.0,0.0,0.0,
2013-05-22,100000.0,0.0,0.0,0.0,
2013-05-23,100000.0,0.0,0.0,0.0,
2013-05-24,100000.0,0.0,0.0,0.0,
2013-05-28,100000.0,0.0,0.0,0.0,
2013-05-29,100000.0,0.0,0.0,0.0,
2013-05-30,100000.0,0.0,0.0,0.0,
2013-05-31,100000.0,0.0,0.0,0.0,
2013-06-03,100000.0,0.0,0.0,0.0,
2013-06-04,100000.0,0.0,0.0,0.0,
2013-06-05,100000.0,0.0,0.0,0.0,
2013-06-06,100000.0,0.0,0.0,0.0,
2013-06-07,100000.0,0.0,0.0,0.0,
2013-06-10,100000.0,0.0,0.0,0.0,
2013-06-11,100000.0,0.0,0.0,0.0,
2013-06-12,100000.0,0.0,0.0,0.0,
2013-06-13,100000.0,0.0,0.0,0.0,
2013-06-14,100000.0,0.0,0.0,0.0,
2013-06-17,100000.0,0.0,0.0,0.0,
2013-06-18,100000.0,0.0,0.0,0.0,
2013-06-19,100000.0,0.0,0.0,0.0,
2013-06-20,100000.0,0.0,0.0,0.0,
2013-06-21,100000.0,0.0,0.0,0.0,
2013-06-24,100000.0,0.0,0.0,0.0,
2013-06-25,100000.0,0.0,0.0,0.0,
2013-06-26,100000.0,0.0,0.0,0.0,
2013-06-27,100000.0,0.0,0.0,0.0,
2013-06-28,100000.0,0.0,0.0,0.0,
2013-07-01,100000.0,0.0,0.0,0.0,
2013-07-02,100000.0,0.0,0.0,0.0,
2013-07-03,100000.0,0.0,0.0,0.0,
2013-07-05,100000.0,0.0,0.0,0.0,
2013-07-08,100000.0,0.0,0.0,0.0,
2013-07-09,100000.0,0.0,0.0,0.0,
2013-07-10,100000.0,0.0,0.0,0.0,
2013-07-11,100000.0,0.0,0.0,0.0,
2013-07-12,100000.0,0.0,0.0,0.0,
2013-07-15,100000.0,0.0,0.0,0.0,
2013-07-16,100000.0,0.0,0.0,0.0,
2013-07-17,100000.0,0.0,0.0,0.0,
2013-07-18,100000.0,0.0,0.0,0.0,
2013-07-19,100000.0,0.0,0.0,0.0,
2013-07-22,100000.0,0.0,0.0,0.0,
2013-07-23,100000.0,0.0,0.0,0.0,
2013-07-24,100000.0,0.0,0.0,0.0,
2013-07-25,100000.0,0.0,0.0,0.0,
2013-07-26,100000.0,0.0,0.0,0.0,
2013-07-29,100000.0,0.0,0.0,0.0,
2013-07-30,100000.0,0.0,0.0,0.0,
2013-07-31,100000.0,0.0,0.0,0.0,
2013-08-01,100000.0,0.0,0.0,0.0,
2013-08-02,100000.0,0.0,0.0,0.0,
2013-08-05,100000.0,0.0,0.0,0.0,
2013-08-06,100000.0,0.0,0.0,0.0,
2013-08-07,100000.0,0.0,0.0,0.0,
2013-08-08,100000.0,0.0,0.0,0.0,
2013-08-09,100000.0,0.0,0.0,0.0,
2013-08-12,100000.0,0.0,0.0,0.0,
2013-08-13,100000.0,0.0,0.0,0.0,
2013-08-14,100000.0,0.0,0.0,0.0,
2013-08-15,100000.0,0.0,0.0,0.0,
2013-08-16,100000.0,0.0,0.0,0.0,
2013-08-19,100000.0,0.0,0.0,0.0,
2013-08-20,100000.0,0.0,0.0,0.0,
2013-08-21,100000.0,0.0,0.0,0.0,
2013-08-22,100000.0,0.0,0.0,0.0,
2013-08-23,100000.0,0.0,0.0,0.0,
2013-08-26,100000.0,0.0,0.0,0.0,
2013-08-27,100000.0,0.0,0.0,0.0,
2013-08-28,100000.0,0.0,0.0,0.0,
2013-08-29,100000.0,0.0,0.0,0.0,
2013-08-30,100000.0,0.0,0.0,0.0,
2013-09-03,100000.0,0.0,0.0,0.0,
2013-09-04,100000.0,0.0,0.0,0.0,
2013-09-05,100000.0,0.0,0.0,0.0,
2013-09-06,100000.0,0.0,0.0,0.0,
2013-09-09,100000.0,0.0,0.0,0.0,
2013-09-10,100000.0,0.0,0.0,0.0,
2013-09-11,100000.0,0.0,0.0,0.0,
2013-09-12,100000.0,0.0,0.0,0.0,
2013-09-13,100000.0,0.0,0.0,0.0,
2013-09-16,100000.0,0.0,0.0,0.0,
2013-09-17,100000.0,0.0,0.0,0.0,
2013-09-18,100000.0,0.0,0.0,0.0,
2013-09-19,100000.0,0.0,0.0,0.0,
2013-09-20,100000.0,0.0,0.0,0.0,
2013-09-23,100000.0,0.0,0.0,0.0,
2013-09-24,100000.0,0.0,0.0,0.0,
2013-09-25,100000.0,0.0,0.0,0.0,
2013-09-26,100000.0,0.0,0.0,0.0,
2013-09-27,100000.0,0.0,0.0,0.0,
2013-09-30,100000.0,0.0,0.0,0.0,
2013-10-01,100000.0,0.0,0.0,0.0,
2013-10-02,100000.0,0.0,0.0,0.0,
2013-10-03,100000.0,0.0,0.0,0.0,
2013-10-04,100000.0,0.0,0.0,0.0,
2013-10-07,100000.0,0.0,0.0,0.0,
2013-10-08,100000.0,0.0,0.0,0.0,
2013-10-09,100000.0,0.0,0.0,0.0,
2013-10-10,100000.0,0.0,0.0,0.0,
2013-10-11,100000.0,0.0,0.0,0.0,
2013-10-14,100000.0,0.0,0.0,0.0,
2013-10-15,100000.0,0.0,0.0,0.0,
2013-10-16,100000.0,0.0,0.0,0.0,
2013-10-17,100000.0,0.0,0.0,0.0,
2013-10-18,100000.0,0.0,0.0,0.0,
2013-10-21,100000.0,0.0,0.0,0.0,
2013-10-22,100000.0,0.0,0.0,0.0,
2013-10-23,100000.0,0.0,0.0,0.0,
2013-10-24,100000.0,0.0,0.0,0.0,
2013-10-25,100000.0,0.0,0.0,0.0,
2013-10-28,100000.0,0.0,0.0,0.0,
2013-10-29,100000.0,0.0,0.0,0.0,
2013-10-30,100000.0,0.0,0.0,0.0,
2013-10-31,100000.0,0.0,0.0,0.0,
2013-11-01,100000.0,0.0,0.0,0.0,
2013-11-04,100000.0,0.0,0.0,0.0,
2013-11-05,100000.0,0.0,0.0,0.0,
2013-11-06,100000.0,0.0,0.0,0.0,
2013-11-07,100000.0,0.0,0.0,0.0,
2013-11-08,100000.0,0.0,0.0,0.0,
2013-11-11,100000.0,0.0,0.0,0.0,
2013-11-12,100000.0,0.0,0.0,0.0,
2013-11-13,100000.0,0.0,0.0,0.0,
2013-11-14,100000.0,0.0,0.0,0.0,
2013-11-15,100000.0,0.0,0.0,0.0,
2013-11-18,100000.0,0.0,0.0,0.0,
2013-11-19,100000.0,0.0,0.0,0.0,
2013-11-20,100000.0,0.0,0.0,0.0,
2013-11-21,100000.0,0.0,0.0,0.0,
2013-11-22,100000.0,0.0,0.0,0.0,
2013-11-25,100000.0,0.0,0.0,0.0,
2013-11-26,100000.0,0.0,0.0,0.0,
2013-11-27,100000.0,0.0,0.0,0.0,
2013-11-29,100000.0,0.0,0.0,0.0,
2013-12-02,100000.0,0.0,0.0,0.0,
2013-12-03,100000.0,0.0,0.0,0.0,
2013-12-04,100000.0,0.0,0.0,0.0,
2013-12-05,100000.0,0.0,0.0,0.0,
2013-12-06,100000.0,0.0,0.0,0.0,
2013-12-09,100000.0,0.0,0.0,0.0,
2013-12-10,100000.0,0.0,0.0,0.0,
2013-12-11,100000.0,0.0,0.0,0.0,
2013-12-12,100000.0,0.0,0.0,0.0,
2013-12-13,100000.0,0.0,0.0,0.0,
2013-12-16,100000.0,0.0,0.0,0.0,
2013-12-17,100000.0,0.0,0.0,0.0,
2013-12-18,100000.0,0.0,0.0,0.0,
2013-12-19,100000.0,0.0,0.0,0.0,
2013-12-20,100000.0,0.0,0.0,0.0,
2013-12-23,100000.0,0.0,0.0,0.0,
2013-12-24,100000.0,0.0,0.0,0.0,
2013-12-26,100000.0,0.0,0.0,0.0,
2013-12-27,100000.0,0.0,0.0,0.0,
2013-12-30,100000.0,0.0,0.0,0.0,
2013-12-31,100000.0,0.0,0.0,0.0,
2014-01-02,100000.0,0.0,0.0,0.0,
2014-01-03,100000.0,0.0,0.0,0.0,
2014-01-06,100000.0,0.0,0.0,0.0,
2014-01-07,100000.0,0.0,0.0,0.0,
2014-01-08,100000.0,0.0,0.0,0.0,
2014-01-09,100000.0,0.0,0.0,0.0,
2014-01-10,100000.0,0.0,0.0,0.0,
2014-01-13,100000.0,0.0,0.0,0.0,
2014-01-14,100000.0,0.0,0.0,0.0,
2014-01-15,100000.0,0.0,0.0,0.0,
2014-01-16,100000.0,0.0,0.0,0.0,
2014-01-17,100000.0,0.0,0.0,0.0,
2014-01-21,100000.0,0.0,0.0,0.0,
2014-01-22,100000.0,0.0,0.0,0.0,
2014-01-23,100000.0,0.0,0.0,0.0,
2014-01-24,100000.0,0.0,0.0,0.0,
2014-01-27,100000.0,0.0,0.0,0.0,
2014-01-28,100000.0,0.0,0.0,0.0,
2014-01-29,100000.0,0.0,0.0,0.0,
2014-01-30,100000.0,0.0,0.0,0.0,
2014-01-31,100000.0,0.0,0.0,0.0,
2014-02-03,100000.0,0.0,0.0,0.0,
2014-02-04,100000.0,0.0,0.0,0.0,
2014-02-05,100000.0,0.0,0.0,0.0,
2014-02-06,100000.0,0.0,0.0,0.0,
2014-02-07,100000.0,0.0,0.0,0.0,
2014-02-10,100000.0,0.0,0.0,0.0,
2014-02-11,100000.0,0.0,0.0,0.0,
2014-02-12,100000.0,0.0,0.0,0.0,
2014-02-13,100000.0,0.0,0.0,0.0,
2014-02-14,100000.0,0.0,0.0,0.0,
2014-02-18,100000.0,0.0,0.0,0.0,
2014-02-19,100000.0,0.0,0.0,0.0,
2014-02-20,100000.0,0.0,0.0,0.0,
2014-02-21,100000.0,0.0,0.0,0.0,
2014-02-24,100000.0,0.0,0.0,0.0,
2014-02-25,100000.0,0.0,0.0,0.0,
2014-02-26,100000.0,0.0,0.0,0.0,
2014-02-27,100000.0,0.0,0.0,0.0,
2014-02-28,100000.0,0.0,0.0,0.0,
2014-03-03,100000.0,0.0,0.0,0.0,
2014-03-04,100000.0,0.0,0.0,0.0,
2014-03-05,100000.0,0.0,0.0,0.0,
2014-03-06,100000.0,0.0,0.0,0.0,
2014-03-07,100000.0,0.0,0.0,0.0,
2014-03-10,100000.0,0.0,0.0,0.0,
2014-03-11,100000.0,0.0,0.0,0.0,
2014-03-12,100000.0,0.0,0.0,0.0,
2014-03-13,100000.0,0.0,0.0,0.0,
2014-03-14,100000.0,0.0,0.0,0.0,
2014-03-17,100000.0,0.0,0.0,0.0,
2014-03-18,100000.0,0.0,0.0,0.0,
2014-03-19,100000.0,0.0,0.0,0.0,
2014-03-20,100000.0,0.0,0.0,0.0,
2014-03-21,100000.0,0.0,0.0,0.0,
2014-03-24,100000.0,0.0,0.0,0.0,
2014-03-25,100000.0,0.0,0.0,0.0,
2014-03-26,100000.0,0.0,0.0,0.0,
2014-03-27,100000.0,0.0,0.0,0.0,
2014-03-28,100000.0,0.0,0.0,0.0,
2014-03-31,100000.0,0.0,0.0,0.0,
2014-04-01,100000.0,0.0,0.0,0.0,
2014-04-02,100000.0,0.0,0.0,0.0,
2014-04-03,100000.0,0.0,0.0,0.0,
2014-04-04,100000.0,0.0,0.0,0.0,
2014-04-07,100000.0,0.0,0.0,0.0,
2014-04-08,100000.0,0.0,0.0,0.0,
2014-04-09,100000.0,0.0,0.0,0.0,
2014-04-10,100000.0,0.0,0.0,0.0,
2014-04-11,100000.0,0.0,0.0,0.0,
2014-04-14,100000.0,0.0,0.0,0.0,
2014-04-15,100000.0,0.0,0.0,0.0,
2014-04-16,100000.0,0.0,0.0,0.0,
2014-04-17,100000.0,0.0,0.0,0.0,
2014-04-21,100000.0,0.0,0.0,0.0,
2014-04-22,100000.0,0.0,0.0,0.0,
2014-04-23,100000.0,0.0,0.0,0.0,
2014-04-24,100000.0,0.0,0.0,0.0,
2014-04-25,100000.0,0.0,0.0,0.0,
2014-04-28,100000.0,0.0,0.0,0.0,
2014-04-29,100000.0,0.0,0.0,0.0,
2014-04-30,100000.0,0.0,0.0,0.0,
2014-05-01,100000.0,0.0,0.0,0.0,
2014-05-02,100000.0,0.0,0.0,0.0,
2014-05-05,100000.0,0.0,0.0,0.0,
2014-05-06,100000.0,0.0,0.0,0.0,
2014-05-07,100000.0,0.0,0.0,0.0,
2014-05-08,100000.0,0.0,0.0,0.0,
2014-05-09,100000.0,0.0,0.0,0.0,
2014-05-12,100000.0,0.0,0.0,0.0,
2014-05-13,100000.0,0.0,0.0,0.0,
2014-05-14,100000.0,0.0,0.0,0.0,
2014-05-15,100000.0,0.0,0.0,0.0,
2014-05-16,100000.0,0.0,0.0,0.0,
2014-05-19,100000.0,0.0,0.0,0.0,
2014-05-20,100000.0,0.0,0.0,0.0,
2014-05-21,100000.0,0.0,0.0,0.0,
2014-05-22,100000.0,0.0,0.0,0.0,
2014-05-23,100000.0,0.0,0.0,0.0,
2014-05-27,100000.0,0.0,0.0,0.0,
2014-05-28,100000.0,0.0,0.0,0.0,
2014-05-29,100000.0,0.0,0.0,0.0,
2014-05-30,100000.0,0.0,0.0,0.0,
2014-06-02,100000.0,0.0,0.0,0.0,
2014-06-03,100000.0,0.0,0.0,0.0,
2014-06-04,100000.0,0.0,0.0,0.0,
2014-06-05,100000.0,0.0,0.0,0.0,
2014-06-06,100000.0,0.0,0.0,0.0,
2014-06-09,100000.0,0.0,0.0,0.0,
2014-06-10,100000.0,0.0,0.0,0.0,
2014-06-11,100000.0,0.0,0.0,0.0,
2014-06-12,100000.0,0.0,0.0,0.0,
2014-06-13,100000.0,0.0,0.0,0.0,
2014-06-16,100000.0,0.0,0.0,0.0,
2014-06-17,100000.0,0.0,0.0,0.0,
2014-06-18,100000.0,0.0,0.0,0.0,
2014-06-19,100000.0,0.0,0.0,0.0,
2014-06-20,100000.0,0.0,0.0,0.0,
2014-06-23,100000.0,0.0,0.0,0.0,
2014-06-24,100000.0,0.0,0.0,0.0,
2014-06-25,100000.0,0.0,0.0,0.0,
2014-06-26,100000.0,0.0,0.0,0.0,
2014-06-27,100000.0,0.0,0.0,0.0,
2014-06-30,100000.0,0.0,0.0,0.0,
2014-07-01,100000.0,0.0,0.0,0.0,
2014-07-02,100000.0,0.0,0.0,0.0,
2014-07-03,100000.0,0.0,0.0,0.0,
2014-07-07,100000.0,0.0,0.0,0.0,
2014-07-08,100000.0,0.0,0.0,0.0,
2014-07-09,100000.0,0.0,0.0,0.0,
2014-07-10,100000.0,0.0,0.0,0.0,
2014-07-11,100000.0,0.0,0.0,0.0,
2014-07-14,100000.0,0.0,0.0,0.0,
2014-07-15,100000.0,0.0,0.0,0.0,
2014-07-16,100000.0,0.0,0.0,0.0,
2014-07-17,100000.0,0.0,0.0,0.0,
2014-07-18,100000.0,0.0,0.0,0.0,
2014-07-21,100000.0,0.0,0.0,0.0,
2014-07-22,100000.0,0.0,0.0,0.0,
2014-07-23,100000.0,0.0,0.0,0.0,
2014-07-24,100000.0,0.0,0.0,0.0,
2014-07-25,100000.0,0.0,0.0,0.0,
2014-07-28,100000.0,0.0,0.0,0.0,
2014-07-29,100000.0,0.0,0.0,0.0,
2014-07-30,100000.0,0.0,0.0,0.0,
2014-07-31,100000.0,0.0,0.0,0.0,
2014-08-01,100000.0,0.0,0.0,0.0,
2014-08-04,100000.0,0.0,0.0,0.0,
2014-08-05,100000.0,0.0,0.0,0.0,
2014-08-06,100000.0,0.0,0.0,0.0,
2014-08-07,100000.0,0.0,0.0,0.0,
2014-08-08,100000.0,0.0,0.0,0.0,
2014-08-11,100000.0,0.0,0.0,0.0,
2014-08-12,100000.0,0.0,0.0,0.0,
2014-08-13,100000.0,0.0,0.0,0.0,
2014-08-14,100000.0,0.0,0.0,0.0,
2014-08-15,100000.0,0.0,0.0,0.0,
2014-08-18,100000.0,0.0,0.0,0.0,
2014-08-19,100000.0,0.0,0.0,0.0,
2014-08-20,100000.0,0.0,0.0,0.0,
2014-08-21,100000.0,0.0,0.0,0.0,
2014-08-22,100000.0,0.0,0.0,0.0,
2014-08-25,100000.0,0.0,0.0,0.0,
2014-08-26,100000.0,0.0,0.0,0.0,
2014-08-27,100000.0,0.0,0.0,0.0,
2014-08-28,100000.0,0.0,0.0,0.0,
2014-08-29,100000.0,0.0,0.0,0.0,
2014-09-02,100000.0,0.0,0.0,0.0,
2014-09-03,100000.0,0.0,0.0,0.0,
2014-09-04,100000.0,0.0,0.0,0.0,
2014-09-05,100000.0,0.0,0.0,0.0,
2014-09-08,100000.0,0.0,0.0,0.0,
2014-09-09,100000.0,0.0,0.0,0.0,
2014-09-10,100000.0,0.0,0.0,0.0,
2014-09-11,100000.0,0.0,0.0,0.0,
2014-09-12,100000.0,0.0,0.0,0.0,
2014-09-15,100000.0,0.0,0.0,0.0,
2014-09-16,100000.0,0.0,0.0,0.0,
2014-09-17,100000.0,0.0,0.0,0.0,
2014-09-18,100000.0,0.0,0.0,0.0,
2014-09-19,100000.0,0.0,0.0,0.0,
2014-09-22,100000.0,0.0,0.0,0.0,
2014-09-23,100000.0,0.0,0.0,0.0,
2014-09-24,100000.0,0.0,0.0,0.0,
2014-09-25,100000.0,0.0,0.0,0.0,
2014-09-26,100000.0,0.0,0.0,0.0,
2014-09-29,100000.0,0.0,0.0,0.0,
2014-09-30,100000.0,0.0,0.0,0.0,
2014-10-01,100000.0,0.0,0.0,0.0,
2014-10-02,100000.0,0.0,0.0,0.0,
2014-10-03,100000.0,0.0,0.0,0.0,
2014-10-06,100000.0,0.0,0.0,0.0,
2014-10-07,100000.0,0.0,0.0,0.0,
2014-10-08,100000.0,0.0,0.0,0.0,
2014-10-09,100000.0,0.0,0.0,0.0,
2014-10-10,100000.0,0.0,0.0,0.0,
2014-10-13,100000.0,0.0,0.0,0.0,
2014-10-14,100000.0,0.0,0.0,0.0,
2014-10-15,100000.0,0.0,0.0,0.0,
2014-10-16,100000.0,0.0,0.0,0.0,
2014-10-17,100000.0,0.0,0.0,0.0,
2014-10-20,100000.0,0.0,0.0,0.0,
2014-10-21,100000.0,0.0,0.0,0.0,
2014-10-22,100000.0,0.0,0.0,0.0,
2014-10-23,100000.0,0.0,0.0,0.0,
2014-10-24,100000.0,0.0,0.0,0.0,
2014-10-27,100000.0,0.0,0.0,0.0,
2014-10-28,100000.0,0.0,0.0,0.0,
2014-10-29,100000.0,0.0,0.0,0.0,
2014-10-30,100000.0,0.0,0.0,0.0,
2014-10-31,100000.0,0.0,0.0,0.0,
2014-11-03,100000.0,0.0,0.0,0.0,
2014-11-04,100000.0,0.0,0.0,0.0,
2014-11-05,100000.0,0.0,0.0,0.0,
2014-11-06,100000.0,0.0,0.0,0.0,
2014-11-07,100000.0,0.0,0.0,0.0,
2014-11-10,100000.0,0.0,0.0,0.0,
2014-11-11,100000.0,0.0,0.0,0.0,
2014-11-12,100000.0,0.0,0.0,0.0,
2014-11-13,100000.0,0.0,0.0,0.0,
2014-11-14,100000.0,0.0,0.0,0.0,
2014-11-17,100000.0,0.0,0.0,0.0,
2014-11-18,100000.0,0.0,0.0,0.0,
2014-11-19,100000.0,0.0,0.0,0.0,
2014-11-20,100000.0,0.0,0.0,0.0,
2014-11-21,100000.0,0.0,0.0,0.0,
2014-11-24,100000.0,0.0,0.0,0.0,
2014-11-25,100000.0,0.0,0.0,0.0,
2014-11-26,100000.0,0.0,0.0,0.0,
2014-11-28,100000.0,0.0,0.0,0.0,
2014-12-01,100000.0,0.0,0.0,0.0,
2014-12-02,100000.0,0.0,0.0,0.0,
2014-12-03,100000.0,0.0,0.0,0.0,
2014-12-04,100000.0,0.0,0.0,0.0,
2014-12-05,100000.0,0.0,0.0,0.0,
2014-12-08,100000.0,0.0,0.0,0.0,
2014-12-09,100000.0,0.0,0.0,0.0,
2014-12-10,100000.0,0.0,0.0,0.0,
2014-12-11,100000.0,0.0,0.0,0.0,
2014-12-12,100000.0,0.0,0.0,0.0,
2014-12-15,100000.0,0.0,0.0,0.0,
2014-12-16,100000.0,0.0,0.0,0.0,
2014-12-17,100000.0,0.0,0.0,0.0,
2014-12-18,100000.0,0.0,0.0,0.0,
2014-12-19,100000.0,0.0,0.0,0.0,
2014-12-22,100000.0,0.0,0.0,0.0,
2014-12-23,100000.0,0.0,0.0,0.0,
2014-12-24,100000.0,0.0,0.0,0.0,
2014-12-26,100000.0,0.0,0.0,0.0,
2014-12-29,100000.0,0.0,0.0,0.0,
2014-12-30,100000.0,0.0,0.0,0.0,
2014-12-31,100000.0,0.0,0.0,0.0,
2015-01-02,100000.0,0.0,0.0,0.0,
2015-01-05,100000.0,0.0,0.0,0.0,
2015-01-06,100000.0,0.0,0.0,0.0,
2015-01-07,100000.0,0.0,0.0,0.0,
2015-01-08,100000.0,0.0,0.0,0.0,
2015-01-09,100000.0,0.0,0.0,0.0,
2015-01-12,100000.0,0.0,0.0,0.0,
2015-01-13,100000.0,0.0,0.0,0.0,
2015-01-14,100000.0,0.0,0.0,0.0,
2015-01-15,100000.0,0.0,0.0,0.0,
2015-01-16,100000.0,0.0,0.0,0.0,
2015-01-20,100000.0,0.0,0.0,0.0,
2015-01-21,100000.0,0.0,0.0,0.0,
2015-01-22,100000.0,0.0,0.0,0.0,
2015-01-23,100000.0,0.0,0.0,0.0,
2015-01-26,100000.0,0.0,0.0,0.0,
2015-01-27,100000.0,0.0,0.0,0.0,
2015-01-28,100000.0,0.0,0.0,0.0,
2015-01-29,100000.0,0.0,0.0,0.0,
2015-01-30,100000.0,0.0,0.0,0.0,
2015-02-02,100000.0,0.0,0.0,0.0,
2015-02-03,100000.0,0.0,0.0,0.0,
2015-02-04,100000.0,0.0,0.0,0.0,
2015-02-05,100000.0,0.0,0.0,0.0,
2015-02-06,100000.0,0.0,0.0,0.0,
2015-02-09,100000.0,0.0,0.0,0.0,
2015-02-10,100000.0,0.0,0.0,0.0,
2015-02-11,100000.0,0.0,0.0,0.0,
2015-02-12,100000.0,0.0,0.0,0.0,
2015-02-13,100000.0,0.0,0.0,0.0,
2015-02-17,100000.0,0.0,0.0,0.0,
2015-02-18,100000.0,0.0,0.0,0.0,
2015-02-19,100000.0,0.0,0.0,0.0,
2015-02-20,100000.0,0.0,0.0,0.0,
2015-02-23,100000.0,0.0,0.0,0.0,
2015-02-24,100000.0,0.0,0.0,0.0,
2015-02-25,100000.0,0.0,0.0,0.0,
2015-02-26,100000.0,0.0,0.0,0.0,
2015-02-27,100000.0,0.0,0.0,0.0,
2015-03-02,100000.0,0.0,0.0,0.0,
2015-03-03,100000.0,0.0,0.0,0.0,
2015-03-04,100000.0,0.0,0.0,0.0,
2015-03-05,100000.0,0.0,0.0,0.0,
2015-03-06,100000.0,0.0,0.0,0.0,
2015-03-09,100000.0,0.0,0.0,0.0,
2015-03-10,100000.0,0.0,0.0,0.0,
2015-03-11,100000.0,0.0,0.0,0.0,
2015-03-12,100000.0,0.0,0.0,0.0,
2015-03-13,100000.0,0.0,0.0,0.0,
2015-03-16,100000.0,0.0,0.0,0.0,
2015-03-17,100000.0,0.0,0.0,0.0,
2015-03-18,100000.0,0.0,0.0,0.0,
2015-03-19,100000.0,0.0,0.0,0.0,
2015-03-20,100000.0,0.0,0.0,0.0,
2015-03-23,100000.0,0.0,0.0,0.0,
2015-03-24,100000.0,0.0,0.0,0.0,
2015-03-25,100000.0,0.0,0.0,0.0,
2015-03-26,100000.0,0.0,0.0,0.0,
2015-03-27,100000.0,0.0,0.0,0.0,
2015-03-30,100000.0,0.0,0.0,0.0,
2015-03-31,100000.0,0.0,0.0,0.0,
2015-04-01,100000.0,0.0,0.0,0.0,
2015-04-02,100000.0,0.0,0.0,0.0,
2015-04-06,100000.0,0.0,0.0,0.0,
2015-04-07,100000.0,0.0,0.0,0.0,
2015-04-08,100000.0,0.0,0.0,0.0,
2015-04-09,100000.0,0.0,0.0,0.0,
2015-04-10,100000.0,0.0,0.0,0.0,
2015-04-13,100000.0,0.0,0.0,0.0,
2015-04-14,100000.0,0.0,0.0,0.0,
2015-04-15,100000.0,0.0,0.0,0.0,
2015-04-16,100000.0,0.0,0.0,0.0,
2015-04-17,100000.0,0.0,0.0,0.0,
2015-04-20,100000.0,0.0,0.0,0.0,
2015-04-21,100000.0,0.0,0.0,0.0,
2015-04-22,100000.0,0.0,0.0,0.0,
2015-04-23,100000.0,0.0,0.0,0.0,
2015-04-24,100000.0,0.0,0.0,0.0,
2015-04-27,100000.0,0.0,0.0,0.0,
2015-04-28,100000.0,0.0,0.0,0.0,
2015-04-29,100000.0,0.0,0.0,0.0,
2015-04-30,100000.0,0.0,0.0,0.0,
2015-05-01,100000.0,0.0,0.0,0.0,
2015-05-04,100000.0,0.0,0.0,0.0,
2015-05-05,100000.0,0.0,0.0,0.0,
2015-05-06,100000.0,0.0,0.0,0.0,
2015-05-07,100000.0,0.0,0.0,0.0,
2015-05-08,100000.0,0.0,0.0,0.0,
2015-05-11,100000.0,0.0,0.0,0.0,
2015-05-12,100000.0,0.0,0.0,0.0,
2015-05-13,100000.0,0.0,0.0,0.0,
2015-05-14,100000.0,0.0,0.0,0.0,
2015-05-15,100000.0,0.0,0.0,0.0,
2015-05-18,100000.0,0.0,0.0,0.0,
2015-05-19,100000.0,0.0,0.0,0.0,
2015-05-20,100000.0,0.0,0.0,0.0,
2015-05-21,100000.0,0.0,0.0,0.0,
2015-05-22,100000.0,0.0,0.0,0.0,
2015-05-26,100000.0,0.0,0.0,0.0,
2015-05-27,100000.0,0.0,0.0,0.0,
2015-05-28,100000.0,0.0,0.0,0.0,
2015-05-29,100000.0,0.0,0.0,0.0,
2015-06-01,100000.0,0.0,0.0,0.0,
2015-06-02,100000.0,0.0,0.0,0.0,
2015-06-03,100000.0,0.0,0.0,0.0,
2015-06-04,100000.0,0.0,0.0,0.0,
2015-06-05,100000.0,0.0,0.0,0.0,
2015-06-08,100000.0,0.0,0.0,0.0,
2015-06-09,100000.0,0.0,0.0,0.0,
2015-06-10,100000.0,0.0,0.0,0.0,
2015-06-11,100000.0,0.0,0.0,0.0,
2015-06-12,100000.0,0.0,0.0,0.0,
2015-06-15,100000.0,0.0,0.0,0.0,
2015-06-16,100000.0,0.0,0.0,0.0,
2015-06-17,100000.0,0.0,0.0,0.0,
2015-06-18,100000.0,0.0,0.0,0.0,
2015-06-19,100000.0,0.0,0.0,0.0,
2015-06-22,100000.0,0.0,0.0,0.0,
2015-06-23,100000.0,0.0,0.0,0.0,
2015-06-24,100000.0,0.0,0.0,0.0,
2015-06-25,100000.0,0.0,0.0,0.0,
2015-06-26,100000.0,0.0,0.0,0.0,
2015-06-29,100000.0,0.0,0.0,0.0,
2015-06-30,100000.0,0.0,0.0,0.0,
2015-07-01,100000.0,0.0,0.0,0.0,
2015-07-02,100000.0,0.0,0.0,0.0,
2015-07-06,100000.0,0.0,0.0,0.0,
2015-07-07,100000.0,0.0,0.0,0.0,
2015-07-08,100000.0,0.0,0.0,0.0,
2015-07-09,100000.0,0.0,0.0,0.0,
2015-07-10,100000.0,0.0,0.0,0.0,
2015-07-13,100000.0,0.0,0.0,0.0,
2015-07-14,100000.0,0.0,0.0,0.0,
2015-07-15,100000.0,0.0,0.0,0.0,
2015-07-16,100000.0,0.0,0.0,0.0,
2015-07-17,100000.0,0.0,0.0,0.0,
2015-07-20,100000.0,0.0,0.0,0.0,
2015-07-21,100000.0,0.0,0.0,0.0,
2015-07-22,100000.0,0.0,0.0,0.0,
2015-07-23,100000.0,0.0,0.0,0.0,
2015-07-24,100000.0,0.0,0.0,0.0,
2015-07-27,100000.0,0.0,0.0,0.0,
2015-07-28,100000.0,0.0,0.0,0.0,
2015-07-29,100000.0,0.0,0.0,0.0,
2015-07-30,100000.0,0.0,0.0,0.0,
2015-07-31,100000.0,0.0,0.0,0.0,
2015-08-03,100000.0,0.0,0.0,0.0,
2015-08-04,100000.0,0.0,0.0,0.0,
2015-08-05,100000.0,0.0,0.0,0.0,
2015-08-06,100000.0,0.0,0.0,0.0,
2015-08-07,100000.0,0.0,0.0,0.0,
2015-08-10,100000.0,0.0,0.0,0.0,
2015-08-11,100000.0,0.0,0.0,0.0,
2015-08-12,100000.0,0.0,0.0,0.0,
2015-08-13,100000.0,0.0,0.0,0.0,
2015-08-14,100000.0,0.0,0.0,0.0,
2015-08-17,100000.0,0.0,0.0,0.0,
2015-08-18,100000.0,0.0,0.0,0.0,
2015-08-19,100000.0,0.0,0.0,0.0,
2015-08-20,100000.0,0.0,0.0,0.0,
2015-08-21,100000.0,0.0,0.0,0.0,
2015-08-24,100000.0,0.0,0.0,0.0,
2015-08-25,100000.0,0.0,0.0,0.0,
2015-08-26,100000.0,0.0,0.0,0.0,
2015-08-27,100000.0,0.0,0.0,0.0,
2015-08-28,100000.0,0.0,0.0,0.0,
2015-08-31,100000.0,0.0,0.0,0.0,
2015-09-01,100000.0,0.0,0.0,0.0,
2015-09-02,100000.0,0.0,0.0,0.0,
2015-09-03,100000.0,0.0,0.0,0.0,
2015-09-04,100000.0,0.0,0.0,0.0,
2015-09-08,100000.0,0.0,0.0,0.0,
2015-09-09,100000.0,0.0,0.0,0.0,
2015-09-10,100000.0,0.0,0.0,0.0,
2015-09-11,100000.0,0.0,0.0,0.0,
2015-09-14,100000.0,0.0,0.0,0.0,
2015-09-15,100000.0,0.0,0.0,0.0,
2015-09-16,100000.0,0.0,0.0,0.0,
2015-09-17,100000.0,0.0,0.0,0.0,
2015-09-18,100000.0,0.0,0.0,0.0,
2015-09-21,100000.0,0.0,0.0,0.0,
2015-09-22,100000.0,0.0,0.0,0.0,
2015-09-23,100000.0,0.0,0.0,0.0,
2015-09-24,100000.0,0.0,0.0,0.0,
2015-09-25,100000.0,0.0,0.0,0.0,
2015-09-28,100000.0,0.0,0.0,0.0,
2015-09-29,100000.0,0.0,0.0,0.0,
2015-09-30,100000.0,0.0,0.0,0.0,
2015-10-01,100000.0,0.0,0.0,0.0,
2015-10-02,100000.0,0.0,0.0,0.0,
2015-10-05,100000.0,0.0,0.0,0.0,
2015-10-06,100000.0,0.0,0.0,0.0,
2015-10-07,100000.0,0.0,0.0,0.0,
2015-10-08,100000.0,0.0,0.0,0.0,
2015-10-09,100000.0,0.0,0.0,0.0,
2015-10-12,100000.0,0.0,0.0,0.0,
2015-10-13,100000.0,0.0,0.0,0.0,
2015-10-14,100000.0,0.0,0.0,0.0,
2015-10-15,100000.0,0.0,0.0,0.0,
2015-10-16,100000.0,0.0,0.0,0.0,
2015-10-19,100000.0,0.0,0.0,0.0,
2015-10-20,100000.0,0.0,0.0,0.0,
2015-10-21,100000.0,0.0,0.0,0.0,
2015-10-22,100000.0,0.0,0.0,0.0,
2015-10-23,100000.0,0.0,0.0,0.0,
2015-10-26,100000.0,0.0,0.0,0.0,
2015-10-27,100000.0,0.0,0.0,0.0,
2015-10-28,100000.0,0.0,0.0,0.0,
2015-10-29,100000.0,0.0,0.0,0.0,
2015-10-30,100000.0,0.0,0.0,0.0,
2015-11-02,100000.0,0.0,0.0,0.0,
2015-11-03,100000.0,0.0,0.0,0.0,
2015-11-04,100000.0,0.0,0.0,0.0,
2015-11-05,100000.0,0.0,0.0,0.0,
2015-11-06,100000.0,0.0,0.0,0.0,
2015-11-09,100000.0,0.0,0.0,0.0,
2015-11-10,100000.0,0.0,0.0,0.0,
2015-11-11,100000.0,0.0,0.0,0.0,
2015-11-12,100000.0,0.0,0.0,0.0,
2015-11-13,100000.0,0.0,0.0,0.0,
2015-11-16,100000.0,0.0,0.0,0.0,
2015-11-17,100000.0,0.0,0.0,0.0,
2015-11-18,100000.0,0.0,0.0,0.0,
2015-11-19,100000.0,0.0,0.0,0.0,
2015-11-20,100000.0,0.0,0.0,0.0,
2015-11-23,100000.0,0.0,0.0,0.0,
2015-11-24,100000.0,0.0,0.0,0.0,
2015-11-25,100000.0,0.0,0.0,0.0,
2015-11-27,100000.0,0.0,0.0,0.0,
2015-11-30,100000.0,0.0,0.0,0.0,
2015-12-01,100000.0,0.0,0.0,0.0,
2015-12-02,100000.0,0.0,0.0,0.0,
2015-12-03,100000.0,0.0,0.0,0.0,
2015-12-04,100000.0,0.0,0.0,0.0,
2015-12-07,100000.0,0.0,0.0,0.0,
2015-12-08,100000.0,0.0,0.0,0.0,
2015-12-09,100000.0,0.0,0.0,0.0,
2015-12-10,100000.0,0.0,0.0,0.0,
2015-12-11,100000.0,0.0,0.0,0.0,
2015-12-14,100000.0,0.0,0.0,0.0,
2015-12-15,100000.0,0.0,0.0,0.0,
2015-12-16,100000.0,0.0,0.0,0.0,
2015-12-17,100000.0,0.0,0.0,0.0,
2015-12-18,100000.0,0.0,0.0,0.0,
2015-12-21,100000.0,0.0,0.0,0.0,
2015-12-22,100000.0,0.0,0.0,0.0,
2015-12-23,100000.0,0.0,0.0,0.0,
2015-12-24,100000.0,0.0,0.0,0.0,
2015-12-28,100000.0,0.0,0.0,0.0,
2015-12-29,100000.0,0.0,0.0,0.0,
2015-12-30,100000.0,0.0,0.0,0.0,
2015-12-31,100000.0,0.0,0.0,0.0,
2016-01-04,100000.0,0.0,0.0,0.0,
2016-01-05,100000.0,0.0,0.0,0.0,
2016-01-06,100000.0,0.0,0.0,0.0,-0.953561008264461
2016-01-07,100000.0,0.0,0.0,0.0,-1.833257088851685
2016-01-08,99950.0,-0.0004999999999999449,1.0005002501250626,-0.022401663787252588,-2.3215123347742024
2016-01-11,100154.90020487829,0.0020500270623140526,1.0100527686650702,-0.020299873598253092,-2.062076957390182
2016-01-12,99392.63127592382,-0.0076108999898673035,1.0262424060723758,-0.028114528701929608,-2.695682037120855
2016-01-13,99206.6472019205,-0.0018712058591849878,0.9947796413932077,-0.030031469733013034,-2.7810708515613896
2016-01-14,98764.17644253318,-0.004460091857420911,1.0087626925475701,-0.034635873993109155,-3.040501872471393
2016-01-15,97720.33037582303,-0.010569075795589855,0.9712005464377118,-0.045677366157505256,-3.8256170151741045
2016-01-19,97833.8493116118,0.001161671633243433,0.0,0.0,-3.502493918144276
2016-01-20,97833.8493116118,0.0,0.0,0.0,-3.7920790506570783
2016-01-21,97833.8493116118,0.0,0.0,0.0,-3.579625055310063
2016-01-22,97833.8493116118,0.0,0.0,0.0,-3.283524774489916
2016-01-25,97833.8493116118,0.0,0.0,0.0,-3.135207068329332
2016-01-26,97833.8493116118,0.0,0.0,0.0,-2.854388277341856
2016-01-27,97833.8493116118,0.0,0.0,0.0,-2.8774068167961304
2016-01-28,97833.8493116118,0.0,0.0,0.0,-3.1129872545430843
2016-01-29,97833.8493116118,0.0,0.0,0.0,-2.523415406106263
2016-02-01,97833.8493116118,0.0,0.0,0.0,-2.2857448406871796
2016-02-02,97833.8493116118,0.0,0.0,0.0,-2.547220759216951
2016-02-03,97833.8493116118,0.0,0.0,0.0,-2.0146569048912473
2016-02-04,97833.8493116118,0.0,0.0,0.0,-2.0852078949938626
2016-02-05,97833.8493116118,0.0,0.0,0.0,-2.2349490825376934
2016-02-08,97833.8493116118,0.0,0.0,0.0,-2.4211867452960893
2016-02-09,97833.8493116118,0.0,0.0,0.0,-2.4707316960294263
2016-02-10,97833.8493116118,0.0,0.0,0.0,-2.205560915172699
2016-02-11,97833.8493116118,0.0,0.0,0.0,-2.6856392328355985
2016-02-12,97833.8493116118,0.0,0.0,0.0,-2.2631079525876983
2016-02-16,97833.8493116118,0.0,0.0,0.0,-1.944439355303345
2016-02-17,97833.8493116118,0.0,0.0,0.0,-1.6036716479670194
2016-02-18,97833.8493116118,0.0,0.0,0.0,-1.7053043793548504
2016-02-19,97833.8493116118,0.0,0.0,0.0,-1.6594022515259756
2016-02-22,97833.8493116118,0.0,0.0,0.0,-1.9664405910367277
2016-02-23,97833.8493116118,0.0,0.0,0.0,-2.0926789295522275
2016-02-24,97833.8493116118,0.0,0.0,0.0,-1.9423217202178076
2016-02-25,97833.8493116118,0.0,0.0,0.0,-1.769492406193855
2016-02-26,97833.8493116118,0.0,0.0,0.0,-1.6306664475649622
2016-02-29,97833.8493116118,0.0,0.0,0.0,-1.5066274363042587
2016-03-01,97833.8493116118,0.0,0.0,0.0,-1.1596045370186832
2016-03-02,97833.8493116118,0.0,0.0,0.0,-1.0922254827023299
2016-03-03,97833.8493116118,0.0,0.0,0.0,-0.8930016688093599
2016-03-04,97833.8493116118,0.0,0.0,0.0,-1.0030425917686736
2016-03-07,97784.932386956,-0.0004999999999999449,1.0005002501250624,-0.022401663787252574,-1.0798756621254955
2016-03-08,97409.48898594468,-0.0038394811127506756,0.9738536313481934,-0.026332098659016055,-1.2477297723861727
2016-03-09,97579.36670334954,0.0017439545076494145,0.9730157269155114,-0.024535432994917835,-1.1443323520803588
2016-03-10,97747.40356633384,0.0017220532235584507,0.9734026274388461,-0.022764282125071873,-1.0422673181945392
2016-03-11,97748.06055167773,6.721256216701832e-06,1.008192065616575,-0.022747525368679116,-1.0239666356289812
2016-03-14,97736.92647719356,-0.00011390583528037013,1.0014160556238336,-0.022853806810606104,-1.0135274704190973
2016-03-15,97700.34960102197,-0.00037423804379732584,1.0006144701256254,-0.02322657571529784,-1.0150578724376953
2016-03-16,97954.84995187544,0.002604907268937806,0.9875057397801833,-0.020557959714432732,-0.8770551281721334
2016-03-17,98325.78280074729,0.0037867736927175155,0.9925540362466123,-0.01669795401678296,-0.6872202974692817
2016-03-18,98101.19696559472,-0.0022840991320423054,1.0140596685119316,-0.0190154739558449,-0.7848754592464086
2016-03-21,98008.43167863156,-0.00094560810502331,1.0171694995920264,-0.019969716825619523,-0.8153463251193579
2016-03-22,98065.39388246801,0.0005811969731668309,1.0110896455229172,-0.01936697474582311,-0.7738265492387838
2016-03-23,97588.85486093197,-0.004859400474209852,0.9993991717876655,-0.024334403045802026,-0.9878547060185653
2016-03-24,97554.63438291731,-0.0003506596943209095,0.9904205552012194,-0.02468356218344102,-0.987107847796128
2016-03-28,97735.63584784832,0.0018553856111083178,0.986185124128581,-0.02277584811410593,-0.8828556137805204
2016-03-29,98187.79125071547,0.004626310546248069,0.9723205580231941,-0.01805599539249581,-0.6444928245550593
2016-03-30,97948.2792660641,-0.0024393255169554706,0.9815000715634219,-0.02053558873082767,-0.7538152656422256
2016-03-31,97897.67100382107,-0.0005166835254507562,0.9790610664608014,-0.021053209272704185,-0.7642135547632255
2016-04-01,98564.97734543185,0.006816365851897821,0.9814944415071305,-0.01413060229723232,-0.42165164374283853
2016-04-04,98171.26580025094,-0.003994436520805,0.9805861868749367,-0.018187811644526375,-0.607063408069826
2016-04-05,98611.90864384966,0.004488511378627713,0.9590964201876375,-0.013628221367014666,-0.3681625781455385
2016-04-06,98490.24108611386,-0.0012338018745303714,0.0,0.0,-0.39901854472111126
2016-04-07,98490.24108611386,0.0,0.0,0.0,-0.6009521642066455
2016-04-08,98490.24108611386,0.0,0.0,0.0,-0.5332656447402473
2016-04-11,98490.24108611386,0.0,0.0,0.0,-0.20939273870946878
2016-04-12,98490.24108611386,0.0,0.0,0.0,-0.2103564453908783
2016-04-13,98490.24108611386,0.0,0.0,0.0,0.3234431531420925
2016-04-14,98490.24108611386,0.0,0.0,0.0,0.5616786047757119
2016-04-15,98490.24108611386,0.0,0.0,0.0,0.8005693301120032
2016-04-18,98490.24108611386,0.0,0.0,0.0,0.6030667115756122
2016-04-19,98490.24108611386,0.0,0.0,0.0,0.37772030530690753
2016-04-20,98490.24108611386,0.0,0.0,0.0,0.46135512191950667
2016-04-21,98490.24108611386,0.0,0.0,0.0,0.5405737323571153
2016-04-22,98490.24108611386,0.0,0.0,0.0,0.4178528014965882
2016-04-25,98490.24108611386,0.0,0.0,0.0,0.4172127439698943
2016-04-26,98490.24108611386,0.0,0.0,0.0,0.4216972657779567
2016-04-27,98490.24108611386,0.0,0.0,0.0,0.6131839966526303
2016-04-28,98490.24108611386,0.0,0.0,0.0,0.666842831377385
2016-04-29,98490.24108611386,0.0,0.0,0.0,0.7470517898339218
2016-05-02,98490.24108611386,0.0,0.0,0.0,0.6201840322331931
2016-05-03,98490.24108611386,0.0,0.0,0.0,0.4958154024437857
2016-05-04,98490.24108611386,0.0,0.0,0.0,0.38284990791459533
2016-05-05,98490.24108611386,0.0,0.0,0.0,0.18637769138901591
2016-05-06,98490.24108611386,0.0,0.0,0.0,0.2495749073535581
2016-05-09,98490.24108611386,0.0,0.0,0.0,0.0865706474889903
2016-05-10,98490.24108611386,0.0,0.0,0.0,0.24673489986267994
2016-05-11,98490.24108611386,0.0,0.0,0.0,0.2350650234538827
2016-05-12,98490.24108611386,0.0,0.0,0.0,-0.03908837936055381
2016-05-13,98490.24108611386,0.0,0.0,0.0,-0.002233527658334125
2016-05-16,98490.24108611386,0.0,0.0,0.0,-0.0011494836807523741
2016-05-17,98490.24108611386,0.0,0.0,0.0,0.5630691658532256
2016-05-18,98490.24108611386,0.0,0.0,0.0,1.02351945133985
2016-05-19,98440.99596557081,-0.0004999999999999449,1.0005002501250624,0.02240166378725263,0.7426340044181339
2016-05-20,98807.9653265729,0.003727810323358005,0.9975488560793528,0.026042097469812137,0.5086492147216424
2016-05-23,98508.22211091095,-0.0030335936447153378,1.0016032402979613,0.023088181951006485,0.7163823866667335
2016-05-24,98305.17078842553,-0.002061262685837617,1.0179552821987516,0.021080078334713027,0.8593130455112616
2016-05-25,98339.06309693844,0.000344766284836151,1.0406393474999165,0.021427346827748318,0.8443732325084858
2016-05-26,98911.3750041384,0.0058197819785592575,1.023466504730073,0.027099526699360662,0.48439155671710393
2016-05-27,98860.42043037438,-0.0005151538310118609,1.033268053527002,0.026607964656313047,0.5294272450169477
2016-05-31,98676.58015049106,-0.0018595943561942052,1.032911300410192,0.024804483284473735,0.6614480936530838
2016-06-01,98627.85479023863,-0.0004937884975150242,1.0408076081057536,0.024332711059487044,0.7042087089494071
2016-06-02,98767.38278497056,0.0014146915699289053,1.041522252977345,0.025721099283449803,0.6233805905209707
2016-06-03,99090.58476694925,0.003272355436230834,1.0088491251241725,0.028908931811908033,0.41247556524675416
2016-06-06,99031.09619130033,-0.0006003453889068533,1.016630093709192,0.02833531903002602,0.4668866904280026
2016-06-07,98869.55867202432,-0.0016311797555382812,1.0124334747481178,0.02675759022562433,0.5939743342785392
2016-06-08,98772.17547517597,-0.0009849664361443189,1.0131237010696543,0.02580782215869686,0.6731280028617654
2016-06-09,98467.77877586299,-0.0030818061650316197,1.0016375061902043,0.022806094757475023,0.9009750549654518
2016-06-10,98610.38836740416,0.0014482868742859978,0.9785398316650942,0.02422900171568074,0.8098746897608273
2016-06-13,98819.91858498406,0.0021248290474147336,0.9632768695761137,0.026307399406020292,0.6623000956922408
2016-06-14,98912.42936949295,0.0009361552390809713,0.9381192002770753,0.027227360940555837,0.5874414139770558
2016-06-15,98915.7207905214,3.3276111500057937e-05,0.9389488928460394,0.027268766278939042,0.587335989330053
2016-06-16,98794.36640133565,-0.001226846331562892,0.9414004961661355,0.02608296418199916,0.6901432607369697
2016-06-17,98403.68995967254,-0.0039544404796934,0.9483436127660559,0.022225493625048907,0.9936597970559878
2016-06-20,98485.93894308612,0.0008358323092079178,0.9548141637563038,0.023051246637303326,0.9309059063766211
2016-06-21,98626.29202860135,0.0014251078582532273,0.9580854519682348,0.024450753214743284,0.8216207394834565
2016-06-22,98695.99430553221,0.000706731192029908,0.9530697904589258,0.02514897309203691,0.7659230829296511
2016-06-23,98056.12708460457,-0.006483213684912226,0.9898596085937644,0.01879682882868423,1.2579716454939447
2016-06-24,99593.56030537964,0.015679114263288607,0.9027911301262709,0.03395322023167691,0.02267892801836289
2016-06-27,99898.66601365703,0.0030635083969472454,0.0,0.0,-0.2834391428634926
2016-06-28,99898.66601365703,0.0,0.0,0.0,0.2991347395238623
2016-06-29,99898.66601365703,0.0,0.0,0.0,0.7487043654077319
2016-06-30,99898.66601365703,0.0,0.0,0.0,0.7504171196780985
2016-07-01,99898.66601365703,0.0,0.0,0.0,0.9000872251023584
2016-07-05,99898.66601365703,0.0,0.0,0.0,0.521801072613732
2016-07-06,99898.66601365703,0.0,0.0,0.0,0.43719364716118203
2016-07-07,99898.66601365703,0.0,0.0,0.0,
2016-07-08,99898.66601365703,0.0,0.0,0.0,
2016-07-11,99898.66601365703,0.0,0.0,0.0,
2016-07-12,99898.66601365703,0.0,0.0,0.0,
2016-07-13,99898.66601365703,0.0,0.0,0.0,
2016-07-14,99898.66601365703,0.0,0.0,0.0,
2016-07-15,99898.66601365703,0.0,0.0,0.0,
2016-07-18,99898.66601365703,0.0,0.0,0.0,
2016-07-19,99898.66601365703,0.0,0.0,0.0,
2016-07-20,99898.66601365703,0.0,0.0,0.0,
2016-07-21,99898.66601365703,0.0,0.0,0.0,
2016-07-22,99898.66601365703,0.0,0.0,0.0,
2016-07-25,99898.66601365703,0.0,0.0,0.0,
2016-07-26,99898.66601365703,0.0,0.0,0.0,
2016-07-27,99898.66601365703,0.0,0.0,0.0,
2016-07-28,99898.66601365703,0.0,0.0,0.0,
2016-07-29,99898.66601365703,0.0,0.0,0.0,
2016-08-01,99898.66601365703,0.0,0.0,0.0,
2016-08-02,99898.66601365703,0.0,0.0,0.0,
2016-08-03,99898.66601365703,0.0,0.0,0.0,
2016-08-04,99898.66601365703,0.0,0.0,0.0,
2016-08-05,99898.66601365703,0.0,0.0,0.0,
2016-08-08,99898.66601365703,0.0,0.0,0.0,
2016-08-09,99898.66601365703,0.0,0.0,0.0,
2016-08-10,99898.66601365703,0.0,0.0,0.0,
2016-08-11,99898.66601365703,0.0,0.0,0.0,
2016-08-12,99898.66601365703,0.0,0.0,0.0,
2016-08-15,99898.66601365703,0.0,0.0,0.0,
2016-08-16,99898.66601365703,0.0,0.0,0.0,
2016-08-17,99898.66601365703,0.0,0.0,0.0,
2016-08-18,99898.66601365703,0.0,0.0,0.0,
2016-08-19,99898.66601365703,0.0,0.0,0.0,
2016-08-22,99898.66601365703,0.0,0.0,0.0,
2016-08-23,99898.66601365703,0.0,0.0,0.0,
2016-08-24,99898.66601365703,0.0,0.0,0.0,
2016-08-25,99898.66601365703,0.0,0.0,0.0,
2016-08-26,99898.66601365703,0.0,0.0,0.0,
2016-08-29,99898.66601365703,0.0,0.0,0.0,
2016-08-30,99898.66601365703,0.0,0.0,0.0,
2016-08-31,99898.66601365703,0.0,0.0,0.0,
2016-09-01,99898.66601365703,0.0,0.0,0.0,
2016-09-02,99898.66601365703,0.0,0.0,0.0,
2016-09-06,99898.66601365703,0.0,0.0,0.0,
2016-09-07,99898.66601365703,0.0,0.0,0.0,
2016-09-08,99898.66601365703,0.0,0.0,0.0,
2016-09-09,99898.66601365703,0.0,0.0,0.0,
2016-09-12,99898.66601365703,0.0,0.0,0.0,
2016-09-13,99898.66601365703,0.0,0.0,0.0,
2016-09-14,99898.66601365703,0.0,0.0,0.0,
2016-09-15,99898.66601365703,0.0,0.0,0.0,
2016-09-16,99898.66601365703,0.0,0.0,0.0,
2016-09-19,99898.66601365703,0.0,0.0,0.0,
2016-09-20,99898.66601365703,0.0,0.0,0.0,
2016-09-21,99898.66601365703,0.0,0.0,0.0,
2016-09-22,99898.66601365703,0.0,0.0,0.0,
2016-09-23,99898.66601365703,0.0,0.0,0.0,
2016-09-26,99898.66601365703,0.0,0.0,0.0,
2016-09-27,99898.66601365703,0.0,0.0,0.0,
2016-09-28,99898.66601365703,0.0,0.0,0.0,
2016-09-29,99898.66601365703,0.0,0.0,0.0,
2016-09-30,99898.66601365703,0.0,0.0,0.0,
2016-10-03,99898.66601365703,0.0,0.0,0.0,
2016-10-04,99898.66601365703,0.0,0.0,0.0,
2016-10-05,99898.66601365703,0.0,0.0,0.0,
2016-10-06,99898.66601365703,0.0,0.0,0.0,
2016-10-07,99898.66601365703,0.0,0.0,0.0,
2016-10-10,99898.66601365703,0.0,0.0,0.0,
2016-10-11,99898.66601365703,0.0,0.0,0.0,
2016-10-12,99898.66601365703,0.0,0.0,0.0,
2016-10-13,99898.66601365703,0.0,0.0,0.0,
2016-10-14,99898.66601365703,0.0,0.0,0.0,
2016-10-17,99898.66601365703,0.0,0.0,0.0,
2016-10-18,99898.66601365703,0.0,0.0,0.0,
2016-10-19,99898.66601365703,0.0,0.0,0.0,
2016-10-20,99898.66601365703,0.0,0.0,0.0,
2016-10-21,99898.66601365703,0.0,0.0,0.0,
2016-10-24,99898.66601365703,0.0,0.0,0.0,
2016-10-25,99898.66601365703,0.0,0.0,0.0,
2016-10-26,99898.66601365703,0.0,0.0,0.0,
2016-10-27,99898.66601365703,0.0,0.0,0.0,
2016-10-28,99898.66601365703,0.0,0.0,0.0,
2016-10-31,99898.66601365703,0.0,0.0,0.0,
2016-11-01,99898.66601365703,0.0,0.0,0.0,
2016-11-02,99898.66601365703,0.0,0.0,0.0,
2016-11-03,99898.66601365703,0.0,0.0,0.0,
2016-11-04,99898.66601365703,0.0,0.0,0.0,
2016-11-07,99898.66601365703,0.0,0.0,0.0,
2016-11-08,99898.66601365703,0.0,0.0,0.0,
2016-11-09,99898.66601365703,0.0,0.0,0.0,
2016-11-10,99898.66601365703,0.0,0.0,0.0,
2016-11-11,99898.66601365703,0.0,0.0,0.0,
2016-11-14,99898.66601365703,0.0,0.0,0.0,
2016-11-15,99898.66601365703,0.0,0.0,0.0,
2016-11-16,99898.66601365703,0.0,0.0,0.0,
2016-11-17,99898.66601365703,0.0,0.0,0.0,
2016-11-18,99898.66601365703,0.0,0.0,0.0,
2016-11-21,99898.66601365703,0.0,0.0,0.0,
2016-11-22,99898.66601365703,0.0,0.0,0.0,
2016-11-23,99898.66601365703,0.0,0.0,0.0,
2016-11-25,99898.66601365703,0.0,0.0,0.0,
2016-11-28,99898.66601365703,0.0,0.0,0.0,
2016-11-29,99898.66601365703,0.0,0.0,0.0,
2016-11-30,99898.66601365703,0.0,0.0,0.0,
2016-12-01,99898.66601365703,0.0,0.0,0.0,
2016-12-02,99898.66601365703,0.0,0.0,0.0,
2016-12-05,99898.66601365703,0.0,0.0,0.0,
2016-12-06,99898.66601365703,0.0,0.0,0.0,
2016-12-07,99898.66601365703,0.0,0.0,0.0,
2016-12-08,99898.66601365703,0.0,0.0,0.0,
2016-12-09,99898.66601365703,0.0,0.0,0.0,
2016-12-12,99898.66601365703,0.0,0.0,0.0,
2016-12-13,99898.66601365703,0.0,0.0,0.0,
2016-12-14,99898.66601365703,0.0,0.0,0.0,
2016-12-15,99898.66601365703,0.0,0.0,0.0,
2016-12-16,99898.66601365703,0.0,0.0,0.0,
2016-12-19,99898.66601365703,0.0,0.0,0.0,
2016-12-20,99898.66601365703,0.0,0.0,0.0,
2016-12-21,99898.66601365703,0.0,0.0,0.0,
2016-12-22,99898.66601365703,0.0,0.0,0.0,
2016-12-23,99898.66601365703,0.0,0.0,0.0,
2016-12-27,99898.66601365703,0.0,0.0,0.0,
2016-12-28,99898.66601365703,0.0,0.0,0.0,
2016-12-29,99898.66601365703,0.0,0.0,0.0,
2016-12-30,99898.66601365703,0.0,0.0,0.0,
2017-01-03,99898.66601365703,0.0,0.0,0.0,
2017-01-04,99898.66601365703,0.0,0.0,0.0,
2017-01-05,99898.66601365703,0.0,0.0,0.0,
2017-01-06,99898.66601365703,0.0,0.0,0.0,
2017-01-09,99898.66601365703,0.0,0.0,0.0,
2017-01-10,99898.66601365703,0.0,0.0,0.0,
2017-01-11,99898.66601365703,0.0,0.0,0.0,
2017-01-12,99898.66601365703,0.0,0.0,0.0,
2017-01-13,99898.66601365703,0.0,0.0,0.0,
2017-01-17,99898.66601365703,0.0,0.0,0.0,
2017-01-18,99898.66601365703,0.0,0.0,0.0,
2017-01-19,99898.66601365703,0.0,0.0,0.0,
2017-01-20,99898.66601365703,0.0,0.0,0.0,
2017-01-23,99898.66601365703,0.0,0.0,0.0,
2017-01-24,99898.66601365703,0.0,0.0,0.0,
2017-01-25,99898.66601365703,0.0,0.0,0.0,
2017-01-26,99898.66601365703,0.0,0.0,0.0,
2017-01-27,99898.66601365703,0.0,0.0,0.0,
2017-01-30,99898.66601365703,0.0,0.0,0.0,
2017-01-31,99898.66601365703,0.0,0.0,0.0,
2017-02-01,99898.66601365703,0.0,0.0,0.0,
2017-02-02,99898.66601365703,0.0,0.0,0.0,
2017-02-03,99898.66601365703,0.0,0.0,0.0,
2017-02-06,99898.66601365703,0.0,0.0,0.0,
2017-02-07,99898.66601365703,0.0,0.0,0.0,
2017-02-08,99898.66601365703,0.0,0.0,0.0,
2017-02-09,99898.66601365703,0.0,0.0,0.0,
2017-02-10,99898.66601365703,0.0,0.0,0.0,
2017-02-13,99898.66601365703,0.0,0.0,0.0,
2017-02-14,99898.66601365703,0.0,0.0,0.0,
2017-02-15,99898.66601365703,0.0,0.0,0.0,
2017-02-16,99898.66601365703,0.0,0.0,0.0,
2017-02-17,99898.66601365703,0.0,0.0,0.0,
2017-02-21,99898.66601365703,0.0,0.0,0.0,
2017-02-22,99898.66601365703,0.0,0.0,0.0,
2017-02-23,99898.66601365703,0.0,0.0,0.0,
2017-02-24,99898.66601365703,0.0,0.0,0.0,
2017-02-27,99898.66601365703,0.0,0.0,0.0,
2017-02-28,99898.66601365703,0.0,0.0,0.0,
2017-03-01,99898.66601365703,0.0,0.0,0.0,
2017-03-02,99898.66601365703,0.0,0.0,0.0,
2017-03-03,99898.66601365703,0.0,0.0,0.0,
2017-03-06,99898.66601365703,0.0,0.0,0.0,
2017-03-07,99898.66601365703,0.0,0.0,0.0,
2017-03-08,99898.66601365703,0.0,0.0,0.0,
2017-03-09,99898.66601365703,0.0,0.0,0.0,
2017-03-10,99898.66601365703,0.0,0.0,0.0,
2017-03-13,99898.66601365703,0.0,0.0,0.0,
2017-03-14,99898.66601365703,0.0,0.0,0.0,
2017-03-15,99898.66601365703,0.0,0.0,0.0,
2017-03-16,99898.66601365703,0.0,0.0,0.0,
2017-03-17,99898.66601365703,0.0,0.0,0.0,
2017-03-20,99898.66601365703,0.0,0.0,0.0,
2017-03-21,99898.66601365703,0.0,0.0,0.0,
2017-03-22,99898.66601365703,0.0,0.0,0.0,
2017-03-23,99898.66601365703,0.0,0.0,0.0,
2017-03-24,99898.66601365703,0.0,0.0,0.0,
2017-03-27,99898.66601365703,0.0,0.0,0.0,
2017-03-28,99898.66601365703,0.0,0.0,0.0,
2017-03-29,99898.66601365703,0.0,0.0,0.0,
2017-03-30,99898.66601365703,0.0,0.0,0.0,
2017-03-31,99898.66601365703,0.0,0.0,0.0,
2017-04-03,99898.66601365703,0.0,0.0,0.0,
2017-04-04,99898.66601365703,0.0,0.0,0.0,
2017-04-05,99898.66601365703,0.0,0.0,0.0,
2017-04-06,99898.66601365703,0.0,0.0,0.0,
2017-04-07,99898.66601365703,0.0,0.0,0.0,
2017-04-10,99898.66601365703,0.0,0.0,0.0,
2017-04-11,99898.66601365703,0.0,0.0,0.0,
2017-04-12,99898.66601365703,0.0,0.0,0.0,
2017-04-13,99898.66601365703,0.0,0.0,0.0,
2017-04-17,99898.66601365703,0.0,0.0,0.0,
2017-04-18,99898.66601365703,0.0,0.0,0.0,
2017-04-19,99898.66601365703,0.0,0.0,0.0,
2017-04-20,99898.66601365703,0.0,0.0,0.0,
2017-04-21,99898.66601365703,0.0,0.0,0.0,
2017-04-24,99898.66601365703,0.0,0.0,0.0,
2017-04-25,99898.66601365703,0.0,0.0,0.0,
2017-04-26,99898.66601365703,0.0,0.0,0.0,
2017-04-27,99898.66601365703,0.0,0.0,0.0,
2017-04-28,99898.66601365703,0.0,0.0,0.0,
2017-05-01,99898.66601365703,0.0,0.0,0.0,
2017-05-02,99898.66601365703,0.0,0.0,0.0,
2017-05-03,99898.66601365703,0.0,0.0,0.0,
2017-05-04,99898.66601365703,0.0,0.0,0.0,
2017-05-05,99898.66601365703,0.0,0.0,0.0,
2017-05-08,99898.66601365703,0.0,0.0,0.0,
2017-05-09,99898.66601365703,0.0,0.0,0.0,
2017-05-10,99898.66601365703,0.0,0.0,0.0,
2017-05-11,99898.66601365703,0.0,0.0,0.0,
2017-05-12,99898.66601365703,0.0,0.0,0.0,
2017-05-15,99898.66601365703,0.0,0.0,0.0,
2017-05-16,99898.66601365703,0.0,0.0,0.0,
2017-05-17,99898.66601365703,0.0,0.0,0.0,
2017-05-18,99898.66601365703,0.0,0.0,0.0,
2017-05-19,99898.66601365703,0.0,0.0,0.0,
2017-05-22,99898.66601365703,0.0,0.0,0.0,
2017-05-23,99898.66601365703,0.0,0.0,0.0,
2017-05-24,99898.66601365703,0.0,0.0,0.0,
2017-05-25,99898.66601365703,0.0,0.0,0.0,
2017-05-26,99898.66601365703,0.0,0.0,0.0,
2017-05-30,99898.66601365703,0.0,0.0,0.0,
2017-05-31,99898.66601365703,0.0,0.0,0.0,
2017-06-01,99898.66601365703,0.0,0.0,0.0,
2017-06-02,99898.66601365703,0.0,0.0,0.0,
2017-06-05,99898.66601365703,0.0,0.0,0.0,
2017-06-06,99898.66601365703,0.0,0.0,0.0,
2017-06-07,99898.66601365703,0.0,0.0,0.0,
2017-06-08,99898.66601365703,0.0,0.0,0.0,
2017-06-09,99898.66601365703,0.0,0.0,0.0,
2017-06-12,99898.66601365703,0.0,0.0,0.0,
2017-06-13,99898.66601365703,0.0,0.0,0.0,
2017-06-14,99898.66601365703,0.0,0.0,0.0,
2017-06-15,99898.66601365703,0.0,0.0,0.0,
2017-06-16,99898.66601365703,0.0,0.0,0.0,
2017-06-19,99898.66601365703,0.0,0.0,0.0,
2017-06-20,99898.66601365703,0.0,0.0,0.0,
2017-06-21,99898.66601365703,0.0,0.0,0.0,
2017-06-22,99898.66601365703,0.0,0.0,0.0,
2017-06-23,99898.66601365703,0.0,0.0,0.0,
2017-06-26,99898.66601365703,0.0,0.0,0.0,
2017-06-27,99898.66601365703,0.0,0.0,0.0,
2017-06-28,99898.66601365703,0.0,0.0,0.0,
2017-06-29,99898.66601365703,0.0,0.0,0.0,
2017-06-30,99898.66601365703,0.0,0.0,0.0,
2017-07-03,99898.66601365703,0.0,0.0,0.0,
2017-07-05,99898.66601365703,0.0,0.0,0.0,
2017-07-06,99898.66601365703,0.0,0.0,0.0,
2017-07-07,99898.66601365703,0.0,0.0,0.0,
2017-07-10,99898.66601365703,0.0,0.0,0.0,
2017-07-11,99898.66601365703,0.0,0.0,0.0,
2017-07-12,99898.66601365703,0.0,0.0,0.0,
2017-07-13,99898.66601365703,0.0,0.0,0.0,
2017-07-14,99898.66601365703,0.0,0.0,0.0,
2017-07-17,99898.66601365703,0.0,0.0,0.0,
2017-07-18,99898.66601365703,0.0,0.0,0.0,
2017-07-19,99898.66601365703,0.0,0.0,0.0,
2017-07-20,99898.66601365703,0.0,0.0,0.0,
2017-07-21,99898.66601365703,0.0,0.0,0.0,
2017-07-24,99898.66601365703,0.0,0.0,0.0,
2017-07-25,99898.66601365703,0.0,0.0,0.0,
2017-07-26,99898.66601365703,0.0,0.0,0.0,
2017-07-27,99898.66601365703,0.0,0.0,0.0,
2017-07-28,99898.66601365703,0.0,0.0,0.0,
2017-07-31,99898.66601365703,0.0,0.0,0.0,
2017-08-01,99898.66601365703,0.0,0.0,0.0,
2017-08-02,99898.66601365703,0.0,0.0,0.0,
2017-08-03,99898.66601365703,0.0,0.0,0.0,
2017-08-04,99898.66601365703,0.0,0.0,0.0,
2017-08-07,99898.66601365703,0.0,0.0,0.0,
2017-08-08,99898.66601365703,0.0,0.0,0.0,
2017-08-09,99898.66601365703,0.0,0.0,0.0,
2017-08-10,99898.66601365703,0.0,0.0,0.0,
2017-08-11,99898.66601365703,0.0,0.0,0.0,
2017-08-14,99898.66601365703,0.0,0.0,0.0,
2017-08-15,99898.66601365703,0.0,0.0,0.0,
2017-08-16,99898.66601365703,0.0,0.0,0.0,
2017-08-17,99898.66601365703,0.0,0.0,0.0,
2017-08-18,99898.66601365703,0.0,0.0,0.0,
2017-08-21,99898.66601365703,0.0,0.0,0.0,
2017-08-22,99898.66601365703,0.0,0.0,0.0,
2017-08-23,99898.66601365703,0.0,0.0,0.0,
2017-08-24,99898.66601365703,0.0,0.0,0.0,
2017-08-25,99898.66601365703,0.0,0.0,0.0,
2017-08-28,99898.66601365703,0.0,0.0,0.0,
2017-08-29,99898.66601365703,0.0,0.0,0.0,
2017-08-30,99898.66601365703,0.0,0.0,0.0,
2017-08-31,99898.66601365703,0.0,0.0,0.0,
2017-09-01,99898.66601365703,0.0,0.0,0.0,
2017-09-05,99898.66601365703,0.0,0.0,0.0,
2017-09-06,99898.66601365703,0.0,0.0,0.0,
2017-09-07,99898.66601365703,0.0,0.0,0.0,
2017-09-08,99898.66601365703,0.0,0.0,0.0,
2017-09-11,99898.66601365703,0.0,0.0,0.0,
2017-09-12,99898.66601365703,0.0,0.0,0.0,
2017-09-13,99898.66601365703,0.0,0.0,0.0,
2017-09-14,99898.66601365703,0.0,0.0,0.0,
2017-09-15,99898.66601365703,0.0,0.0,0.0,
2017-09-18,99898.66601365703,0.0,0.0,0.0,
2017-09-19,99898.66601365703,0.0,0.0,0.0,
2017-09-20,99898.66601365703,0.0,0.0,0.0,
2017-09-21,99898.66601365703,0.0,0.0,0.0,
2017-09-22,99898.66601365703,0.0,0.0,0.0,
2017-09-25,99898.66601365703,0.0,0.0,0.0,
2017-09-26,99898.66601365703,0.0,0.0,0.0,
2017-09-27,99898.66601365703,0.0,0.0,0.0,
2017-09-28,99898.66601365703,0.0,0.0,0.0,
2017-09-29,99898.66601365703,0.0,0.0,0.0,
2017-10-02,99898.66601365703,0.0,0.0,0.0,
2017-10-03,99898.66601365703,0.0,0.0,0.0,
2017-10-04,99898.66601365703,0.0,0.0,0.0,
2017-10-05,99898.66601365703,0.0,0.0,0.0,
2017-10-06,99898.66601365703,0.0,0.0,0.0,
2017-10-09,99898.66601365703,0.0,0.0,0.0,
2017-10-10,99898.66601365703,0.0,0.0,0.0,
2017-10-11,99898.66601365703,0.0,0.0,0.0,
2017-10-12,99898.66601365703,0.0,0.0,0.0,
2017-10-13,99898.66601365703,0.0,0.0,0.0,
2017-10-16,99898.66601365703,0.0,0.0,0.0,
2017-10-17,99898.66601365703,0.0,0.0,0.0,
2017-10-18,99898.66601365703,0.0,0.0,0.0,
2017-10-19,99898.66601365703,0.0,0.0,0.0,
2017-10-20,99898.66601365703,0.0,0.0,0.0,
2017-10-23,99898.66601365703,0.0,0.0,0.0,
2017-10-24,99898.66601365703,0.0,0.0,0.0,
2017-10-25,99898.66601365703,0.0,0.0,0.0,
2017-10-26,99898.66601365703,0.0,0.0,0.0,
2017-10-27,99898.66601365703,0.0,0.0,0.0,
2017-10-30,99898.66601365703,0.0,0.0,0.0,
2017-10-31,99898.66601365703,0.0,0.0,0.0,
2017-11-01,99898.66601365703,0.0,0.0,0.0,
2017-11-02,99898.66601365703,0.0,0.0,0.0,
2017-11-03,99898.66601365703,0.0,0.0,0.0,
2017-11-06,99898.66601365703,0.0,0.0,0.0,
2017-11-07,99898.66601365703,0.0,0.0,0.0,
2017-11-08,99898.66601365703,0.0,0.0,0.0,
2017-11-09,99898.66601365703,0.0,0.0,0.0,
2017-11-10,99898.66601365703,0.0,0.0,0.0,
2017-11-13,99898.66601365703,0.0,0.0,0.0,
2017-11-14,99898.66601365703,0.0,0.0,0.0,
2017-11-15,99898.66601365703,0.0,0.0,0.0,
2017-11-16,99898.66601365703,0.0,0.0,0.0,
2017-11-17,99898.66601365703,0.0,0.0,0.0,
2017-11-20,99898.66601365703,0.0,0.0,0.0,
2017-11-21,99898.66601365703,0.0,0.0,0.0,
2017-11-22,99898.66601365703,0.0,0.0,0.0,
2017-11-24,99898.66601365703,0.0,0.0,0.0,
2017-11-27,99898.66601365703,0.0,0.0,0.0,
2017-11-28,99898.66601365703,0.0,0.0,0.0,
2017-11-29,99898.66601365703,0.0,0.0,0.0,
2017-11-30,99898.66601365703,0.0,0.0,0.0,
2017-12-01,99898.66601365703,0.0,0.0,0.0,
2017-12-04,99898.66601365703,0.0,0.0,0.0,
2017-12-05,99898.66601365703,0.0,0.0,0.0,
2017-12-06,99898.66601365703,0.0,0.0,0.0,
2017-12-07,99898.66601365703,0.0,0.0,0.0,
2017-12-08,99898.66601365703,0.0,0.0,0.0,
2017-12-11,99898.66601365703,0.0,0.0,0.0,
2017-12-12,99898.66601365703,0.0,0.0,0.0,
2017-12-13,99898.66601365703,0.0,0.0,0.0,
2017-12-14,99898.66601365703,0.0,0.0,0.0,
2017-12-15,99898.66601365703,0.0,0.0,0.0,
2017-12-18,99898.66601365703,0.0,0.0,0.0,
2017-12-19,99898.66601365703,0.0,0.0,0.0,
2017-12-20,99898.66601365703,0.0,0.0,0.0,
2017-12-21,99898.66601365703,0.0,0.0,0.0,
2017-12-22,99898.66601365703,0.0,0.0,0.0,
2017-12-26,99898.66601365703,0.0,0.0,0.0,
2017-12-27,99898.66601365703,0.0,0.0,0.0,
2017-12-28,99898.66601365703,0.0,0.0,0.0,
2017-12-29,99898.66601365703,0.0,0.0,0.0,
2018-01-02,99898.66601365703,0.0,0.0,0.0,
2018-01-03,99898.66601365703,0.0,0.0,0.0,
2018-01-04,99898.66601365703,0.0,0.0,0.0,
2018-01-05,99898.66601365703,0.0,0.0,0.0,
2018-01-08,99898.66601365703,0.0,0.0,0.0,
2018-01-09,99898.66601365703,0.0,0.0,0.0,
2018-01-10,99898.66601365703,0.0,0.0,0.0,
2018-01-11,99898.66601365703,0.0,0.0,0.0,
2018-01-12,99898.66601365703,0.0,0.0,0.0,
2018-01-16,99898.66601365703,0.0,0.0,0.0,
2018-01-17,99898.66601365703,0.0,0.0,0.0,
2018-01-18,99898.66601365703,0.0,0.0,0.0,
2018-01-19,99898.66601365703,0.0,0.0,0.0,
2018-01-22,99898.66601365703,0.0,0.0,0.0,
2018-01-23,99898.66601365703,0.0,0.0,0.0,
2018-01-24,99898.66601365703,0.0,0.0,0.0,
2018-01-25,99898.66601365703,0.0,0.0,0.0,
2018-01-26,99898.66601365703,0.0,0.0,0.0,
2018-01-29,99898.66601365703,0.0,0.0,0.0,
2018-01-30,99898.66601365703,0.0,0.0,0.0,
2018-01-31,99898.66601365703,0.0,0.0,0.0,
2018-02-01,99898.66601365703,0.0,0.0,0.0,
2018-02-02,99898.66601365703,0.0,0.0,0.0,
2018-02-05,99898.66601365703,0.0,0.0,0.0,
2018-02-06,99898.66601365703,0.0,0.0,0.0,
2018-02-07,99898.66601365703,0.0,0.0,0.0,
2018-02-08,99898.66601365703,0.0,0.0,0.0,
2018-02-09,99898.66601365703,0.0,0.0,0.0,
2018-02-12,99898.66601365703,0.0,0.0,0.0,
2018-02-13,99898.66601365703,0.0,0.0,0.0,
2018-02-14,99898.66601365703,0.0,0.0,0.0,
2018-02-15,99898.66601365703,0.0,0.0,0.0,
2018-02-16,99898.66601365703,0.0,0.0,0.0,
2018-02-20,99898.66601365703,0.0,0.0,0.0,
2018-02-21,99898.66601365703,0.0,0.0,0.0,
2018-02-22,99898.66601365703,0.0,0.0,0.0,
2018-02-23,99898.66601365703,0.0,0.0,0.0,
2018-02-26,99898.66601365703,0.0,0.0,0.0,
2018-02-27,99898.66601365703,0.0,0.0,0.0,
2018-02-28,99898.66601365703,0.0,0.0,0.0,
2018-03-01,99898.66601365703,0.0,0.0,0.0,
2018-03-02,99898.66601365703,0.0,0.0,0.0,
2018-03-05,99898.66601365703,0.0,0.0,0.0,
2018-03-06,99898.66601365703,0.0,0.0,0.0,
2018-03-07,99898.66601365703,0.0,0.0,0.0,
2018-03-08,99898.66601365703,0.0,0.0,0.0,
2018-03-09,99898.66601365703,0.0,0.0,0.0,
2018-03-12,99898.66601365703,0.0,0.0,0.0,
2018-03-13,99898.66601365703,0.0,0.0,0.0,
2018-03-14,99898.66601365703,0.0,0.0,0.0,
2018-03-15,99898.66601365703,0.0,0.0,0.0,
2018-03-16,99898.66601365703,0.0,0.0,0.0,
2018-03-19,99898.66601365703,0.0,0.0,0.0,
2018-03-20,99898.66601365703,0.0,0.0,0.0,
2018-03-21,99898.66601365703,0.0,0.0,0.0,
2018-03-22,99898.66601365703,0.0,0.0,0.0,
2018-03-23,99898.66601365703,0.0,0.0,0.0,
2018-03-26,99898.66601365703,0.0,0.0,0.0,
2018-03-27,99898.66601365703,0.0,0.0,0.0,
2018-03-28,99898.66601365703,0.0,0.0,0.0,
2018-03-29,99898.66601365703,0.0,0.0,0.0,
2018-04-02,99898.66601365703,0.0,0.0,0.0,
2018-04-03,99898.66601365703,0.0,0.0,0.0,
2018-04-04,99898.66601365703,0.0,0.0,0.0,
2018-04-05,99898.66601365703,0.0,0.0,0.0,
2018-04-06,99898.66601365703,0.0,0.0,0.0,
2018-04-09,99898.66601365703,0.0,0.0,0.0,
2018-04-10,99898.66601365703,0.0,0.0,0.0,
2018-04-11,99898.66601365703,0.0,0.0,0.0,
2018-04-12,99898.66601365703,0.0,0.0,0.0,
2018-04-13,99898.66601365703,0.0,0.0,0.0,
2018-04-16,99898.66601365703,0.0,0.0,0.0,
2018-04-17,99898.66601365703,0.0,0.0,0.0,
2018-04-18,99898.66601365703,0.0,0.0,0.0,
2018-04-19,99898.66601365703,0.0,0.0,0.0,
2018-04-20,99898.66601365703,0.0,0.0,0.0,
2018-04-23,99898.66601365703,0.0,0.0,0.0,
2018-04-24,99898.66601365703,0.0,0.0,0.0,
2018-04-25,99898.66601365703,0.0,0.0,0.0,
2018-04-26,99898.66601365703,0.0,0.0,0.0,
2018-04-27,99898.66601365703,0.0,0.0,0.0,
2018-04-30,99898.66601365703,0.0,0.0,0.0,
2018-05-01,99898.66601365703,0.0,0.0,0.0,
2018-05-02,99898.66601365703,0.0,0.0,0.0,
2018-05-03,99898.66601365703,0.0,0.0,0.0,
2018-05-04,99898.66601365703,0.0,0.0,0.0,
2018-05-07,99898.66601365703,0.0,0.0,0.0,
2018-05-08,99898.66601365703,0.0,0.0,0.0,
2018-05-09,99898.66601365703,0.0,0.0,0.0,
2018-05-10,99898.66601365703,0.0,0.0,0.0,
2018-05-11,99898.66601365703,0.0,0.0,0.0,
2018-05-14,99898.66601365703,0.0,0.0,0.0,
2018-05-15,99898.66601365703,0.0,0.0,0.0,
2018-05-16,99898.66601365703,0.0,0.0,0.0,
2018-05-17,99898.66601365703,0.0,0.0,0.0,
2018-05-18,99898.66601365703,0.0,0.0,0.0,
2018-05-21,99898.66601365703,0.0,0.0,0.0,
2018-05-22,99898.66601365703,0.0,0.0,0.0,
2018-05-23,99898.66601365703,0.0,0.0,0.0,
2018-05-24,99898.66601365703,0.0,0.0,0.0,
2018-05-25,99898.66601365703,0.0,0.0,0.0,
2018-05-29,99898.66601365703,0.0,0.0,0.0,
2018-05-30,99898.66601365703,0.0,0.0,0.0,
2018-05-31,99898.66601365703,0.0,0.0,0.0,
2018-06-01,99898.66601365703,0.0,0.0,0.0,
2018-06-04,99898.66601365703,0.0,0.0,0.0,
2018-06-05,99898.66601365703,0.0,0.0,0.0,
2018-06-06,99898.66601365703,0.0,0.0,0.0,
2018-06-07,99898.66601365703,0.0,0.0,0.0,
2018-06-08,99898.66601365703,0.0,0.0,0.0,
2018-06-11,99898.66601365703,0.0,0.0,0.0,
2018-06-12,99898.66601365703,0.0,0.0,0.0,
2018-06-13,99898.66601365703,0.0,0.0,0.0,
2018-06-14,99898.66601365703,0.0,0.0,0.0,
2018-06-15,99898.66601365703,0.0,0.0,0.0,
2018-06-18,99898.66601365703,0.0,0.0,0.0,
2018-06-19,99898.66601365703,0.0,0.0,0.0,
2018-06-20,99898.66601365703,0.0,0.0,0.0,
2018-06-21,99898.66601365703,0.0,0.0,0.0,
2018-06-22,99898.66601365703,0.0,0.0,0.0,
2018-06-25,99898.66601365703,0.0,0.0,0.0,
2018-06-26,99898.66601365703,0.0,0.0,0.0,
2018-06-27,99898.66601365703,0.0,0.0,0.0,
2018-06-28,99898.66601365703,0.0,0.0,0.0,
2018-06-29,99898.66601365703,0.0,0.0,0.0,
2018-07-02,99898.66601365703,0.0,0.0,0.0,
2018-07-03,99898.66601365703,0.0,0.0,0.0,
2018-07-05,99898.66601365703,0.0,0.0,0.0,
2018-07-06,99898.66601365703,0.0,0.0,0.0,
2018-07-09,99898.66601365703,0.0,0.0,0.0,
2018-07-10,99898.66601365703,0.0,0.0,0.0,
2018-07-11,99898.66601365703,0.0,0.0,0.0,
2018-07-12,99898.66601365703,0.0,0.0,0.0,
2018-07-13,99898.66601365703,0.0,0.0,0.0,
2018-07-16,99898.66601365703,0.0,0.0,0.0,
2018-07-17,99898.66601365703,0.0,0.0,0.0,
2018-07-18,99898.66601365703,0.0,0.0,0.0,
2018-07-19,99898.66601365703,0.0,0.0,0.0,
2018-07-20,99898.66601365703,0.0,0.0,0.0,
2018-07-23,99898.66601365703,0.0,0.0,0.0,
2018-07-24,99898.66601365703,0.0,0.0,0.0,
2018-07-25,99898.66601365703,0.0,0.0,0.0,
2018-07-26,99898.66601365703,0.0,0.0,0.0,
2018-07-27,99898.66601365703,0.0,0.0,0.0,
2018-07-30,99898.66601365703,0.0,0.0,0.0,
2018-07-31,99898.66601365703,0.0,0.0,0.0,
2018-08-01,99898.66601365703,0.0,0.0,0.0,
2018-08-02,99898.66601365703,0.0,0.0,0.0,
2018-08-03,99898.66601365703,0.0,0.0,0.0,
2018-08-06,99898.66601365703,0.0,0.0,0.0,
2018-08-07,99898.66601365703,0.0,0.0,0.0,
2018-08-08,99898.66601365703,0.0,0.0,0.0,
2018-08-09,99898.66601365703,0.0,0.0,0.0,
2018-08-10,99898.66601365703,0.0,0.0,0.0,
2018-08-13,99898.66601365703,0.0,0.0,0.0,
2018-08-14,99898.66601365703,0.0,0.0,0.0,
2018-08-15,99898.66601365703,0.0,0.0,0.0,
2018-08-16,99898.66601365703,0.0,0.0,0.0,
2018-08-17,99898.66601365703,0.0,0.0,0.0,
2018-08-20,99898.66601365703,0.0,0.0,0.0,
2018-08-21,99898.66601365703,0.0,0.0,0.0,
2018-08-22,99898.66601365703,0.0,0.0,0.0,
2018-08-23,99898.66601365703,0.0,0.0,0.0,
2018-08-24,99898.66601365703,0.0,0.0,0.0,
2018-08-27,99898.66601365703,0.0,0.0,0.0,
2018-08-28,99898.66601365703,0.0,0.0,0.0,
2018-08-29,99898.66601365703,0.0,0.0,0.0,
2018-08-30,99898.66601365703,0.0,0.0,0.0,
2018-08-31,99898.66601365703,0.0,0.0,0.0,
2018-09-04,99898.66601365703,0.0,0.0,0.0,
2018-09-05,99898.66601365703,0.0,0.0,0.0,
2018-09-06,99898.66601365703,0.0,0.0,0.0,
2018-09-07,99898.66601365703,0.0,0.0,0.0,
2018-09-10,99898.66601365703,0.0,0.0,0.0,
2018-09-11,99898.66601365703,0.0,0.0,0.0,
2018-09-12,99898.66601365703,0.0,0.0,0.0,
2018-09-13,99898.66601365703,0.0,0.0,0.0,
2018-09-14,99898.66601365703,0.0,0.0,0.0,
2018-09-17,99898.66601365703,0.0,0.0,0.0,
2018-09-18,99898.66601365703,0.0,0.0,0.0,
2018-09-19,99898.66601365703,0.0,0.0,0.0,
2018-09-20,99898.66601365703,0.0,0.0,0.0,
2018-09-21,99898.66601365703,0.0,0.0,0.0,
2018-09-24,99898.66601365703,0.0,0.0,0.0,
2018-09-25,99898.66601365703,0.0,0.0,0.0,
2018-09-26,99898.66601365703,0.0,0.0,0.0,
2018-09-27,99898.66601365703,0.0,0.0,0.0,
2018-09-28,99898.66601365703,0.0,0.0,0.0,
2018-10-01,99898.66601365703,0.0,0.0,0.0,
2018-10-02,99898.66601365703,0.0,0.0,0.0,
2018-10-03,99898.66601365703,0.0,0.0,0.0,
2018-10-04,99898.66601365703,0.0,0.0,0.0,
2018-10-05,99898.66601365703,0.0,0.0,0.0,
2018-10-08,99898.66601365703,0.0,0.0,0.0,
2018-10-09,99898.66601365703,0.0,0.0,0.0,
2018-10-10,99898.66601365703,0.0,0.0,0.0,
2018-10-11,99898.66601365703,0.0,0.0,0.0,
2018-10-12,99898.66601365703,0.0,0.0,0.0,
2018-10-15,99898.66601365703,0.0,0.0,0.0,
2018-10-16,99898.66601365703,0.0,0.0,0.0,
2018-10-17,99898.66601365703,0.0,0.0,0.0,
2018-10-18,99898.66601365703,0.0,0.0,0.0,
2018-10-19,99898.66601365703,0.0,0.0,0.0,
2018-10-22,99898.66601365703,0.0,0.0,0.0,
2018-10-23,99898.66601365703,0.0,0.0,0.0,
2018-10-24,99898.66601365703,0.0,0.0,0.0,
2018-10-25,99898.66601365703,0.0,0.0,0.0,
2018-10-26,99898.66601365703,0.0,0.0,0.0,
2018-10-29,99898.66601365703,0.0,0.0,0.0,
2018-10-30,99898.66601365703,0.0,0.0,0.0,
2018-10-31,99898.66601365703,0.0,0.0,0.0,
2018-11-01,99898.66601365703,0.0,0.0,0.0,
2018-11-02,99898.66601365703,0.0,0.0,0.0,
2018-11-05,99898.66601365703,0.0,0.0,0.0,
2018-11-06,99898.66601365703,0.0,0.0,0.0,
2018-11-07,99898.66601365703,0.0,0.0,0.0,
2018-11-08,99898.66601365703,0.0,0.0,0.0,
2018-11-09,99898.66601365703,0.0,0.0,0.0,
2018-11-12,99898.66601365703,0.0,0.0,0.0,
2018-11-13,99898.66601365703,0.0,0.0,0.0,
2018-11-14,99898.66601365703,0.0,0.0,0.0,
2018-11-15,99898.66601365703,0.0,0.0,0.0,
2018-11-16,99898.66601365703,0.0,0.0,0.0,
2018-11-19,99898.66601365703,0.0,0.0,0.0,
2018-11-20,99898.66601365703,0.0,0.0,0.0,
2018-11-21,99898.66601365703,0.0,0.0,0.0,
2018-11-23,99898.66601365703,0.0,0.0,0.0,
2018-11-26,99898.66601365703,0.0,0.0,0.0,
2018-11-27,99898.66601365703,0.0,0.0,0.0,
2018-11-28,99898.66601365703,0.0,0.0,0.0,
2018-11-29,99898.66601365703,0.0,0.0,0.0,
2018-11-30,99898.66601365703,0.0,0.0,0.0,
2018-12-03,99898.66601365703,0.0,0.0,0.0,
2018-12-04,99898.66601365703,0.0,0.0,0.0,
2018-12-06,99898.66601365703,0.0,0.0,0.0,
2018-12-07,99898.66601365703,0.0,0.0,0.0,
2018-12-10,99898.66601365703,0.0,0.0,0.0,
2018-12-11,99898.66601365703,0.0,0.0,0.0,
2018-12-12,99898.66601365703,0.0,0.0,0.0,
2018-12-13,99898.66601365703,0.0,0.0,0.0,
2018-12-14,99898.66601365703,0.0,0.0,0.0,
2018-12-17,99898.66601365703,0.0,0.0,0.0,
2018-12-18,99898.66601365703,0.0,0.0,0.0,
2018-12-19,99898.66601365703,0.0,0.0,0.0,
2018-12-20,99898.66601365703,0.0,0.0,0.0,
2018-12-21,99898.66601365703,0.0,0.0,0.0,
2018-12-24,99898.66601365703,0.0,0.0,0.0,
2018-12-26,99898.66601365703,0.0,0.0,0.0,
2018-12-27,99898.66601365703,0.0,0.0,0.0,
2018-12-28,99898.66601365703,0.0,0.0,0.0,
2018-12-31,99898.66601365703,0.0,0.0,0.0,
2019-01-02,99898.66601365703,0.0,0.0,0.0,
2019-01-03,99898.66601365703,0.0,0.0,0.0,
2019-01-04,99898.66601365703,0.0,0.0,0.0,
2019-01-07,99898.66601365703,0.0,0.0,0.0,
2019-01-08,99898.66601365703,0.0,0.0,0.0,
2019-01-09,99898.66601365703,0.0,0.0,0.0,
2019-01-10,99898.66601365703,0.0,0.0,0.0,
2019-01-11,99898.66601365703,0.0,0.0,0.0,
2019-01-14,99898.66601365703,0.0,0.0,0.0,
2019-01-15,99898.66601365703,0.0,0.0,0.0,
2019-01-16,99898.66601365703,0.0,0.0,0.0,
2019-01-17,99898.66601365703,0.0,0.0,0.0,
2019-01-18,99898.66601365703,0.0,0.0,0.0,
2019-01-22,99898.66601365703,0.0,0.0,0.0,
2019-01-23,99898.66601365703,0.0,0.0,0.0,
2019-01-24,99898.66601365703,0.0,0.0,0.0,
2019-01-25,99898.66601365703,0.0,0.0,0.0,
2019-01-28,99898.66601365703,0.0,0.0,0.0,
2019-01-29,99898.66601365703,0.0,0.0,0.0,
2019-01-30,99898.66601365703,0.0,0.0,0.0,
2019-01-31,99898.66601365703,0.0,0.0,0.0,
2019-02-01,99898.66601365703,0.0,0.0,0.0,
2019-02-04,99898.66601365703,0.0,0.0,0.0,
2019-02-05,99898.66601365703,0.0,0.0,0.0,
2019-02-06,99898.66601365703,0.0,0.0,0.0,
2019-02-07,99898.66601365703,0.0,0.0,0.0,
2019-02-08,99898.66601365703,0.0,0.0,0.0,
2019-02-11,99898.66601365703,0.0,0.0,0.0,
2019-02-12,99898.66601365703,0.0,0.0,0.0,
2019-02-13,99898.66601365703,0.0,0.0,0.0,
2019-02-14,99898.66601365703,0.0,0.0,0.0,
2019-02-15,99898.66601365703,0.0,0.0,0.0,
2019-02-19,99898.66601365703,0.0,0.0,0.0,
2019-02-20,99898.66601365703,0.0,0.0,0.0,
2019-02-21,99898.66601365703,0.0,0.0,0.0,
2019-02-22,99898.66601365703,0.0,0.0,0.0,
2019-02-25,99898.66601365703,0.0,0.0,0.0,
2019-02-26,99898.66601365703,0.0,0.0,0.0,
2019-02-27,99898.66601365703,0.0,0.0,0.0,
2019-02-28,99898.66601365703,0.0,0.0,0.0,
2019-03-01,99898.66601365703,0.0,0.0,0.0,
2019-03-04,99898.66601365703,0.0,0.0,0.0,
2019-03-05,99898.66601365703,0.0,0.0,0.0,
2019-03-06,99898.66601365703,0.0,0.0,0.0,
2019-03-07,99898.66601365703,0.0,0.0,0.0,
2019-03-08,99898.66601365703,0.0,0.0,0.0,
2019-03-11,99898.66601365703,0.0,0.0,0.0,
2019-03-12,99898.66601365703,0.0,0.0,0.0,
2019-03-13,99898.66601365703,0.0,0.0,0.0,
2019-03-14,99898.66601365703,0.0,0.0,0.0,
2019-03-15,99898.66601365703,0.0,0.0,0.0,
2019-03-18,99898.66601365703,0.0,0.0,0.0,
2019-03-19,99898.66601365703,0.0,0.0,0.0,
2019-03-20,99898.66601365703,0.0,0.0,0.0,
2019-03-21,99898.66601365703,0.0,0.0,0.0,
2019-03-22,99898.66601365703,0.0,0.0,0.0,
2019-03-25,99898.66601365703,0.0,0.0,0.0,
2019-03-26,99898.66601365703,0.0,0.0,0.0,
2019-03-27,99898.66601365703,0.0,0.0,0.0,
2019-03-28,99898.66601365703,0.0,0.0,0.0,
2019-03-29,99898.66601365703,0.0,0.0,0.0,
2019-04-01,99898.66601365703,0.0,0.0,0.0,
2019-04-02,99898.66601365703,0.0,0.0,0.0,
2019-04-03,99898.66601365703,0.0,0.0,0.0,
2019-04-04,99898.66601365703,0.0,0.0,0.0,
2019-04-05,99898.66601365703,0.0,0.0,0.0,
2019-04-08,99898.66601365703,0.0,0.0,0.0,
2019-04-09,99898.66601365703,0.0,0.0,0.0,
2019-04-10,99898.66601365703,0.0,0.0,0.0,
2019-04-11,99898.66601365703,0.0,0.0,0.0,
2019-04-12,99898.66601365703,0.0,0.0,0.0,
2019-04-15,99898.66601365703,0.0,0.0,0.0,
2019-04-16,99898.66601365703,0.0,0.0,0.0,
2019-04-17,99898.66601365703,0.0,0.0,0.0,
2019-04-18,99898.66601365703,0.0,0.0,0.0,
2019-04-22,99898.66601365703,0.0,0.0,0.0,
2019-04-23,99898.66601365703,0.0,0.0,0.0,
2019-04-24,99898.66601365703,0.0,0.0,0.0,
2019-04-25,99898.66601365703,0.0,0.0,0.0,
2019-04-26,99898.66601365703,0.0,0.0,0.0,
2019-04-29,99898.66601365703,0.0,0.0,0.0,
2019-04-30,99898.66601365703,0.0,0.0,0.0,
2019-05-01,99898.66601365703,0.0,0.0,0.0,
2019-05-02,99898.66601365703,0.0,0.0,0.0,
2019-05-03,99898.66601365703,0.0,0.0,0.0,
2019-05-06,99898.66601365703,0.0,0.0,0.0,
2019-05-07,99898.66601365703,0.0,0.0,0.0,
2019-05-08,99898.66601365703,0.0,0.0,0.0,
2019-05-09,99898.66601365703,0.0,0.0,0.0,
2019-05-10,99898.66601365703,0.0,0.0,0.0,
2019-05-13,99898.66601365703,0.0,0.0,0.0,
2019-05-14,99898.66601365703,0.0,0.0,0.0,
2019-05-15,99898.66601365703,0.0,0.0,0.0,
2019-05-16,99898.66601365703,0.0,0.0,0.0,
2019-05-17,99898.66601365703,0.0,0.0,0.0,
2019-05-20,99898.66601365703,0.0,0.0,0.0,
2019-05-21,99898.66601365703,0.0,0.0,0.0,
2019-05-22,99898.66601365703,0.0,0.0,0.0,
2019-05-23,99898.66601365703,0.0,0.0,0.0,
2019-05-24,99898.66601365703,0.0,0.0,0.0,
2019-05-28,99898.66601365703,0.0,0.0,0.0,
2019-05-29,99898.66601365703,0.0,0.0,0.0,
2019-05-30,99898.66601365703,0.0,0.0,0.0,
2019-05-31,99898.66601365703,0.0,0.0,0.0,
2019-06-03,99898.66601365703,0.0,0.0,0.0,
2019-06-04,99898.66601365703,0.0,0.0,0.0,
2019-06-05,99898.66601365703,0.0,0.0,0.0,
2019-06-06,99898.66601365703,0.0,0.0,0.0,
2019-06-07,99898.66601365703,0.0,0.0,0.0,
2019-06-10,99898.66601365703,0.0,0.0,0.0,
2019-06-11,99898.66601365703,0.0,0.0,0.0,
2019-06-12,99898.66601365703,0.0,0.0,0.0,
2019-06-13,99898.66601365703,0.0,0.0,0.0,
2019-06-14,99898.66601365703,0.0,0.0,0.0,
2019-06-17,99898.66601365703,0.0,0.0,0.0,
2019-06-18,99898.66601365703,0.0,0.0,0.0,
2019-06-19,99898.66601365703,0.0,0.0,0.0,
2019-06-20,99898.66601365703,0.0,0.0,0.0,
2019-06-21,99898.66601365703,0.0,0.0,0.0,
2019-06-24,99898.66601365703,0.0,0.0,0.0,
2019-06-25,99898.66601365703,0.0,0.0,0.0,
2019-06-26,99898.66601365703,0.0,0.0,0.0,
2019-06-27,99898.66601365703,0.0,0.0,0.0,
2019-06-28,99898.66601365703,0.0,0.0,0.0,
2019-07-01,99898.66601365703,0.0,0.0,0.0,
2019-07-02,99898.66601365703,0.0,0.0,0.0,
2019-07-03,99898.66601365703,0.0,0.0,0.0,
2019-07-05,99898.66601365703,0.0,0.0,0.0,
2019-07-08,99898.66601365703,0.0,0.0,0.0,
2019-07-09,99898.66601365703,0.0,0.0,0.0,
2019-07-10,99898.66601365703,0.0,0.0,0.0,
2019-07-11,99898.66601365703,0.0,0.0,0.0,
2019-07-12,99898.66601365703,0.0,0.0,0.0,
2019-07-15,99898.66601365703,0.0,0.0,0.0,
2019-07-16,99898.66601365703,0.0,0.0,0.0,
2019-07-17,99898.66601365703,0.0,0.0,0.0,
2019-07-18,99898.66601365703,0.0,0.0,0.0,
2019-07-19,99898.66601365703,0.0,0.0,0.0,
2019-07-22,99898.66601365703,0.0,0.0,0.0,
2019-07-23,99898.66601365703,0.0,0.0,0.0,
2019-07-24,99898.66601365703,0.0,0.0,0.0,
2019-07-25,99898.66601365703,0.0,0.0,0.0,
2019-07-26,99898.66601365703,0.0,0.0,0.0,
2019-07-29,99898.66601365703,0.0,0.0,0.0,
2019-07-30,99898.66601365703,0.0,0.0,0.0,
2019-07-31,99898.66601365703,0.0,0.0,0.0,
2019-08-01,99898.66601365703,0.0,0.0,0.0,
2019-08-02,99898.66601365703,0.0,0.0,0.0,
2019-08-05,99898.66601365703,0.0,0.0,0.0,
2019-08-06,99898.66601365703,0.0,0.0,0.0,
2019-08-07,99898.66601365703,0.0,0.0,0.0,
2019-08-08,99898.66601365703,0.0,0.0,0.0,
2019-08-09,99898.66601365703,0.0,0.0,0.0,
2019-08-12,99898.66601365703,0.0,0.0,0.0,
2019-08-13,99898.66601365703,0.0,0.0,0.0,
2019-08-14,99898.66601365703,0.0,0.0,0.0,
2019-08-15,99898.66601365703,0.0,0.0,0.0,
2019-08-16,99898.66601365703,0.0,0.0,0.0,
2019-08-19,99898.66601365703,0.0,0.0,0.0,
2019-08-20,99898.66601365703,0.0,0.0,0.0,
2019-08-21,99898.66601365703,0.0,0.0,0.0,
2019-08-22,99898.66601365703,0.0,0.0,0.0,
2019-08-23,99898.66601365703,0.0,0.0,0.0,
2019-08-26,99898.66601365703,0.0,0.0,0.0,
2019-08-27,99898.66601365703,0.0,0.0,0.0,
2019-08-28,99898.66601365703,0.0,0.0,0.0,
2019-08-29,99898.66601365703,0.0,0.0,0.0,
2019-08-30,99898.66601365703,0.0,0.0,0.0,
2019-09-03,99898.66601365703,0.0,0.0,0.0,
2019-09-04,99898.66601365703,0.0,0.0,0.0,
2019-09-05,99898.66601365703,0.0,0.0,0.0,
2019-09-06,99898.66601365703,0.0,0.0,0.0,
2019-09-09,99898.66601365703,0.0,0.0,0.0,
2019-09-10,99898.66601365703,0.0,0.0,0.0,
2019-09-11,99898.66601365703,0.0,0.0,0.0,
2019-09-12,99898.66601365703,0.0,0.0,0.0,
2019-09-13,99898.66601365703,0.0,0.0,0.0,
2019-09-16,99898.66601365703,0.0,0.0,0.0,
2019-09-17,99898.66601365703,0.0,0.0,0.0,
2019-09-18,99898.66601365703,0.0,0.0,0.0,
2019-09-19,99898.66601365703,0.0,0.0,0.0,
2019-09-20,99898.66601365703,0.0,0.0,0.0,
2019-09-23,99898.66601365703,0.0,0.0,0.0,
2019-09-24,99898.66601365703,0.0,0.0,0.0,
2019-09-25,99898.66601365703,0.0,0.0,0.0,
2019-09-26,99898.66601365703,0.0,0.0,0.0,
2019-09-27,99898.66601365703,0.0,0.0,0.0,
2019-09-30,99898.66601365703,0.0,0.0,0.0,
2019-10-01,99898.66601365703,0.0,0.0,0.0,
2019-10-02,99898.66601365703,0.0,0.0,0.0,
2019-10-03,99898.66601365703,0.0,0.0,0.0,
2019-10-04,99898.66601365703,0.0,0.0,0.0,
2019-10-07,99898.66601365703,0.0,0.0,0.0,
2019-10-08,99898.66601365703,0.0,0.0,0.0,
2019-10-09,99898.66601365703,0.0,0.0,0.0,
2019-10-10,99898.66601365703,0.0,0.0,0.0,
2019-10-11,99898.66601365703,0.0,0.0,0.0,
2019-10-14,99898.66601365703,0.0,0.0,0.0,
2019-10-15,99898.66601365703,0.0,0.0,0.0,
2019-10-16,99898.66601365703,0.0,0.0,0.0,
2019-10-17,99898.66601365703,0.0,0.0,0.0,
2019-10-18,99898.66601365703,0.0,0.0,0.0,
2019-10-21,99898.66601365703,0.0,0.0,0.0,
2019-10-22,99898.66601365703,0.0,0.0,0.0,
2019-10-23,99898.66601365703,0.0,0.0,0.0,
2019-10-24,99898.66601365703,0.0,0.0,0.0,
2019-10-25,99898.66601365703,0.0,0.0,0.0,
2019-10-28,99898.66601365703,0.0,0.0,0.0,
2019-10-29,99898.66601365703,0.0,0.0,0.0,
2019-10-30,99898.66601365703,0.0,0.0,0.0,
2019-10-31,99898.66601365703,0.0,0.0,0.0,
2019-11-01,99898.66601365703,0.0,0.0,0.0,
2019-11-04,99898.66601365703,0.0,0.0,0.0,
2019-11-05,99898.66601365703,0.0,0.0,0.0,
2019-11-06,99898.66601365703,0.0,0.0,0.0,
2019-11-07,99898.66601365703,0.0,0.0,0.0,
2019-11-08,99898.66601365703,0.0,0.0,0.0,
2019-11-11,99898.66601365703,0.0,0.0,0.0,
2019-11-12,99898.66601365703,0.0,0.0,0.0,
2019-11-13,99898.66601365703,0.0,0.0,0.0,
2019-11-14,99898.66601365703,0.0,0.0,0.0,
2019-11-15,99898.66601365703,0.0,0.0,0.0,
2019-11-18,99898.66601365703,0.0,0.0,0.0,
2019-11-19,99898.66601365703,0.0,0.0,0.0,
2019-11-20,99898.66601365703,0.0,0.0,0.0,
2019-11-21,99898.66601365703,0.0,0.0,0.0,
2019-11-22,99898.66601365703,0.0,0.0,0.0,
2019-11-25,99898.66601365703,0.0,0.0,0.0,
2019-11-26,99898.66601365703,0.0,0.0,0.0,
2019-11-27,99898.66601365703,0.0,0.0,0.0,
2019-11-29,99898.66601365703,0.0,0.0,0.0,
2019-12-02,99898.66601365703,0.0,0.0,0.0,
2019-12-03,99898.66601365703,0.0,0.0,0.0,
2019-12-04,99898.66601365703,0.0,0.0,0.0,
2019-12-05,99898.66601365703,0.0,0.0,0.0,
2019-12-06,99898.66601365703,0.0,0.0,0.0,
2019-12-09,99898.66601365703,0.0,0.0,0.0,
2019-12-10,99898.66601365703,0.0,0.0,0.0,
2019-12-11,99898.66601365703,0.0,0.0,0.0,
2019-12-12,99898.66601365703,0.0,0.0,0.0,
2019-12-13,99898.66601365703,0.0,0.0,0.0,
2019-12-16,99898.66601365703,0.0,0.0,0.0,
2019-12-17,99898.66601365703,0.0,0.0,0.0,
2019-12-18,99898.66601365703,0.0,0.0,0.0,
2019-12-19,99898.66601365703,0.0,0.0,0.0,
2019-12-20,99898.66601365703,0.0,0.0,0.0,
2019-12-23,99898.66601365703,0.0,0.0,0.0,
2019-12-24,99898.66601365703,0.0,0.0,0.0,
2019-12-26,99898.66601365703,0.0,0.0,0.0,
2019-12-27,99898.66601365703,0.0,0.0,0.0,
2019-12-30,99898.66601365703,0.0,0.0,0.0,
2019-12-31,99898.66601365703,0.0,0.0,0.0,
2020-01-02,99898.66601365703,0.0,0.0,0.0,
2020-01-03,99898.66601365703,0.0,0.0,0.0,
2020-01-06,99898.66601365703,0.0,0.0,0.0,
2020-01-07,99898.66601365703,0.0,0.0,0.0,
2020-01-08,99898.66601365703,0.0,0.0,0.0,
2020-01-09,99898.66601365703,0.0,0.0,0.0,
2020-01-10,99898.66601365703,0.0,0.0,0.0,
2020-01-13,99898.66601365703,0.0,0.0,0.0,
2020-01-14,99898.66601365703,0.0,0.0,0.0,
2020-01-15,99898.66601365703,0.0,0.0,0.0,
2020-01-16,99898.66601365703,0.0,0.0,0.0,
2020-01-17,99898.66601365703,0.0,0.0,0.0,
2020-01-21,99898.66601365703,0.0,0.0,0.0,
2020-01-22,99898.66601365703,0.0,0.0,0.0,
2020-01-23,99898.66601365703,0.0,0.0,0.0,
2020-01-24,99898.66601365703,0.0,0.0,0.0,
2020-01-27,99898.66601365703,0.0,0.0,0.0,
2020-01-28,99898.66601365703,0.0,0.0,0.0,
2020-01-29,99898.66601365703,0.0,0.0,0.0,
2020-01-30,99898.66601365703,0.0,0.0,0.0,
2020-01-31,99898.66601365703,0.0,0.0,0.0,
2020-02-03,99898.66601365703,0.0,0.0,0.0,
2020-02-04,99898.66601365703,0.0,0.0,0.0,
2020-02-05,99898.66601365703,0.0,0.0,0.0,
2020-02-06,99898.66601365703,0.0,0.0,0.0,
2020-02-07,99898.66601365703,0.0,0.0,0.0,
2020-02-10,99898.66601365703,0.0,0.0,0.0,
2020-02-11,99898.66601365703,0.0,0.0,0.0,
2020-02-12,99898.66601365703,0.0,0.0,0.0,
2020-02-13,99898.66601365703,0.0,0.0,0.0,
2020-02-14,99898.66601365703,0.0,0.0,0.0,
2020-02-18,99898.66601365703,0.0,0.0,0.0,
2020-02-19,99898.66601365703,0.0,0.0,0.0,
2020-02-20,99898.66601365703,0.0,0.0,0.0,
2020-02-21,99898.66601365703,0.0,0.0,0.0,
2020-02-24,99898.66601365703,0.0,0.0,0.0,
2020-02-25,99898.66601365703,0.0,0.0,0.0,
2020-02-26,99898.66601365703,0.0,0.0,0.0,
2020-02-27,99898.66601365703,0.0,0.0,0.0,
2020-02-28,99898.66601365703,0.0,0.0,0.0,
2020-03-02,99898.66601365703,0.0,0.0,0.0,
2020-03-03,99898.66601365703,0.0,0.0,0.0,
2020-03-04,99898.66601365703,0.0,0.0,0.0,
2020-03-05,99898.66601365703,0.0,0.0,0.0,
2020-03-06,99898.66601365703,0.0,0.0,0.0,
2020-03-09,99898.66601365703,0.0,0.0,0.0,
2020-03-10,99898.66601365703,0.0,0.0,0.0,
2020-03-11,99898.66601365703,0.0,0.0,0.0,
2020-03-12,99898.66601365703,0.0,0.0,0.0,
2020-03-13,99898.66601365703,0.0,0.0,0.0,
2020-03-16,99898.66601365703,0.0,0.0,0.0,
2020-03-17,99898.66601365703,0.0,0.0,0.0,
2020-03-18,99898.66601365703,0.0,0.0,0.0,
2020-03-19,99898.66601365703,0.0,0.0,0.0,
2020-03-20,99898.66601365703,0.0,0.0,0.0,
2020-03-23,99898.66601365703,0.0,0.0,0.0,
2020-03-24,99898.66601365703,0.0,0.0,0.0,
2020-03-25,99898.66601365703,0.0,0.0,0.0,
2020-03-26,99898.66601365703,0.0,0.0,0.0,
2020-03-27,99898.66601365703,0.0,0.0,0.0,
2020-03-30,99898.66601365703,0.0,0.0,0.0,
2020-03-31,99898.66601365703,0.0,0.0,0.0,
2020-04-01,99898.66601365703,0.0,0.0,0.0,
2020-04-02,99898.66601365703,0.0,0.0,0.0,
2020-04-03,99898.66601365703,0.0,0.0,0.0,
2020-04-06,99898.66601365703,0.0,0.0,0.0,
2020-04-07,99898.66601365703,0.0,0.0,0.0,
2020-04-08,99898.66601365703,0.0,0.0,0.0,
2020-04-09,99898.66601365703,0.0,0.0,0.0,
2020-04-13,99898.66601365703,0.0,0.0,0.0,
2020-04-14,99898.66601365703,0.0,0.0,0.0,
2020-04-15,99898.66601365703,0.0,0.0,0.0,
2020-04-16,99898.66601365703,0.0,0.0,0.0,
2020-04-17,99898.66601365703,0.0,0.0,0.0,
2020-04-20,99898.66601365703,0.0,0.0,0.0,
2020-04-21,99898.66601365703,0.0,0.0,0.0,
2020-04-22,99898.66601365703,0.0,0.0,0.0,
2020-04-23,99898.66601365703,0.0,0.0,0.0,
2020-04-24,99898.66601365703,0.0,0.0,0.0,
2020-04-27,99898.66601365703,0.0,0.0,0.0,
2020-04-28,99898.66601365703,0.0,0.0,0.0,
2020-04-29,99898.66601365703,0.0,0.0,0.0,
2020-04-30,99898.66601365703,0.0,0.0,0.0,
2020-05-01,99898.66601365703,0.0,0.0,0.0,
2020-05-04,99898.66601365703,0.0,0.0,0.0,
2020-05-05,99898.66601365703,0.0,0.0,0.0,
2020-05-06,99898.66601365703,0.0,0.0,0.0,
2020-05-07,99898.66601365703,0.0,0.0,0.0,
2020-05-08,99898.66601365703,0.0,0.0,0.0,
2020-05-11,99898.66601365703,0.0,0.0,0.0,
2020-05-12,99898.66601365703,0.0,0.0,0.0,
2020-05-13,99898.66601365703,0.0,0.0,0.0,
2020-05-14,99898.66601365703,0.0,0.0,0.0,
2020-05-15,99898.66601365703,0.0,0.0,0.0,
2020-05-18,99898.66601365703,0.0,0.0,0.0,
2020-05-19,99898.66601365703,0.0,0.0,0.0,
2020-05-20,99898.66601365703,0.0,0.0,0.0,
2020-05-21,99898.66601365703,0.0,0.0,0.0,
2020-05-22,99898.66601365703,0.0,0.0,0.0,
2020-05-26,99898.66601365703,0.0,0.0,0.0,
2020-05-27,99898.66601365703,0.0,0.0,0.0,
2020-05-28,99898.66601365703,0.0,0.0,0.0,
2020-05-29,99898.66601365703,0.0,0.0,0.0,
2020-06-01,99898.66601365703,0.0,0.0,0.0,
2020-06-02,99898.66601365703,0.0,0.0,0.0,
2020-06-03,99898.66601365703,0.0,0.0,0.0,
2020-06-04,99898.66601365703,0.0,0.0,0.0,
2020-06-05,99898.66601365703,0.0,0.0,0.0,
2020-06-08,99898.66601365703,0.0,0.0,0.0,
2020-06-09,99898.66601365703,0.0,0.0,0.0,
2020-06-10,99898.66601365703,0.0,0.0,0.0,
2020-06-11,99898.66601365703,0.0,0.0,0.0,
2020-06-12,99898.66601365703,0.0,0.0,0.0,
2020-06-15,99898.66601365703,0.0,0.0,0.0,
2020-06-16,99898.66601365703,0.0,0.0,0.0,
2020-06-17,99898.66601365703,0.0,0.0,0.0,
2020-06-18,99898.66601365703,0.0,0.0,0.0,
2020-06-19,99898.66601365703,0.0,0.0,0.0,
2020-06-22,99898.66601365703,0.0,0.0,0.0,
2020-06-23,99898.66601365703,0.0,0.0,0.0,
2020-06-24,99898.66601365703,0.0,0.0,0.0,
2020-06-25,99898.66601365703,0.0,0.0,0.0,
2020-06-26,99898.66601365703,0.0,0.0,0.0,
2020-06-29,99898.66601365703,0.0,0.0,0.0,
2020-06-30,99898.66601365703,0.0,0.0,0.0,
2020-07-01,99898.66601365703,0.0,0.0,0.0,
2020-07-02,99898.66601365703,0.0,0.0,0.0,
2020-07-06,99898.66601365703,0.0,0.0,0.0,
2020-07-07,99898.66601365703,0.0,0.0,0.0,
2020-07-08,99898.66601365703,0.0,0.0,0.0,
2020-07-09,99898.66601365703,0.0,0.0,0.0,
2020-07-10,99898.66601365703,0.0,0.0,0.0,
2020-07-13,99898.66601365703,0.0,0.0,0.0,
2020-07-14,99898.66601365703,0.0,0.0,0.0,
2020-07-15,99898.66601365703,0.0,0.0,0.0,
2020-07-16,99898.66601365703,0.0,0.0,0.0,
2020-07-17,99898.66601365703,0.0,0.0,0.0,
2020-07-20,99898.66601365703,0.0,0.0,0.0,
2020-07-21,99898.66601365703,0.0,0.0,0.0,
2020-07-22,99898.66601365703,0.0,0.0,0.0,
2020-07-23,99898.66601365703,0.0,0.0,0.0,
2020-07-24,99898.66601365703,0.0,0.0,0.0,
2020-07-27,99898.66601365703,0.0,0.0,0.0,
2020-07-28,99898.66601365703,0.0,0.0,0.0,
2020-07-29,99898.66601365703,0.0,0.0,0.0,
2020-07-30,99898.66601365703,0.0,0.0,0.0,
2020-07-31,99898.66601365703,0.0,0.0,0.0,
2020-08-03,99898.66601365703,0.0,0.0,0.0,
2020-08-04,99898.66601365703,0.0,0.0,0.0,
2020-08-05,99898.66601365703,0.0,0.0,0.0,
2020-08-06,99898.66601365703,0.0,0.0,0.0,
2020-08-07,99898.66601365703,0.0,0.0,0.0,
2020-08-10,99898.66601365703,0.0,0.0,0.0,
2020-08-11,99898.66601365703,0.0,0.0,0.0,
2020-08-12,99898.66601365703,0.0,0.0,0.0,
2020-08-13,99898.66601365703,0.0,0.0,0.0,
2020-08-14,99898.66601365703,0.0,0.0,0.0,
2020-08-17,99898.66601365703,0.0,0.0,0.0,
2020-08-18,99898.66601365703,0.0,0.0,0.0,
2020-08-19,99898.66601365703,0.0,0.0,0.0,
2020-08-20,99898.66601365703,0.0,0.0,0.0,
2020-08-21,99898.66601365703,0.0,0.0,0.0,
2020-08-24,99898.66601365703,0.0,0.0,0.0,
2020-08-25,99898.66601365703,0.0,0.0,0.0,
2020-08-26,99898.66601365703,0.0,0.0,0.0,
2020-08-27,99898.66601365703,0.0,0.0,0.0,
2020-08-28,99898.66601365703,0.0,0.0,0.0,
2020-08-31,99898.66601365703,0.0,0.0,0.0,
2020-09-01,99898.66601365703,0.0,0.0,0.0,
2020-09-02,99898.66601365703,0.0,0.0,0.0,
2020-09-03,99898.66601365703,0.0,0.0,0.0,
2020-09-04,99898.66601365703,0.0,0.0,0.0,
2020-09-08,99898.66601365703,0.0,0.0,0.0,
2020-09-09,99898.66601365703,0.0,0.0,0.0,
2020-09-10,99898.66601365703,0.0,0.0,0.0,
2020-09-11,99898.66601365703,0.0,0.0,0.0,
2020-09-14,99898.66601365703,0.0,0.0,0.0,
2020-09-15,99898.66601365703,0.0,0.0,0.0,
2020-09-16,99898.66601365703,0.0,0.0,0.0,
2020-09-17,99898.66601365703,0.0,0.0,0.0,
2020-09-18,99898.66601365703,0.0,0.0,0.0,
2020-09-21,99898.66601365703,0.0,0.0,0.0,
2020-09-22,99898.66601365703,0.0,0.0,0.0,
2020-09-23,99898.66601365703,0.0,0.0,0.0,
2020-09-24,99898.66601365703,0.0,0.0,0.0,
2020-09-25,99898.66601365703,0.0,0.0,0.0,
2020-09-28,99898.66601365703,0.0,0.0,0.0,
2020-09-29,99898.66601365703,0.0,0.0,0.0,
2020-09-30,99898.66601365703,0.0,0.0,0.0,
2020-10-01,99898.66601365703,0.0,0.0,0.0,
2020-10-02,99898.66601365703,0.0,0.0,0.0,
2020-10-05,99898.66601365703,0.0,0.0,0.0,
2020-10-06,99898.66601365703,0.0,0.0,0.0,
2020-10-07,99898.66601365703,0.0,0.0,0.0,
2020-10-08,99898.66601365703,0.0,0.0,0.0,
2020-10-09,99898.66601365703,0.0,0.0,0.0,
2020-10-12,99898.66601365703,0.0,0.0,0.0,
2020-10-13,99898.66601365703,0.0,0.0,0.0,
2020-10-14,99898.66601365703,0.0,0.0,0.0,
2020-10-15,99898.66601365703,0.0,0.0,0.0,
2020-10-16,99898.66601365703,0.0,0.0,0.0,
2020-10-19,99898.66601365703,0.0,0.0,0.0,
2020-10-20,99898.66601365703,0.0,0.0,0.0,
2020-10-21,99898.66601365703,0.0,0.0,0.0,
2020-10-22,99898.66601365703,0.0,0.0,0.0,
2020-10-23,99898.66601365703,0.0,0.0,0.0,
2020-10-26,99898.66601365703,0.0,0.0,0.0,
2020-10-27,99898.66601365703,0.0,0.0,0.0,
2020-10-28,99898.66601365703,0.0,0.0,0.0,
2020-10-29,99898.66601365703,0.0,0.0,0.0,
2020-10-30,99898.66601365703,0.0,0.0,0.0,
2020-11-02,99898.66601365703,0.0,0.0,0.0,
2020-11-03,99898.66601365703,0.0,0.0,0.0,
2020-11-04,99898.66601365703,0.0,0.0,0.0,
2020-11-05,99898.66601365703,0.0,0.0,0.0,
2020-11-06,99898.66601365703,0.0,0.0,0.0,
2020-11-09,99898.66601365703,0.0,0.0,0.0,
2020-11-10,99898.66601365703,0.0,0.0,0.0,
2020-11-11,99898.66601365703,0.0,0.0,0.0,
2020-11-12,99898.66601365703,0.0,0.0,0.0,
2020-11-13,99898.66601365703,0.0,0.0,0.0,
2020-11-16,99898.66601365703,0.0,0.0,0.0,
2020-11-17,99898.66601365703,0.0,0.0,0.0,
2020-11-18,99898.66601365703,0.0,0.0,0.0,
2020-11-19,99898.66601365703,0.0,0.0,0.0,
2020-11-20,99898.66601365703,0.0,0.0,0.0,
2020-11-23,99898.66601365703,0.0,0.0,0.0,
2020-11-24,99898.66601365703,0.0,0.0,0.0,
2020-11-25,99898.66601365703,0.0,0.0,0.0,
2020-11-27,99898.66601365703,0.0,0.0,0.0,
2020-11-30,99898.66601365703,0.0,0.0,0.0,
2020-12-01,99898.66601365703,0.0,0.0,0.0,
2020-12-02,99898.66601365703,0.0,0.0,0.0,
2020-12-03,99898.66601365703,0.0,0.0,0.0,
2020-12-04,99898.66601365703,0.0,0.0,0.0,
2020-12-07,99898.66601365703,0.0,0.0,0.0,
2020-12-08,99898.66601365703,0.0,0.0,0.0,
2020-12-09,99898.66601365703,0.0,0.0,0.0,
2020-12-10,99898.66601365703,0.0,0.0,0.0,
2020-12-11,99898.66601365703,0.0,0.0,0.0,
2020-12-14,99898.66601365703,0.0,0.0,0.0,
2020-12-15,99898.66601365703,0.0,0.0,0.0,
2020-12-16,99898.66601365703,0.0,0.0,0.0,
2020-12-17,99898.66601365703,0.0,0.0,0.0,
2020-12-18,99898.66601365703,0.0,0.0,0.0,
2020-12-21,99898.66601365703,0.0,0.0,0.0,
2020-12-22,99898.66601365703,0.0,0.0,0.0,
2020-12-23,99898.66601365703,0.0,0.0,0.0,
2020-12-24,99898.66601365703,0.0,0.0,0.0,
2020-12-28,99898.66601365703,0.0,0.0,0.0,
2020-12-29,99898.66601365703,0.0,0.0,0.0,
2020-12-30,99898.66601365703,0.0,0.0,0.0,
2020-12-31,99898.66601365703,0.0,0.0,0.0,
2021-01-04,99898.66601365703,0.0,0.0,0.0,
2021-01-05,99898.66601365703,0.0,0.0,0.0,
2021-01-06,99898.66601365703,0.0,0.0,0.0,
2021-01-07,99898.66601365703,0.0,0.0,0.0,
2021-01-08,99898.66601365703,0.0,0.0,0.0,
2021-01-11,99898.66601365703,0.0,0.0,0.0,
2021-01-12,99898.66601365703,0.0,0.0,0.0,
2021-01-13,99898.66601365703,0.0,0.0,0.0,
2021-01-14,99898.66601365703,0.0,0.0,0.0,
2021-01-15,99898.66601365703,0.0,0.0,0.0,
2021-01-19,99898.66601365703,0.0,0.0,0.0,
2021-01-20,99898.66601365703,0.0,0.0,0.0,
2021-01-21,99898.66601365703,0.0,0.0,0.0,
2021-01-22,99898.66601365703,0.0,0.0,0.0,
2021-01-25,99898.66601365703,0.0,0.0,0.0,
2021-01-26,99898.66601365703,0.0,0.0,0.0,
2021-01-27,99898.66601365703,0.0,0.0,0.0,
2021-01-28,99898.66601365703,0.0,0.0,0.0,
2021-01-29,99898.66601365703,0.0,0.0,0.0,
2021-02-01,99898.66601365703,0.0,0.0,0.0,
2021-02-02,99898.66601365703,0.0,0.0,0.0,
2021-02-03,99898.66601365703,0.0,0.0,0.0,
2021-02-04,99898.66601365703,0.0,0.0,0.0,
2021-02-05,99898.66601365703,0.0,0.0,0.0,
2021-02-08,99898.66601365703,0.0,0.0,0.0,
2021-02-09,99898.66601365703,0.0,0.0,0.0,
2021-02-10,99898.66601365703,0.0,0.0,0.0,
2021-02-11,99898.66601365703,0.0,0.0,0.0,
2021-02-12,99898.66601365703,0.0,0.0,0.0,
2021-02-16,99898.66601365703,0.0,0.0,0.0,
2021-02-17,99898.66601365703,0.0,0.0,0.0,
2021-02-18,99898.66601365703,0.0,0.0,0.0,
2021-02-19,99898.66601365703,0.0,0.0,0.0,
2021-02-22,99898.66601365703,0.0,0.0,0.0,
2021-02-23,99898.66601365703,0.0,0.0,0.0,
2021-02-24,99898.66601365703,0.0,0.0,0.0,
2021-02-25,99898.66601365703,0.0,0.0,0.0,
2021-02-26,99898.66601365703,0.0,0.0,0.0,
2021-03-01,99898.66601365703,0.0,0.0,0.0,
2021-03-02,99898.66601365703,0.0,0.0,0.0,
2021-03-03,99898.66601365703,0.0,0.0,0.0,
2021-03-04,99898.66601365703,0.0,0.0,0.0,
2021-03-05,99898.66601365703,0.0,0.0,0.0,
2021-03-08,99898.66601365703,0.0,0.0,0.0,
2021-03-09,99898.66601365703,0.0,0.0,0.0,
2021-03-10,99898.66601365703,0.0,0.0,0.0,
2021-03-11,99898.66601365703,0.0,0.0,0.0,
2021-03-12,99898.66601365703,0.0,0.0,0.0,
2021-03-15,99898.66601365703,0.0,0.0,0.0,
2021-03-16,99898.66601365703,0.0,0.0,0.0,
2021-03-17,99898.66601365703,0.0,0.0,0.0,
2021-03-18,99898.66601365703,0.0,0.0,0.0,
2021-03-19,99898.66601365703,0.0,0.0,0.0,
2021-03-22,99898.66601365703,0.0,0.0,0.0,
2021-03-23,99898.66601365703,0.0,0.0,0.0,
2021-03-24,99898.66601365703,0.0,0.0,0.0,
2021-03-25,99898.66601365703,0.0,0.0,0.0,
2021-03-26,99898.66601365703,0.0,0.0,0.0,
2021-03-29,99898.66601365703,0.0,0.0,0.0,
2021-03-30,99898.66601365703,0.0,0.0,0.0,
2021-03-31,99898.66601365703,0.0,0.0,0.0,
2021-04-01,99898.66601365703,0.0,0.0,0.0,
2021-04-05,99898.66601365703,0.0,0.0,0.0,
2021-04-06,99898.66601365703,0.0,0.0,0.0,
2021-04-07,99898.66601365703,0.0,0.0,0.0,
2021-04-08,99898.66601365703,0.0,0.0,0.0,
2021-04-09,99898.66601365703,0.0,0.0,0.0,
2021-04-12,99898.66601365703,0.0,0.0,0.0,
2021-04-13,99898.66601365703,0.0,0.0,0.0,
2021-04-14,99898.66601365703,0.0,0.0,0.0,
2021-04-15,99898.66601365703,0.0,0.0,0.0,
2021-04-16,99898.66601365703,0.0,0.0,0.0,
2021-04-19,99898.66601365703,0.0,0.0,0.0,
2021-04-20,99898.66601365703,0.0,0.0,0.0,
2021-04-21,99898.66601365703,0.0,0.0,0.0,
2021-04-22,99898.66601365703,0.0,0.0,0.0,
2021-04-23,99898.66601365703,0.0,0.0,0.0,
2021-04-26,99898.66601365703,0.0,0.0,0.0,
2021-04-27,99898.66601365703,0.0,0.0,0.0,
2021-04-28,99898.66601365703,0.0,0.0,0.0,
2021-04-29,99898.66601365703,0.0,0.0,0.0,
2021-04-30,99898.66601365703,0.0,0.0,0.0,
2021-05-03,99898.66601365703,0.0,0.0,0.0,
2021-05-04,99898.66601365703,0.0,0.0,0.0,
2021-05-05,99898.66601365703,0.0,0.0,0.0,
2021-05-06,99898.66601365703,0.0,0.0,0.0,
2021-05-07,99898.66601365703,0.0,0.0,0.0,
2021-05-10,99898.66601365703,0.0,0.0,0.0,
2021-05-11,99898.66601365703,0.0,0.0,0.0,
2021-05-12,99898.66601365703,0.0,0.0,0.0,
2021-05-13,99898.66601365703,0.0,0.0,0.0,
2021-05-14,99898.66601365703,0.0,0.0,0.0,
2021-05-17,99898.66601365703,0.0,0.0,0.0,
2021-05-18,99898.66601365703,0.0,0.0,0.0,
2021-05-19,99898.66601365703,0.0,0.0,0.0,
2021-05-20,99898.66601365703,0.0,0.0,0.0,
2021-05-21,99898.66601365703,0.0,0.0,0.0,
2021-05-24,99898.66601365703,0.0,0.0,0.0,
2021-05-25,99898.66601365703,0.0,0.0,0.0,
2021-05-26,99898.66601365703,0.0,0.0,0.0,
2021-05-27,99898.66601365703,0.0,0.0,0.0,
2021-05-28,99898.66601365703,0.0,0.0,0.0,
2021-06-01,99898.66601365703,0.0,0.0,0.0,
2021-06-02,99898.66601365703,0.0,0.0,0.0,
2021-06-03,99898.66601365703,0.0,0.0,0.0,
2021-06-04,99898.66601365703,0.0,0.0,0.0,
2021-06-07,99898.66601365703,0.0,0.0,0.0,
2021-06-08,99898.66601365703,0.0,0.0,0.0,
2021-06-09,99898.66601365703,0.0,0.0,0.0,
2021-06-10,99898.66601365703,0.0,0.0,0.0,
2021-06-11,99898.66601365703,0.0,0.0,0.0,
2021-06-14,99898.66601365703,0.0,0.0,0.0,
2021-06-15,99898.66601365703,0.0,0.0,0.0,
2021-06-16,99898.66601365703,0.0,0.0,0.0,
2021-06-17,99898.66601365703,0.0,0.0,0.0,
2021-06-18,99898.66601365703,0.0,0.0,0.0,
2021-06-21,99898.66601365703,0.0,0.0,0.0,
2021-06-22,99898.66601365703,0.0,0.0,0.0,
2021-06-23,99898.66601365703,0.0,0.0,0.0,
2021-06-24,99898.66601365703,0.0,0.0,0.0,
2021-06-25,99898.66601365703,0.0,0.0,0.0,
2021-06-28,99898.66601365703,0.0,0.0,0.0,
2021-06-29,99898.66601365703,0.0,0.0,0.0,
2021-06-30,99898.66601365703,0.0,0.0,0.0,
2021-07-01,99898.66601365703,0.0,0.0,0.0,
2021-07-02,99898.66601365703,0.0,0.0,0.0,
2021-07-06,99898.66601365703,0.0,0.0,0.0,
2021-07-07,99898.66601365703,0.0,0.0,0.0,
2021-07-08,99898.66601365703,0.0,0.0,0.0,
2021-07-09,99898.66601365703,0.0,0.0,0.0,
2021-07-12,99898.66601365703,0.0,0.0,0.0,
2021-07-13,99898.66601365703,0.0,0.0,0.0,
2021-07-14,99898.66601365703,0.0,0.0,0.0,
2021-07-15,99898.66601365703,0.0,0.0,0.0,
2021-07-16,99898.66601365703,0.0,0.0,0.0,
2021-07-19,99898.66601365703,0.0,0.0,0.0,
2021-07-20,99898.66601365703,0.0,0.0,0.0,
2021-07-21,99898.66601365703,0.0,0.0,0.0,
2021-07-22,99898.66601365703,0.0,0.0,0.0,
2021-07-23,99898.66601365703,0.0,0.0,0.0,
2021-07-26,99898.66601365703,0.0,0.0,0.0,
2021-07-27,99898.66601365703,0.0,0.0,0.0,
2021-07-28,99898.66601365703,0.0,0.0,0.0,
2021-07-29,99898.66601365703,0.0,0.0,0.0,
2021-07-30,99898.66601365703,0.0,0.0,0.0,
2021-08-02,99898.66601365703,0.0,0.0,0.0,
2021-08-03,99898.66601365703,0.0,0.0,0.0,
2021-08-04,99898.66601365703,0.0,0.0,0.0,
2021-08-05,99898.66601365703,0.0,0.0,0.0,
2021-08-06,99898.66601365703,0.0,0.0,0.0,
2021-08-09,99898.66601365703,0.0,0.0,0.0,
2021-08-10,99898.66601365703,0.0,0.0,0.0,
2021-08-11,99898.66601365703,0.0,0.0,0.0,
2021-08-12,99898.66601365703,0.0,0.0,0.0,
2021-08-13,99898.66601365703,0.0,0.0,0.0,
2021-08-16,99898.66601365703,0.0,0.0,0.0,
2021-08-17,99898.66601365703,0.0,0.0,0.0,
2021-08-18,99898.66601365703,0.0,0.0,0.0,
2021-08-19,99898.66601365703,0.0,0.0,0.0,
2021-08-20,99898.66601365703,0.0,0.0,0.0,
2021-08-23,99898.66601365703,0.0,0.0,0.0,
2021-08-24,99898.66601365703,0.0,0.0,0.0,
2021-08-25,99898.66601365703,0.0,0.0,0.0,
2021-08-26,99898.66601365703,0.0,0.0,0.0,
2021-08-27,99898.66601365703,0.0,0.0,0.0,
2021-08-30,99898.66601365703,0.0,0.0,0.0,
2021-08-31,99898.66601365703,0.0,0.0,0.0,
2021-09-01,99898.66601365703,0.0,0.0,0.0,
2021-09-02,99898.66601365703,0.0,0.0,0.0,
2021-09-03,99898.66601365703,0.0,0.0,0.0,
2021-09-07,99898.66601365703,0.0,0.0,0.0,
2021-09-08,99898.66601365703,0.0,0.0,0.0,
2021-09-09,99898.66601365703,0.0,0.0,0.0,
2021-09-10,99898.66601365703,0.0,0.0,0.0,
2021-09-13,99898.66601365703,0.0,0.0,0.0,
2021-09-14,99898.66601365703,0.0,0.0,0.0,
2021-09-15,99898.66601365703,0.0,0.0,0.0,
2021-09-16,99898.66601365703,0.0,0.0,0.0,
2021-09-17,99898.66601365703,0.0,0.0,0.0,
2021-09-20,99898.66601365703,0.0,0.0,0.0,
2021-09-21,99898.66601365703,0.0,0.0,0.0,
2021-09-22,99898.66601365703,0.0,0.0,0.0,
2021-09-23,99898.66601365703,0.0,0.0,0.0,
2021-09-24,99898.66601365703,0.0,0.0,0.0,
2021-09-27,99898.66601365703,0.0,0.0,0.0,
2021-09-28,99898.66601365703,0.0,0.0,0.0,
2021-09-29,99898.66601365703,0.0,0.0,0.0,
2021-09-30,99898.66601365703,0.0,0.0,0.0,
2021-10-01,99898.66601365703,0.0,0.0,0.0,
2021-10-04,99898.66601365703,0.0,0.0,0.0,
2021-10-05,99898.66601365703,0.0,0.0,0.0,
2021-10-06,99898.66601365703,0.0,0.0,0.0,
2021-10-07,99898.66601365703,0.0,0.0,0.0,
2021-10-08,99898.66601365703,0.0,0.0,0.0,
2021-10-11,99898.66601365703,0.0,0.0,0.0,
2021-10-12,99898.66601365703,0.0,0.0,0.0,
2021-10-13,99898.66601365703,0.0,0.0,0.0,
2021-10-14,99898.66601365703,0.0,0.0,0.0,
2021-10-15,99898.66601365703,0.0,0.0,0.0,
2021-10-18,99898.66601365703,0.0,0.0,0.0,
2021-10-19,99898.66601365703,0.0,0.0,0.0,
2021-10-20,99898.66601365703,0.0,0.0,0.0,
2021-10-21,99898.66601365703,0.0,0.0,0.0,
2021-10-22,99898.66601365703,0.0,0.0,0.0,
2021-10-25,99898.66601365703,0.0,0.0,0.0,
2021-10-26,99898.66601365703,0.0,0.0,0.0,
2021-10-27,99898.66601365703,0.0,0.0,0.0,
2021-10-28,99898.66601365703,0.0,0.0,0.0,
2021-10-29,99898.66601365703,0.0,0.0,0.0,
2021-11-01,99898.66601365703,0.0,0.0,0.0,
2021-11-02,99898.66601365703,0.0,0.0,0.0,
2021-11-03,99898.66601365703,0.0,0.0,0.0,
2021-11-04,99898.66601365703,0.0,0.0,0.0,
2021-11-05,99898.66601365703,0.0,0.0,0.0,
2021-11-08,99898.66601365703,0.0,0.0,0.0,
2021-11-09,99898.66601365703,0.0,0.0,0.0,
2021-11-10,99898.66601365703,0.0,0.0,0.0,
2021-11-11,99898.66601365703,0.0,0.0,0.0,
2021-11-12,99898.66601365703,0.0,0.0,0.0,
2021-11-15,99898.66601365703,0.0,0.0,0.0,
2021-11-16,99898.66601365703,0.0,0.0,0.0,
2021-11-17,99898.66601365703,0.0,0.0,0.0,
2021-11-18,99898.66601365703,0.0,0.0,0.0,
2021-11-19,99898.66601365703,0.0,0.0,0.0,
2021-11-22,99898.66601365703,0.0,0.0,0.0,
2021-11-23,99898.66601365703,0.0,0.0,0.0,
2021-11-24,99898.66601365703,0.0,0.0,0.0,
2021-11-26,99898.66601365703,0.0,0.0,0.0,
2021-11-29,99898.66601365703,0.0,0.0,0.0,
2021-11-30,99898.66601365703,0.0,0.0,0.0,
2021-12-01,99898.66601365703,0.0,0.0,0.0,
2021-12-02,99898.66601365703,0.0,0.0,0.0,
2021-12-03,99898.66601365703,0.0,0.0,0.0,
2021-12-06,99898.66601365703,0.0,0.0,0.0,
2021-12-07,99898.66601365703,0.0,0.0,0.0,
2021-12-08,99898.66601365703,0.0,0.0,0.0,
2021-12-09,99898.66601365703,0.0,0.0,0.0,
2021-12-10,99898.66601365703,0.0,0.0,0.0,
2021-12-13,99898.66601365703,0.0,0.0,0.0,
2021-12-14,99898.66601365703,0.0,0.0,0.0,
2021-12-15,99898.66601365703,0.0,0.0,0.0,
2021-12-16,99898.66601365703,0.0,0.0,0.0,
2021-12-17,99898.66601365703,0.0,0.0,0.0,
2021-12-20,99898.66601365703,0.0,0.0,0.0,
2021-12-21,99898.66601365703,0.0,0.0,0.0,
2021-12-22,99898.66601365703,0.0,0.0,0.0,
2021-12-23,99898.66601365703,0.0,0.0,0.0,
2021-12-27,99898.66601365703,0.0,0.0,0.0,
2021-12-28,99898.66601365703,0.0,0.0,0.0,
2021-12-29,99898.66601365703,0.0,0.0,0.0,
2021-12-30,99898.66601365703,0.0,0.0,0.0,
2021-12-31,99898.66601365703,0.0,0.0,0.0,
2022-01-03,99898.66601365703,0.0,0.0,0.0,
2022-01-04,99898.66601365703,0.0,0.0,0.0,
2022-01-05,99898.66601365703,0.0,0.0,0.0,
2022-01-06,99898.66601365703,0.0,0.0,0.0,
2022-01-07,99898.66601365703,0.0,0.0,0.0,
2022-01-10,99898.66601365703,0.0,0.0,0.0,
2022-01-11,99898.66601365703,0.0,0.0,0.0,
2022-01-12,99898.66601365703,0.0,0.0,0.0,
2022-01-13,99898.66601365703,0.0,0.0,0.0,
2022-01-14,99898.66601365703,0.0,0.0,0.0,
2022-01-18,99898.66601365703,0.0,0.0,0.0,
2022-01-19,99898.66601365703,0.0,0.0,0.0,
2022-01-20,99898.66601365703,0.0,0.0,0.0,
2022-01-21,99898.66601365703,0.0,0.0,0.0,
2022-01-24,99898.66601365703,0.0,0.0,0.0,
2022-01-25,99898.66601365703,0.0,0.0,0.0,
2022-01-26,99898.66601365703,0.0,0.0,0.0,
2022-01-27,99898.66601365703,0.0,0.0,0.0,
2022-01-28,99898.66601365703,0.0,0.0,0.0,
2022-01-31,99898.66601365703,0.0,0.0,0.0,
2022-02-01,99898.66601365703,0.0,0.0,0.0,
2022-02-02,99898.66601365703,0.0,0.0,0.0,
2022-02-03,99898.66601365703,0.0,0.0,0.0,
2022-02-04,99898.66601365703,0.0,0.0,0.0,
2022-02-07,99898.66601365703,0.0,0.0,0.0,
2022-02-08,99898.66601365703,0.0,0.0,0.0,
2022-02-09,99898.66601365703,0.0,0.0,0.0,
2022-02-10,99898.66601365703,0.0,0.0,0.0,
2022-02-11,99898.66601365703,0.0,0.0,0.0,
2022-02-14,99898.66601365703,0.0,0.0,0.0,
2022-02-15,99898.66601365703,0.0,0.0,0.0,
2022-02-16,99898.66601365703,0.0,0.0,0.0,
2022-02-17,99898.66601365703,0.0,0.0,0.0,
2022-02-18,99898.66601365703,0.0,0.0,0.0,
2022-02-22,99898.66601365703,0.0,0.0,0.0,
2022-02-23,99898.66601365703,0.0,0.0,0.0,
2022-02-24,99898.66601365703,0.0,0.0,0.0,
2022-02-25,99898.66601365703,0.0,0.0,0.0,
2022-02-28,99898.66601365703,0.0,0.0,0.0,
2022-03-01,99898.66601365703,0.0,0.0,0.0,
2022-03-02,99898.66601365703,0.0,0.0,0.0,
2022-03-03,99898.66601365703,0.0,0.0,0.0,
2022-03-04,99898.66601365703,0.0,0.0,0.0,
2022-03-07,99898.66601365703,0.0,0.0,0.0,
2022-03-08,99898.66601365703,0.0,0.0,0.0,
2022-03-09,99898.66601365703,0.0,0.0,0.0,
2022-03-10,99898.66601365703,0.0,0.0,0.0,
2022-03-11,99898.66601365703,0.0,0.0,0.0,
2022-03-14,99898.66601365703,0.0,0.0,0.0,
2022-03-15,99898.66601365703,0.0,0.0,0.0,
2022-03-16,99898.66601365703,0.0,0.0,0.0,
2022-03-17,99898.66601365703,0.0,0.0,0.0,
2022-03-18,99898.66601365703,0.0,0.0,0.0,
2022-03-21,99898.66601365703,0.0,0.0,0.0,
2022-03-22,99898.66601365703,0.0,0.0,0.0,
2022-03-23,99898.66601365703,0.0,0.0,0.0,
2022-03-24,99898.66601365703,0.0,0.0,0.0,
2022-03-25,99898.66601365703,0.0,0.0,0.0,
2022-03-28,99898.66601365703,0.0,0.0,0.0,
2022-03-29,99898.66601365703,0.0,0.0,0.0,
2022-03-30,99898.66601365703,0.0,0.0,0.0,
2022-03-31,99898.66601365703,0.0,0.0,0.0,
2022-04-01,99898.66601365703,0.0,0.0,0.0,
2022-04-04,99898.66601365703,0.0,0.0,0.0,
2022-04-05,99898.66601365703,0.0,0.0,0.0,
2022-04-06,99898.66601365703,0.0,0.0,0.0,
2022-04-07,99898.66601365703,0.0,0.0,0.0,
2022-04-08,99898.66601365703,0.0,0.0,0.0,
2022-04-11,99898.66601365703,0.0,0.0,0.0,
2022-04-12,99898.66601365703,0.0,0.0,0.0,
2022-04-13,99898.66601365703,0.0,0.0,0.0,
2022-04-14,99898.66601365703,0.0,0.0,0.0,
2022-04-18,99898.66601365703,0.0,0.0,0.0,
2022-04-19,99898.66601365703,0.0,0.0,0.0,
2022-04-20,99898.66601365703,0.0,0.0,0.0,
2022-04-21,99898.66601365703,0.0,0.0,0.0,
2022-04-22,99898.66601365703,0.0,0.0,0.0,
2022-04-25,99898.66601365703,0.0,0.0,0.0,
2022-04-26,99898.66601365703,0.0,0.0,0.0,
2022-04-27,99898.66601365703,0.0,0.0,0.0,
2022-04-28,99898.66601365703,0.0,0.0,0.0,
2022-04-29,99898.66601365703,0.0,0.0,0.0,
2022-05-02,99898.66601365703,0.0,0.0,0.0,
2022-05-03,99898.66601365703,0.0,0.0,0.0,
2022-05-04,99898.66601365703,0.0,0.0,0.0,
2022-05-05,99898.66601365703,0.0,0.0,0.0,
2022-05-06,99898.66601365703,0.0,0.0,0.0,
2022-05-09,99898.66601365703,0.0,0.0,0.0,
2022-05-10,99898.66601365703,0.0,0.0,0.0,
2022-05-11,99898.66601365703,0.0,0.0,0.0,
2022-05-12,99898.66601365703,0.0,0.0,0.0,
2022-05-13,99898.66601365703,0.0,0.0,0.0,
2022-05-16,99898.66601365703,0.0,0.0,0.0,
2022-05-17,99898.66601365703,0.0,0.0,0.0,
2022-05-18,99898.66601365703,0.0,0.0,0.0,
2022-05-19,99898.66601365703,0.0,0.0,0.0,
2022-05-20,99898.66601365703,0.0,0.0,0.0,
2022-05-23,99898.66601365703,0.0,0.0,0.0,
2022-05-24,99898.66601365703,0.0,0.0,0.0,
2022-05-25,99898.66601365703,0.0,0.0,0.0,
2022-05-26,99898.66601365703,0.0,0.0,0.0,
2022-05-27,99898.66601365703,0.0,0.0,0.0,
2022-05-31,99898.66601365703,0.0,0.0,0.0,
2022-06-01,99898.66601365703,0.0,0.0,0.0,
2022-06-02,99898.66601365703,0.0,0.0,0.0,
2022-06-03,99898.66601365703,0.0,0.0,0.0,
2022-06-06,99898.66601365703,0.0,0.0,0.0,
2022-06-07,99898.66601365703,0.0,0.0,0.0,
2022-06-08,99898.66601365703,0.0,0.0,0.0,
2022-06-09,99898.66601365703,0.0,0.0,0.0,
2022-06-10,99898.66601365703,0.0,0.0,0.0,
2022-06-13,99898.66601365703,0.0,0.0,0.0,
2022-06-14,99898.66601365703,0.0,0.0,0.0,
2022-06-15,99898.66601365703,0.0,0.0,0.0,
2022-06-16,99898.66601365703,0.0,0.0,0.0,
2022-06-17,99898.66601365703,0.0,0.0,0.0,
2022-06-21,99898.66601365703,0.0,0.0,0.0,
2022-06-22,99898.66601365703,0.0,0.0,0.0,
2022-06-23,99898.66601365703,0.0,0.0,0.0,
2022-06-24,99898.66601365703,0.0,0.0,0.0,
2022-06-27,99898.66601365703,0.0,0.0,0.0,
2022-06-28,99898.66601365703,0.0,0.0,0.0,
2022-06-29,99898.66601365703,0.0,0.0,0.0,
2022-06-30,99898.66601365703,0.0,0.0,0.0,
2022-07-01,99898.66601365703,0.0,0.0,0.0,
2022-07-05,99898.66601365703,0.0,0.0,0.0,
2022-07-06,99898.66601365703,0.0,0.0,0.0,
2022-07-07,99898.66601365703,0.0,0.0,0.0,
2022-07-08,99898.66601365703,0.0,0.0,0.0,
2022-07-11,99898.66601365703,0.0,0.0,0.0,
2022-07-12,99898.66601365703,0.0,0.0,0.0,
2022-07-13,99898.66601365703,0.0,0.0,0.0,
2022-07-14,99898.66601365703,0.0,0.0,0.0,
2022-07-15,99898.66601365703,0.0,0.0,0.0,
2022-07-18,99898.66601365703,0.0,0.0,0.0,
2022-07-19,99898.66601365703,0.0,0.0,0.0,
2022-07-20,99898.66601365703,0.0,0.0,0.0,
2022-07-21,99898.66601365703,0.0,0.0,0.0,
2022-07-22,99898.66601365703,0.0,0.0,0.0,
2022-07-25,99898.66601365703,0.0,0.0,0.0,
2022-07-26,99898.66601365703,0.0,0.0,0.0,
2022-07-27,99898.66601365703,0.0,0.0,0.0,
2022-07-28,99898.66601365703,0.0,0.0,0.0,
2022-07-29,99898.66601365703,0.0,0.0,0.0,
2022-08-01,99898.66601365703,0.0,0.0,0.0,
2022-08-02,99898.66601365703,0.0,0.0,0.0,
2022-08-03,99898.66601365703,0.0,0.0,0.0,
2022-08-04,99898.66601365703,0.0,0.0,0.0,
2022-08-05,99898.66601365703,0.0,0.0,0.0,
2022-08-08,99898.66601365703,0.0,0.0,0.0,
2022-08-09,99898.66601365703,0.0,0.0,0.0,
2022-08-10,99898.66601365703,0.0,0.0,0.0,
2022-08-11,99898.66601365703,0.0,0.0,0.0,
2022-08-12,99898.66601365703,0.0,0.0,0.0,
2022-08-15,99898.66601365703,0.0,0.0,0.0,
2022-08-16,99898.66601365703,0.0,0.0,0.0,
2022-08-17,99898.66601365703,0.0,0.0,0.0,
2022-08-18,99898.66601365703,0.0,0.0,0.0,
2022-08-19,99898.66601365703,0.0,0.0,0.0,
2022-08-22,99898.66601365703,0.0,0.0,0.0,
2022-08-23,99898.66601365703,0.0,0.0,0.0,
2022-08-24,99898.66601365703,0.0,0.0,0.0,
2022-08-25,99898.66601365703,0.0,0.0,0.0,
2022-08-26,99898.66601365703,0.0,0.0,0.0,
2022-08-29,99898.66601365703,0.0,0.0,0.0,
2022-08-30,99898.66601365703,0.0,0.0,0.0,
2022-08-31,99898.66601365703,0.0,0.0,0.0,
2022-09-01,99898.66601365703,0.0,0.0,0.0,
2022-09-02,99898.66601365703,0.0,0.0,0.0,
2022-09-06,99898.66601365703,0.0,0.0,0.0,
2022-09-07,99898.66601365703,0.0,0.0,0.0,
2022-09-08,99898.66601365703,0.0,0.0,0.0,
2022-09-09,99898.66601365703,0.0,0.0,0.0,
2022-09-12,99898.66601365703,0.0,0.0,0.0,
2022-09-13,99898.66601365703,0.0,0.0,0.0,
2022-09-14,99898.66601365703,0.0,0.0,0.0,
2022-09-15,99898.66601365703,0.0,0.0,0.0,
2022-09-16,99898.66601365703,0.0,0.0,0.0,
2022-09-19,99898.66601365703,0.0,0.0,0.0,
2022-09-20,99898.66601365703,0.0,0.0,0.0,
2022-09-21,99898.66601365703,0.0,0.0,0.0,
2022-09-22,99898.66601365703,0.0,0.0,0.0,
2022-09-23,99898.66601365703,0.0,0.0,0.0,
2022-09-26,99898.66601365703,0.0,0.0,0.0,
2022-09-27,99898.66601365703,0.0,0.0,0.0,
2022-09-28,99898.66601365703,0.0,0.0,0.0,
2022-09-29,99898.66601365703,0.0,0.0,0.0,
2022-09-30,99898.66601365703,0.0,0.0,0.0,
2022-10-03,99898.66601365703,0.0,0.0,0.0,
2022-10-04,99898.66601365703,0.0,0.0,0.0,
2022-10-05,99898.66601365703,0.0,0.0,0.0,
2022-10-06,99898.66601365703,0.0,0.0,0.0,
2022-10-07,99898.66601365703,0.0,0.0,0.0,
2022-10-10,99898.66601365703,0.0,0.0,0.0,
2022-10-11,99898.66601365703,0.0,0.0,0.0,
2022-10-12,99898.66601365703,0.0,0.0,0.0,
2022-10-13,99898.66601365703,0.0,0.0,0.0,
2022-10-14,99898.66601365703,0.0,0.0,0.0,
2022-10-17,99898.66601365703,0.0,0.0,0.0,
2022-10-18,99898.66601365703,0.0,0.0,0.0,
2022-10-19,99898.66601365703,0.0,0.0,0.0,
2022-10-20,99898.66601365703,0.0,0.0,0.0,
2022-10-21,99898.66601365703,0.0,0.0,0.0,
2022-10-24,99898.66601365703,0.0,0.0,0.0,
2022-10-25,99898.66601365703,0.0,0.0,0.0,
2022-10-26,99898.66601365703,0.0,0.0,0.0,
2022-10-27,99898.66601365703,0.0,0.0,0.0,
2022-10-28,99898.66601365703,0.0,0.0,0.0,
2022-10-31,99898.66601365703,0.0,0.0,0.0,
2022-11-01,99898.66601365703,0.0,0.0,0.0,
2022-11-02,99898.66601365703,0.0,0.0,0.0,
2022-11-03,99898.66601365703,0.0,0.0,0.0,
2022-11-04,99898.66601365703,0.0,0.0,0.0,
2022-11-07,99898.66601365703,0.0,0.0,0.0,
2022-11-08,99898.66601365703,0.0,0.0,0.0,
2022-11-09,99898.66601365703,0.0,0.0,0.0,
2022-11-10,99898.66601365703,0.0,0.0,0.0,
2022-11-11,99898.66601365703,0.0,0.0,0.0,
2022-11-14,99898.66601365703,0.0,0.0,0.0,
2022-11-15,99898.66601365703,0.0,0.0,0.0,
2022-11-16,99898.66601365703,0.0,0.0,0.0,
2022-11-17,99898.66601365703,0.0,0.0,0.0,
2022-11-18,99898.66601365703,0.0,0.0,0.0,
2022-11-21,99898.66601365703,0.0,0.0,0.0,
2022-11-22,99898.66601365703,0.0,0.0,0.0,
2022-11-23,99898.66601365703,0.0,0.0,0.0,
2022-11-25,99898.66601365703,0.0,0.0,0.0,
2022-11-28,99898.66601365703,0.0,0.0,0.0,
2022-11-29,99898.66601365703,0.0,0.0,0.0,
2022-11-30,99898.66601365703,0.0,0.0,0.0,
2022-12-01,99898.66601365703,0.0,0.0,0.0,
2022-12-02,99898.66601365703,0.0,0.0,0.0,
2022-12-05,99898.66601365703,0.0,0.0,0.0,
2022-12-06,99898.66601365703,0.0,0.0,0.0,
2022-12-07,99898.66601365703,0.0,0.0,0.0,
2022-12-08,99898.66601365703,0.0,0.0,0.0,
2022-12-09,99898.66601365703,0.0,0.0,0.0,
2022-12-12,99898.66601365703,0.0,0.0,0.0,
2022-12-13,99898.66601365703,0.0,0.0,0.0,
2022-12-14,99898.66601365703,0.0,0.0,0.0,
2022-12-15,99898.66601365703,0.0,0.0,0.0,
2022-12-16,99898.66601365703,0.0,0.0,0.0,
2022-12-19,99898.66601365703,0.0,0.0,0.0,
2022-12-20,99898.66601365703,0.0,0.0,0.0,
2022-12-21,99898.66601365703,0.0,0.0,0.0,
2022-12-22,99898.66601365703,0.0,0.0,0.0,
2022-12-23,99898.66601365703,0.0,0.0,0.0,
2022-12-27,99898.66601365703,0.0,0.0,0.0,
2022-12-28,99898.66601365703,0.0,0.0,0.0,
2022-12-29,99898.66601365703,0.0,0.0,0.0,
2022-12-30,99898.66601365703,0.0,0.0,0.0,
2023-01-03,99898.66601365703,0.0,0.0,0.0,
2023-01-04,99898.66601365703,0.0,0.0,0.0,
2023-01-05,99898.66601365703,0.0,0.0,0.0,
2023-01-06,99898.66601365703,0.0,0.0,0.0,
2023-01-09,99898.66601365703,0.0,0.0,0.0,
2023-01-10,99898.66601365703,0.0,0.0,0.0,
2023-01-11,99898.66601365703,0.0,0.0,0.0,
2023-01-12,99898.66601365703,0.0,0.0,0.0,
2023-01-13,99898.66601365703,0.0,0.0,0.0,
2023-01-17,99898.66601365703,0.0,0.0,0.0,
2023-01-18,99898.66601365703,0.0,0.0,0.0,
2023-01-19,99898.66601365703,0.0,0.0,0.0,
2023-01-20,99898.66601365703,0.0,0.0,0.0,
2023-01-23,99898.66601365703,0.0,0.0,0.0,
2023-01-24,99898.66601365703,0.0,0.0,0.0,
2023-01-25,99898.66601365703,0.0,0.0,0.0,
2023-01-26,99898.66601365703,0.0,0.0,0.0,
2023-01-27,99898.66601365703,0.0,0.0,0.0,
2023-01-30,99898.66601365703,0.0,0.0,0.0,
2023-01-31,99898.66601365703,0.0,0.0,0.0,
2023-02-01,99898.66601365703,0.0,0.0,0.0,
2023-02-02,99898.66601365703,0.0,0.0,0.0,
2023-02-03,99898.66601365703,0.0,0.0,0.0,
2023-02-06,99898.66601365703,0.0,0.0,0.0,
2023-02-07,99898.66601365703,0.0,0.0,0.0,
2023-02-08,99898.66601365703,0.0,0.0,0.0,
2023-02-09,99898.66601365703,0.0,0.0,0.0,
2023-02-10,99898.66601365703,0.0,0.0,0.0,
2023-02-13,99898.66601365703,0.0,0.0,0.0,
2023-02-14,99898.66601365703,0.0,0.0,0.0,
2023-02-15,99898.66601365703,0.0,0.0,0.0,
2023-02-16,99898.66601365703,0.0,0.0,0.0,
2023-02-17,99898.66601365703,0.0,0.0,0.0,
2023-02-21,99898.66601365703,0.0,0.0,0.0,
2023-02-22,99898.66601365703,0.0,0.0,0.0,
2023-02-23,99898.66601365703,0.0,0.0,0.0,
2023-02-24,99898.66601365703,0.0,0.0,0.0,
2023-02-27,99898.66601365703,0.0,0.0,0.0,
2023-02-28,99898.66601365703,0.0,0.0,0.0,
2023-03-01,99898.66601365703,0.0,0.0,0.0,
2023-03-02,99898.66601365703,0.0,0.0,0.0,
2023-03-03,99898.66601365703,0.0,0.0,0.0,
2023-03-06,99898.66601365703,0.0,0.0,0.0,
2023-03-07,99898.66601365703,0.0,0.0,0.0,
2023-03-08,99898.66601365703,0.0,0.0,0.0,
2023-03-09,99898.66601365703,0.0,0.0,0.0,
2023-03-10,99898.66601365703,0.0,0.0,0.0,
2023-03-13,99898.66601365703,0.0,0.0,0.0,
2023-03-14,99898.66601365703,0.0,0.0,0.0,
2023-03-15,99898.66601365703,0.0,0.0,0.0,
2023-03-16,99898.66601365703,0.0,0.0,0.0,
2023-03-17,99898.66601365703,0.0,0.0,0.0,
2023-03-20,99898.66601365703,0.0,0.0,0.0,
2023-03-21,99898.66601365703,0.0,0.0,0.0,
2023-03-22,99898.66601365703,0.0,0.0,0.0,
2023-03-23,99898.66601365703,0.0,0.0,0.0,
2023-03-24,99898.66601365703,0.0,0.0,0.0,
2023-03-27,99898.66601365703,0.0,0.0,0.0,
2023-03-28,99898.66601365703,0.0,0.0,0.0,
2023-03-29,99898.66601365703,0.0,0.0,0.0,
2023-03-30,99898.66601365703,0.0,0.0,0.0,
2023-03-31,99898.66601365703,0.0,0.0,0.0,
2023-04-03,99898.66601365703,0.0,0.0,0.0,
2023-04-04,99898.66601365703,0.0,0.0,0.0,
2023-04-05,99898.66601365703,0.0,0.0,0.0,
2023-04-06,99898.66601365703,0.0,0.0,0.0,
2023-04-10,99898.66601365703,0.0,0.0,0.0,
2023-04-11,99898.66601365703,0.0,0.0,0.0,
2023-04-12,99898.66601365703,0.0,0.0,0.0,
2023-04-13,99898.66601365703,0.0,0.0,0.0,
2023-04-14,99898.66601365703,0.0,0.0,0.0,
2023-04-17,99898.66601365703,0.0,0.0,0.0,
2023-04-18,99898.66601365703,0.0,0.0,0.0,
2023-04-19,99898.66601365703,0.0,0.0,0.0,
2023-04-20,99898.66601365703,0.0,0.0,0.0,
2023-04-21,99898.66601365703,0.0,0.0,0.0,
2023-04-24,99898.66601365703,0.0,0.0,0.0,
2023-04-25,99898.66601365703,0.0,0.0,0.0,
2023-04-26,99898.66601365703,0.0,0.0,0.0,
2023-04-27,99898.66601365703,0.0,0.0,0.0,
2023-04-28,99898.66601365703,0.0,0.0,0.0,
2023-05-01,99898.66601365703,0.0,0.0,0.0,
2023-05-02,99898.66601365703,0.0,0.0,0.0,
2023-05-03,99898.66601365703,0.0,0.0,0.0,
2023-05-04,99898.66601365703,0.0,0.0,0.0,
2023-05-05,99898.66601365703,0.0,0.0,0.0,
2023-05-08,99898.66601365703,0.0,0.0,0.0,
2023-05-09,99898.66601365703,0.0,0.0,0.0,
2023-05-10,99898.66601365703,0.0,0.0,0.0,
2023-05-11,99898.66601365703,0.0,0.0,0.0,
2023-05-12,99898.66601365703,0.0,0.0,0.0,
2023-05-15,99898.66601365703,0.0,0.0,0.0,
2023-05-16,99898.66601365703,0.0,0.0,0.0,
2023-05-17,99898.66601365703,0.0,0.0,0.0,
2023-05-18,99898.66601365703,0.0,0.0,0.0,
2023-05-19,99898.66601365703,0.0,0.0,0.0,
2023-05-22,99898.66601365703,0.0,0.0,0.0,
2023-05-23,99898.66601365703,0.0,0.0,0.0,
2023-05-24,99898.66601365703,0.0,0.0,0.0,
2023-05-25,99898.66601365703,0.0,0.0,0.0,
2023-05-26,99898.66601365703,0.0,0.0,0.0,
2023-05-30,99898.66601365703,0.0,0.0,0.0,
2023-05-31,99898.66601365703,0.0,0.0,0.0,
2023-06-01,99898.66601365703,0.0,0.0,0.0,
2023-06-02,99898.66601365703,0.0,0.0,0.0,
2023-06-05,99898.66601365703,0.0,0.0,0.0,
2023-06-06,99898.66601365703,0.0,0.0,0.0,
2023-06-07,99898.66601365703,0.0,0.0,0.0,
2023-06-08,99898.66601365703,0.0,0.0,0.0,
2023-06-09,99898.66601365703,0.0,0.0,0.0,
2023-06-12,99898.66601365703,0.0,0.0,0.0,
2023-06-13,99898.66601365703,0.0,0.0,0.0,
2023-06-14,99898.66601365703,0.0,0.0,0.0,
2023-06-15,99898.66601365703,0.0,0.0,0.0,
2023-06-16,99898.66601365703,0.0,0.0,0.0,
2023-06-20,99898.66601365703,0.0,0.0,0.0,
2023-06-21,99898.66601365703,0.0,0.0,0.0,
2023-06-22,99898.66601365703,0.0,0.0,0.0,
2023-06-23,99898.66601365703,0.0,0.0,0.0,
2023-06-26,99898.66601365703,0.0,0.0,0.0,
2023-06-27,99898.66601365703,0.0,0.0,0.0,
2023-06-28,99898.66601365703,0.0,0.0,0.0,
2023-06-29,99898.66601365703,0.0,0.0,0.0,
2023-06-30,99898.66601365703,0.0,0.0,0.0,
2023-07-03,99898.66601365703,0.0,0.0,0.0,
2023-07-05,99898.66601365703,0.0,0.0,0.0,
2023-07-06,99898.66601365703,0.0,0.0,0.0,
2023-07-07,99898.66601365703,0.0,0.0,0.0,
2023-07-10,99898.66601365703,0.0,0.0,0.0,
2023-07-11,99898.66601365703,0.0,0.0,0.0,
2023-07-12,99898.66601365703,0.0,0.0,0.0,
2023-07-13,99898.66601365703,0.0,0.0,0.0,
2023-07-14,99898.66601365703,0.0,0.0,0.0,
2023-07-17,99898.66601365703,0.0,0.0,0.0,
2023-07-18,99898.66601365703,0.0,0.0,0.0,
2023-07-19,99898.66601365703,0.0,0.0,0.0,
2023-07-20,99898.66601365703,0.0,0.0,0.0,
2023-07-21,99898.66601365703,0.0,0.0,0.0,
2023-07-24,99898.66601365703,0.0,0.0,0.0,
2023-07-25,99898.66601365703,0.0,0.0,0.0,
2023-07-26,99898.66601365703,0.0,0.0,0.0,
2023-07-27,99898.66601365703,0.0,0.0,0.0,
2023-07-28,99898.66601365703,0.0,0.0,0.0,
2023-07-31,99898.66601365703,0.0,0.0,0.0,
2023-08-01,99898.66601365703,0.0,0.0,0.0,
2023-08-02,99898.66601365703,0.0,0.0,0.0,
2023-08-03,99898.66601365703,0.0,0.0,0.0,
2023-08-04,99898.66601365703,0.0,0.0,0.0,
2023-08-07,99898.66601365703,0.0,0.0,0.0,
2023-08-08,99898.66601365703,0.0,0.0,0.0,
2023-08-09,99898.66601365703,0.0,0.0,0.0,
2023-08-10,99898.66601365703,0.0,0.0,0.0,
2023-08-11,99898.66601365703,0.0,0.0,0.0,
2023-08-14,99898.66601365703,0.0,0.0,0.0,
2023-08-15,99898.66601365703,0.0,0.0,0.0,
2023-08-16,99898.66601365703,0.0,0.0,0.0,
2023-08-17,99898.66601365703,0.0,0.0,0.0,
2023-08-18,99898.66601365703,0.0,0.0,0.0,
2023-08-21,99898.66601365703,0.0,0.0,0.0,
2023-08-22,99898.66601365703,0.0,0.0,0.0,
2023-08-23,99898.66601365703,0.0,0.0,0.0,
2023-08-24,99898.66601365703,0.0,0.0,0.0,
2023-08-25,99898.66601365703,0.0,0.0,0.0,
2023-08-28,99898.66601365703,0.0,0.0,0.0,
2023-08-29,99898.66601365703,0.0,0.0,0.0,
2023-08-30,99898.66601365703,0.0,0.0,0.0,
2023-08-31,99898.66601365703,0.0,0.0,0.0,
2023-09-01,99898.66601365703,0.0,0.0,0.0,
2023-09-05,99898.66601365703,0.0,0.0,0.0,
2023-09-06,99898.66601365703,0.0,0.0,0.0,
2023-09-07,99898.66601365703,0.0,0.0,0.0,
2023-09-08,99898.66601365703,0.0,0.0,0.0,
2023-09-11,99898.66601365703,0.0,0.0,0.0,
2023-09-12,99898.66601365703,0.0,0.0,0.0,
2023-09-13,99898.66601365703,0.0,0.0,0.0,
2023-09-14,99898.66601365703,0.0,0.0,0.0,
2023-09-15,99898.66601365703,0.0,0.0,0.0,
2023-09-18,99898.66601365703,0.0,0.0,0.0,
2023-09-19,99898.66601365703,0.0,0.0,0.0,
2023-09-20,99898.66601365703,0.0,0.0,0.0,
2023-09-21,99898.66601365703,0.0,0.0,0.0,
2023-09-22,99898.66601365703,0.0,0.0,0.0,
2023-09-25,99898.66601365703,0.0,0.0,0.0,
2023-09-26,99898.66601365703,0.0,0.0,0.0,
2023-09-27,99898.66601365703,0.0,0.0,0.0,
2023-09-28,99898.66601365703,0.0,0.0,0.0,
2023-09-29,99898.66601365703,0.0,0.0,0.0,
2023-10-02,99898.66601365703,0.0,0.0,0.0,
2023-10-03,99898.66601365703,0.0,0.0,0.0,
2023-10-04,99898.66601365703,0.0,0.0,0.0,
2023-10-05,99898.66601365703,0.0,0.0,0.0,
2023-10-06,99898.66601365703,0.0,0.0,0.0,
2023-10-09,99898.66601365703,0.0,0.0,0.0,
2023-10-10,99898.66601365703,0.0,0.0,0.0,
2023-10-11,99898.66601365703,0.0,0.0,0.0,
2023-10-12,99898.66601365703,0.0,0.0,0.0,
2023-10-13,99898.66601365703,0.0,0.0,0.0,
2023-10-16,99898.66601365703,0.0,0.0,0.0,
2023-10-17,99898.66601365703,0.0,0.0,0.0,
2023-10-18,99898.66601365703,0.0,0.0,0.0,
2023-10-19,99898.66601365703,0.0,0.0,0.0,
2023-10-20,99898.66601365703,0.0,0.0,0.0,
2023-10-23,99898.66601365703,0.0,0.0,0.0,
2023-10-24,99898.66601365703,0.0,0.0,0.0,
2023-10-25,99898.66601365703,0.0,0.0,0.0,
2023-10-26,99898.66601365703,0.0,0.0,0.0,
2023-10-27,99898.66601365703,0.0,0.0,0.0,
2023-10-30,99898.66601365703,0.0,0.0,0.0,
2023-10-31,99898.66601365703,0.0,0.0,0.0,
2023-11-01,99898.66601365703,0.0,0.0,0.0,
2023-11-02,99898.66601365703,0.0,0.0,0.0,
2023-11-03,99898.66601365703,0.0,0.0,0.0,
2023-11-06,99898.66601365703,0.0,0.0,0.0,
2023-11-07,99898.66601365703,0.0,0.0,0.0,
2023-11-08,99898.66601365703,0.0,0.0,0.0,
2023-11-09,99898.66601365703,0.0,0.0,0.0,
2023-11-10,99898.66601365703,0.0,0.0,0.0,
2023-11-13,99898.66601365703,0.0,0.0,0.0,
2023-11-14,99898.66601365703,0.0,0.0,0.0,
2023-11-15,99898.66601365703,0.0,0.0,0.0,
2023-11-16,99898.66601365703,0.0,0.0,0.0,
2023-11-17,99898.66601365703,0.0,0.0,0.0,
2023-11-20,99898.66601365703,0.0,0.0,0.0,
2023-11-21,99898.66601365703,0.0,0.0,0.0,
2023-11-22,99898.66601365703,0.0,0.0,0.0,
2023-11-24,99898.66601365703,0.0,0.0,0.0,
2023-11-27,99898.66601365703,0.0,0.0,0.0,
2023-11-28,99898.66601365703,0.0,0.0,0.0,
2023-11-29,99898.66601365703,0.0,0.0,0.0,
2023-11-30,99898.66601365703,0.0,0.0,0.0,
2023-12-01,99898.66601365703,0.0,0.0,0.0,
2023-12-04,99898.66601365703,0.0,0.0,0.0,
2023-12-05,99898.66601365703,0.0,0.0,0.0,
2023-12-06,99898.66601365703,0.0,0.0,0.0,
2023-12-07,99898.66601365703,0.0,0.0,0.0,
2023-12-08,99898.66601365703,0.0,0.0,0.0,
2023-12-11,99898.66601365703,0.0,0.0,0.0,
2023-12-12,99898.66601365703,0.0,0.0,0.0,
2023-12-13,99898.66601365703,0.0,0.0,0.0,
2023-12-14,99898.66601365703,0.0,0.0,0.0,
2023-12-15,99898.66601365703,0.0,0.0,0.0,
2023-12-18,99898.66601365703,0.0,0.0,0.0,
2023-12-19,99898.66601365703,0.0,0.0,0.0,
2023-12-20,99898.66601365703,0.0,0.0,0.0,
2023-12-21,99898.66601365703,0.0,0.0,0.0,
2023-12-22,99898.66601365703,0.0,0.0,0.0,
2023-12-26,99898.66601365703,0.0,0.0,0.0,
2023-12-27,99898.66601365703,0.0,0.0,0.0,
2023-12-28,99898.66601365703,0.0,0.0,0.0,
2023-12-29,99898.66601365703,0.0,0.0,0.0,
2024-01-02,99898.66601365703,0.0,0.0,0.0,
2024-01-03,99898.66601365703,0.0,0.0,0.0,
2024-01-04,99898.66601365703,0.0,0.0,0.0,
2024-01-05,99898.66601365703,0.0,0.0,0.0,
2024-01-08,99898.66601365703,0.0,0.0,0.0,
2024-01-09,99898.66601365703,0.0,0.0,0.0,
2024-01-10,99898.66601365703,0.0,0.0,0.0,
2024-01-11,99898.66601365703,0.0,0.0,0.0,
2024-01-12,99898.66601365703,0.0,0.0,0.0,
2024-01-16,99898.66601365703,0.0,0.0,0.0,
2024-01-17,99898.66601365703,0.0,0.0,0.0,
2024-01-18,99898.66601365703,0.0,0.0,0.0,
2024-01-19,99898.66601365703,0.0,0.0,0.0,
2024-01-22,99898.66601365703,0.0,0.0,0.0,
2024-01-23,99898.66601365703,0.0,0.0,0.0,
2024-01-24,99898.66601365703,0.0,0.0,0.0,
2024-01-25,99898.66601365703,0.0,0.0,0.0,
2024-01-26,99898.66601365703,0.0,0.0,0.0,
2024-01-29,99898.66601365703,0.0,0.0,0.0,
2024-01-30,99898.66601365703,0.0,0.0,0.0,
2024-01-31,99898.66601365703,0.0,0.0,0.0,
2024-02-01,99898.66601365703,0.0,0.0,0.0,
2024-02-02,99898.66601365703,0.0,0.0,0.0,
2024-02-05,99898.66601365703,0.0,0.0,0.0,
2024-02-06,99898.66601365703,0.0,0.0,0.0,
2024-02-07,99898.66601365703,0.0,0.0,0.0,
2024-02-08,99898.66601365703,0.0,0.0,0.0,
2024-02-09,99898.66601365703,0.0,0.0,0.0,
2024-02-12,99898.66601365703,0.0,0.0,0.0,
2024-02-13,99898.66601365703,0.0,0.0,0.0,
2024-02-14,99898.66601365703,0.0,0.0,0.0,
2024-02-15,99898.66601365703,0.0,0.0,0.0,
2024-02-16,99898.66601365703,0.0,0.0,0.0,
2024-02-20,99898.66601365703,0.0,0.0,0.0,
2024-02-21,99898.66601365703,0.0,0.0,0.0,
2024-02-22,99898.66601365703,0.0,0.0,0.0,
2024-02-23,99898.66601365703,0.0,0.0,0.0,
2024-02-26,99898.66601365703,0.0,0.0,0.0,
2024-02-27,99898.66601365703,0.0,0.0,0.0,
2024-02-28,99898.66601365703,0.0,0.0,0.0,
2024-02-29,99898.66601365703,0.0,0.0,0.0,
2024-03-01,99898.66601365703,0.0,0.0,0.0,
2024-03-04,99898.66601365703,0.0,0.0,0.0,
2024-03-05,99898.66601365703,0.0,0.0,0.0,
2024-03-06,99898.66601365703,0.0,0.0,0.0,
2024-03-07,99898.66601365703,0.0,0.0,0.0,
2024-03-08,99898.66601365703,0.0,0.0,0.0,
2024-03-11,99898.66601365703,0.0,0.0,0.0,
2024-03-12,99898.66601365703,0.0,0.0,0.0,
2024-03-13,99898.66601365703,0.0,0.0,0.0,
2024-03-14,99898.66601365703,0.0,0.0,0.0,
2024-03-15,99898.66601365703,0.0,0.0,0.0,
2024-03-18,99898.66601365703,0.0,0.0,0.0,
2024-03-19,99898.66601365703,0.0,0.0,0.0,
2024-03-20,99898.66601365703,0.0,0.0,0.0,
2024-03-21,99898.66601365703,0.0,0.0,0.0,
2024-03-22,99898.66601365703,0.0,0.0,0.0,
2024-03-25,99898.66601365703,0.0,0.0,0.0,
2024-03-26,99898.66601365703,0.0,0.0,0.0,
2024-03-27,99898.66601365703,0.0,0.0,0.0,
2024-03-28,99898.66601365703,0.0,0.0,0.0,
2024-04-01,99898.66601365703,0.0,0.0,0.0,
2024-04-02,99898.66601365703,0.0,0.0,0.0,
2024-04-03,99898.66601365703,0.0,0.0,0.0,
2024-04-04,99898.66601365703,0.0,0.0,0.0,
2024-04-05,99898.66601365703,0.0,0.0,0.0,
2024-04-08,99898.66601365703,0.0,0.0,0.0,
2024-04-09,99898.66601365703,0.0,0.0,0.0,
2024-04-10,99898.66601365703,0.0,0.0,0.0,
2024-04-11,99898.66601365703,0.0,0.0,0.0,
2024-04-12,99898.66601365703,0.0,0.0,0.0,
2024-04-15,99898.66601365703,0.0,0.0,0.0,
2024-04-16,99898.66601365703,0.0,0.0,0.0,
2024-04-17,99898.66601365703,0.0,0.0,0.0,
2024-04-18,99898.66601365703,0.0,0.0,0.0,
2024-04-19,99898.66601365703,0.0,0.0,0.0,
2024-04-22,99898.66601365703,0.0,0.0,0.0,
2024-04-23,99898.66601365703,0.0,0.0,0.0,
2024-04-24,99898.66601365703,0.0,0.0,0.0,
2024-04-25,99898.66601365703,0.0,0.0,0.0,
2024-04-26,99898.66601365703,0.0,0.0,0.0,
2024-04-29,99898.66601365703,0.0,0.0,0.0,
2024-04-30,99898.66601365703,0.0,0.0,0.0,
2024-05-01,99898.66601365703,0.0,0.0,0.0,
2024-05-02,99898.66601365703,0.0,0.0,0.0,
2024-05-03,99898.66601365703,0.0,0.0,0.0,
2024-05-06,99898.66601365703,0.0,0.0,0.0,
2024-05-07,99898.66601365703,0.0,0.0,0.0,
2024-05-08,99898.66601365703,0.0,0.0,0.0,
2024-05-09,99898.66601365703,0.0,0.0,0.0,
2024-05-10,99898.66601365703,0.0,0.0,0.0,
2024-05-13,99898.66601365703,0.0,0.0,0.0,
2024-05-14,99898.66601365703,0.0,0.0,0.0,
2024-05-15,99898.66601365703,0.0,0.0,0.0,
2024-05-16,99898.66601365703,0.0,0.0,0.0,
2024-05-17,99898.66601365703,0.0,0.0,0.0,
2024-05-20,99898.66601365703,0.0,0.0,0.0,
2024-05-21,99898.66601365703,0.0,0.0,0.0,
2024-05-22,99898.66601365703,0.0,0.0,0.0,
2024-05-23,99898.66601365703,0.0,0.0,0.0,
2024-05-24,99898.66601365703,0.0,0.0,0.0,
2024-05-28,99898.66601365703,0.0,0.0,0.0,
2024-05-29,99898.66601365703,0.0,0.0,0.0,
2024-05-30,99898.66601365703,0.0,0.0,0.0,
2024-05-31,99898.66601365703,0.0,0.0,0.0,
2024-06-03,99898.66601365703,0.0,0.0,0.0,
2024-06-04,99898.66601365703,0.0,0.0,0.0,
2024-06-05,99898.66601365703,0.0,0.0,0.0,
2024-06-06,99898.66601365703,0.0,0.0,0.0,
2024-06-07,99898.66601365703,0.0,0.0,0.0,
2024-06-10,99898.66601365703,0.0,0.0,0.0,
2024-06-11,99898.66601365703,0.0,0.0,0.0,
2024-06-12,99898.66601365703,0.0,0.0,0.0,
2024-06-13,99898.66601365703,0.0,0.0,0.0,
2024-06-14,99898.66601365703,0.0,0.0,0.0,
2024-06-17,99898.66601365703,0.0,0.0,0.0,
2024-06-18,99898.66601365703,0.0,0.0,0.0,
2024-06-20,99898.66601365703,0.0,0.0,0.0,
2024-06-21,99898.66601365703,0.0,0.0,0.0,
2024-06-24,99898.66601365703,0.0,0.0,0.0,
2024-06-25,99898.66601365703,0.0,0.0,0.0,
2024-06-26,99898.66601365703,0.0,0.0,0.0,
2024-06-27,99898.66601365703,0.0,0.0,0.0,
2024-06-28,99898.66601365703,0.0,0.0,0.0,
2024-07-01,99898.66601365703,0.0,0.0,0.0,
2024-07-02,99898.66601365703,0.0,0.0,0.0,
2024-07-03,99898.66601365703,0.0,0.0,0.0,
2024-07-05,99898.66601365703,0.0,0.0,0.0,
2024-07-08,99898.66601365703,0.0,0.0,0.0,
2024-07-09,99898.66601365703,0.0,0.0,0.0,
2024-07-10,99898.66601365703,0.0,0.0,0.0,
2024-07-11,99898.66601365703,0.0,0.0,0.0,
2024-07-12,99898.66601365703,0.0,0.0,0.0,
2024-07-15,99898.66601365703,0.0,0.0,0.0,
2024-07-16,99898.66601365703,0.0,0.0,0.0,
2024-07-17,99898.66601365703,0.0,0.0,0.0,
2024-07-18,99898.66601365703,0.0,0.0,0.0,
2024-07-19,99898.66601365703,0.0,0.0,0.0,
2024-07-22,99898.66601365703,0.0,0.0,0.0,
2024-07-23,99898.66601365703,0.0,0.0,0.0,
2024-07-24,99898.66601365703,0.0,0.0,0.0,
2024-07-25,99898.66601365703,0.0,0.0,0.0,
2024-07-26,99898.66601365703,0.0,0.0,0.0,
2024-07-29,99898.66601365703,0.0,0.0,0.0,
2024-07-30,99898.66601365703,0.0,0.0,0.0,
2024-07-31,99898.66601365703,0.0,0.0,0.0,
2024-08-01,99898.66601365703,0.0,0.0,0.0,
2024-08-02,99898.66601365703,0.0,0.0,0.0,
2024-08-05,99898.66601365703,0.0,0.0,0.0,
2024-08-06,99898.66601365703,0.0,0.0,0.0,
2024-08-07,99898.66601365703,0.0,0.0,0.0,
2024-08-08,99898.66601365703,0.0,0.0,0.0,
2024-08-09,99898.66601365703,0.0,0.0,0.0,
2024-08-12,99898.66601365703,0.0,0.0,0.0,
2024-08-13,99898.66601365703,0.0,0.0,0.0,
2024-08-14,99898.66601365703,0.0,0.0,0.0,
2024-08-15,99898.66601365703,0.0,0.0,0.0,
2024-08-16,99898.66601365703,0.0,0.0,0.0,
2024-08-19,99898.66601365703,0.0,0.0,0.0,
2024-08-20,99898.66601365703,0.0,0.0,0.0,
2024-08-21,99898.66601365703,0.0,0.0,0.0,
2024-08-22,99898.66601365703,0.0,0.0,0.0,
2024-08-23,99898.66601365703,0.0,0.0,0.0,
2024-08-26,99898.66601365703,0.0,0.0,0.0,
2024-08-27,99898.66601365703,0.0,0.0,0.0,
2024-08-28,99898.66601365703,0.0,0.0,0.0,
2024-08-29,99898.66601365703,0.0,0.0,0.0,
2024-08-30,99898.66601365703,0.0,0.0,0.0,
2024-09-03,99898.66601365703,0.0,0.0,0.0,
2024-09-04,99898.66601365703,0.0,0.0,0.0,
2024-09-05,99898.66601365703,0.0,0.0,0.0,
2024-09-06,99898.66601365703,0.0,0.0,0.0,
2024-09-09,99898.66601365703,0.0,0.0,0.0,
2024-09-10,99898.66601365703,0.0,0.0,0.0,
2024-09-11,99898.66601365703,0.0,0.0,0.0,
2024-09-12,99898.66601365703,0.0,0.0,0.0,
2024-09-13,99898.66601365703,0.0,0.0,0.0,
2024-09-16,99898.66601365703,0.0,0.0,0.0,
2024-09-17,99898.66601365703,0.0,0.0,0.0,
2024-09-18,99898.66601365703,0.0,0.0,0.0,
2024-09-19,99898.66601365703,0.0,0.0,0.0,
2024-09-20,99898.66601365703,0.0,0.0,0.0,
2024-09-23,99898.66601365703,0.0,0.0,0.0,
2024-09-24,99898.66601365703,0.0,0.0,0.0,
2024-09-25,99898.66601365703,0.0,0.0,0.0,
2024-09-26,99898.66601365703,0.0,0.0,0.0,
2024-09-27,99898.66601365703,0.0,0.0,0.0,
2024-09-30,99898.66601365703,0.0,0.0,0.0,
2024-10-01,99898.66601365703,0.0,0.0,0.0,
2024-10-02,99898.66601365703,0.0,0.0,0.0,
2024-10-03,99898.66601365703,0.0,0.0,0.0,
2024-10-04,99898.66601365703,0.0,0.0,0.0,
2024-10-07,99898.66601365703,0.0,0.0,0.0,
2024-10-08,99898.66601365703,0.0,0.0,0.0,
2024-10-09,99898.66601365703,0.0,0.0,0.0,
2024-10-10,99898.66601365703,0.0,0.0,0.0,
2024-10-11,99898.66601365703,0.0,0.0,0.0,
2024-10-14,99898.66601365703,0.0,0.0,0.0,
2024-10-15,99898.66601365703,0.0,0.0,0.0,
2024-10-16,99898.66601365703,0.0,0.0,0.0,
2024-10-17,99898.66601365703,0.0,0.0,0.0,
2024-10-18,99898.66601365703,0.0,0.0,0.0,
2024-10-21,99898.66601365703,0.0,0.0,0.0,
2024-10-22,99898.66601365703,0.0,0.0,0.0,
2024-10-23,99898.66601365703,0.0,0.0,0.0,
2024-10-24,99898.66601365703,0.0,0.0,0.0,
2024-10-25,99898.66601365703,0.0,0.0,0.0,
2024-10-28,99898.66601365703,0.0,0.0,0.0,
2024-10-29,99898.66601365703,0.0,0.0,0.0,
2024-10-30,99898.66601365703,0.0,0.0,0.0,
2024-10-31,99898.66601365703,0.0,0.0,0.0,
2024-11-01,99898.66601365703,0.0,0.0,0.0,
2024-11-04,99898.66601365703,0.0,0.0,0.0,
2024-11-05,99898.66601365703,0.0,0.0,0.0,
2024-11-06,99898.66601365703,0.0,0.0,0.0,
2024-11-07,99898.66601365703,0.0,0.0,0.0,
2024-11-08,99898.66601365703,0.0,0.0,0.0,
2024-11-11,99898.66601365703,0.0,0.0,0.0,
2024-11-12,99898.66601365703,0.0,0.0,0.0,
2024-11-13,99898.66601365703,0.0,0.0,0.0,
2024-11-14,99898.66601365703,0.0,0.0,0.0,
2024-11-15,99898.66601365703,0.0,0.0,0.0,
2024-11-18,99898.66601365703,0.0,0.0,0.0,
2024-11-19,99898.66601365703,0.0,0.0,0.0,
2024-11-20,99898.66601365703,0.0,0.0,0.0,
2024-11-21,99898.66601365703,0.0,0.0,0.0,
2024-11-22,99898.66601365703,0.0,0.0,0.0,
2024-11-25,99898.66601365703,0.0,0.0,0.0,
2024-11-26,99898.66601365703,0.0,0.0,0.0,
2024-11-27,99898.66601365703,0.0,0.0,0.0,
2024-11-29,99898.66601365703,0.0,0.0,0.0,
2024-12-02,99898.66601365703,0.0,0.0,0.0,
2024-12-03,99898.66601365703,0.0,0.0,0.0,
2024-12-04,99898.66601365703,0.0,0.0,0.0,
2024-12-05,99898.66601365703,0.0,0.0,0.0,
2024-12-06,99898.66601365703,0.0,0.0,0.0,
2024-12-09,99898.66601365703,0.0,0.0,0.0,
2024-12-10,99898.66601365703,0.0,0.0,0.0,
2024-12-11,99898.66601365703,0.0,0.0,0.0,
2024-12-12,99898.66601365703,0.0,0.0,0.0,
2024-12-13,99898.66601365703,0.0,0.0,0.0,
2024-12-16,99898.66601365703,0.0,0.0,0.0,
2024-12-17,99898.66601365703,0.0,0.0,0.0,
2024-12-18,99898.66601365703,0.0,0.0,0.0,
2024-12-19,99898.66601365703,0.0,0.0,0.0,
2024-12-20,99898.66601365703,0.0,0.0,0.0,
2024-12-23,99898.66601365703,0.0,0.0,0.0,
2024-12-24,99898.66601365703,0.0,0.0,0.0,
2024-12-26,99898.66601365703,0.0,0.0,0.0,
2024-12-27,99898.66601365703,0.0,0.0,0.0,
2024-12-30,99898.66601365703,0.0,0.0,0.0,
2024-12-31,99898.66601365703,0.0,0.0,0.0,
