date,equity,return,gross_exposure,net_exposure,zscore
2012-01-03,100000.0,,0.0,0.0,
2012-01-04,100000.0,0.0,0.0,0.0,
2012-01-05,100000.0,0.0,0.0,0.0,
2012-01-06,100000.0,0.0,0.0,0.0,
2012-01-09,100000.0,0.0,0.0,0.0,
2012-01-10,100000.0,0.0,0.0,0.0,
2012-01-11,100000.0,0.0,0.0,0.0,
2012-01-12,100000.0,0.0,0.0,0.0,
2012-01-13,100000.0,0.0,0.0,0.0,
2012-01-17,100000.0,0.0,0.0,0.0,
2012-01-18,100000.0,0.0,0.0,0.0,
2012-01-19,100000.0,0.0,0.0,0.0,
2012-01-20,100000.0,0.0,0.0,0.0,
2012-01-23,100000.0,0.0,0.0,0.0,
2012-01-24,100000.0,0.0,0.0,0.0,
2012-01-25,100000.0,0.0,0.0,0.0,
2012-01-26,100000.0,0.0,0.0,0.0,
2012-01-27,100000.0,0.0,0.0,0.0,
2012-01-30,100000.0,0.0,0.0,0.0,
2012-01-31,100000.0,0.0,0.0,0.0,
2012-02-01,100000.0,0.0,0.0,0.0,
2012-02-02,100000.0,0.0,0.0,0.0,
2012-02-03,100000.0,0.0,0.0,0.0,
2012-02-06,100000.0,0.0,0.0,0.0,
2012-02-07,100000.0,0.0,0.0,0.0,
2012-02-08,100000.0,0.0,0.0,0.0,
2012-02-09,100000.0,0.0,0.0,0.0,
2012-02-10,100000.0,0.0,0.0,0.0,
2012-02-13,100000.0,0.0,0.0,0.0,
2012-02-14,100000.0,0.0,0.0,0.0,
2012-02-15,100000.0,0.0,0.0,0.0,
2012-02-16,100000.0,0.0,0.0,0.0,
2012-02-17,100000.0,0.0,0.0,0.0,
2012-02-21,100000.0,0.0,0.0,0.0,
2012-02-22,100000.0,0.0,0.0,0.0,
2012-02-23,100000.0,0.0,0.0,0.0,
2012-02-24,100000.0,0.0,0.0,0.0,
2012-02-27,100000.0,0.0,0.0,0.0,
2012-02-28,100000.0,0.0,0.0,0.0,
2012-02-29,100000.0,0.0,0.0,0.0,
2012-03-01,100000.0,0.0,0.0,0.0,
2012-03-02,100000.0,0.0,0.0,0.0,
2012-03-05,100000.0,0.0,0.0,0.0,
2012-03-06,100000.0,0.0,0.0,0.0,
2012-03-07,100000.0,0.0,0.0,0.0,
2012-03-08,100000.0,0.0,0.0,0.0,
2012-03-09,100000.0,0.0,0.0,0.0,
2012-03-12,100000.0,0.0,0.0,0.0,
2012-03-13,100000.0,0.0,0.0,0.0,
2012-03-14,100000.0,0.0,0.0,0.0,
2012-03-15,100000.0,0.0,0.0,0.0,
2012-03-16,100000.0,0.0,0.0,0.0,
2012-03-19,100000.0,0.0,0.0,0.0,
2012-03-20,100000.0,0.0,0.0,0.0,
2012-03-21,100000.0,0.0,0.0,0.0,
2012-03-22,100000.0,0.0,0.0,0.0,
2012-03-23,100000.0,0.0,0.0,0.0,
2012-03-26,100000.0,0.0,0.0,0.0,
2012-03-27,100000.0,0.0,0.0,0.0,
2012-03-28,100000.0,0.0,0.0,0.0,
2012-03-29,100000.0,0.0,0.0,0.0,
2012-03-30,100000.0,0.0,0.0,0.0,
2012-04-02,100000.0,0.0,0.0,0.0,
2012-04-03,100000.0,0.0,0.0,0.0,
2012-04-04,100000.0,0.0,0.0,0.0,
2012-04-05,100000.0,0.0,0.0,0.0,
2012-04-09,100000.0,0.0,0.0,0.0,
2012-04-10,100000.0,0.0,0.0,0.0,
2012-04-11,100000.0,0.0,0.0,0.0,
2012-04-12,100000.0,0.0,0.0,0.0,
2012-04-13,100000.0,0.0,0.0,0.0,
2012-04-16,100000.0,0.0,0.0,0.0,
2012-04-17,100000.0,0.0,0.0,0.0,
2012-04-18,100000.0,0.0,0.0,0.0,
2012-04-19,100000.0,0.0,0.0,0.0,
2012-04-20,100000.0,0.0,0.0,0.0,
2012-04-23,100000.0,0.0,0.0,0.0,
2012-04-24,100000.0,0.0,0.0,0.0,
2012-04-25,100000.0,0.0,0.0,0.0,
2012-04-26,100000.0,0.0,0.0,0.0,
2012-04-27,100000.0,0.0,0.0,0.0,
2012-04-30,100000.0,0.0,0.0,0.0,
2012-05-01,100000.0,0.0,0.0,0.0,
2012-05-02,100000.0,0.0,0.0,0.0,
2012-05-03,100000.0,0.0,0.0,0.0,
2012-05-04,100000.0,0.0,0.0,0.0,
2012-05-07,100000.0,0.0,0.0,0.0,
2012-05-08,100000.0,0.0,0.0,0.0,
2012-05-09,100000.0,0.0,0.0,0.0,
2012-05-10,100000.0,0.0,0.0,0.0,
2012-05-11,100000.0,0.0,0.0,0.0,
2012-05-14,100000.0,0.0,0.0,0.0,
2012-05-15,100000.0,0.0,0.0,0.0,
2012-05-16,100000.0,0.0,0.0,0.0,
2012-05-17,100000.0,0.0,0.0,0.0,
2012-05-18,100000.0,0.0,0.0,0.0,
2012-05-21,100000.0,0.0,0.0,0.0,
2012-05-22,100000.0,0.0,0.0,0.0,
2012-05-23,100000.0,0.0,0.0,0.0,
2012-05-24,100000.0,0.0,0.0,0.0,
2012-05-25,100000.0,0.0,0.0,0.0,
2012-05-29,100000.0,0.0,0.0,0.0,
2012-05-30,100000.0,0.0,0.0,0.0,
2012-05-31,100000.0,0.0,0.0,0.0,
2012-06-01,100000.0,0.0,0.0,0.0,
2012-06-04,100000.0,0.0,0.0,0.0,
2012-06-05,100000.0,0.0,0.0,0.0,
2012-06-06,100000.0,0.0,0.0,0.0,
2012-06-07,100000.0,0.0,0.0,0.0,
2012-06-08,100000.0,0.0,0.0,0.0,
2012-06-11,100000.0,0.0,0.0,0.0,
2012-06-12,100000.0,0.0,0.0,0.0,
2012-06-13,100000.0,0.0,0.0,0.0,
2012-06-14,100000.0,0.0,0.0,0.0,
2012-06-15,100000.0,0.0,0.0,0.0,
2012-06-18,100000.0,0.0,0.0,0.0,
2012-06-19,100000.0,0.0,0.0,0.0,
2012-06-20,100000.0,0.0,0.0,0.0,
2012-06-21,100000.0,0.0,0.0,0.0,
2012-06-22,100000.0,0.0,0.0,0.0,
2012-06-25,100000.0,0.0,0.0,0.0,
2012-06-26,100000.0,0.0,0.0,0.0,
2012-06-27,100000.0,0.0,0.0,0.0,
2012-06-28,100000.0,0.0,0.0,0.0,
2012-06-29,100000.0,0.0,0.0,0.0,
2012-07-02,100000.0,0.0,0.0,0.0,
2012-07-03,100000.0,0.0,0.0,0.0,
2012-07-05,100000.0,0.0,0.0,0.0,
2012-07-06,100000.0,0.0,0.0,0.0,
2012-07-09,100000.0,0.0,0.0,0.0,
2012-07-10,100000.0,0.0,0.0,0.0,
2012-07-11,100000.0,0.0,0.0,0.0,
2012-07-12,100000.0,0.0,0.0,0.0,
2012-07-13,100000.0,0.0,0.0,0.0,
2012-07-16,100000.0,0.0,0.0,0.0,
2012-07-17,100000.0,0.0,0.0,0.0,
2012-07-18,100000.0,0.0,0.0,0.0,
2012-07-19,100000.0,0.0,0.0,0.0,
2012-07-20,100000.0,0.0,0.0,0.0,
2012-07-23,100000.0,0.0,0.0,0.0,
2012-07-24,100000.0,0.0,0.0,0.0,
2012-07-25,100000.0,0.0,0.0,0.0,
2012-07-26,100000.0,0.0,0.0,0.0,
2012-07-27,100000.0,0.0,0.0,0.0,
2012-07-30,100000.0,0.0,0.0,0.0,
2012-07-31,100000.0,0.0,0.0,0.0,
2012-08-01,100000.0,0.0,0.0,0.0,
2012-08-02,100000.0,0.0,0.0,0.0,
2012-08-03,100000.0,0.0,0.0,0.0,
2012-08-06,100000.0,0.0,0.0,0.0,
2012-08-07,100000.0,0.0,0.0,0.0,
2012-08-08,100000.0,0.0,0.0,0.0,
2012-08-09,100000.0,0.0,0.0,0.0,
2012-08-10,100000.0,0.0,0.0,0.0,
2012-08-13,100000.0,0.0,0.0,0.0,
2012-08-14,100000.0,0.0,0.0,0.0,
2012-08-15,100000.0,0.0,0.0,0.0,
2012-08-16,100000.0,0.0,0.0,0.0,
2012-08-17,100000.0,0.0,0.0,0.0,
2012-08-20,100000.0,0.0,0.0,0.0,
2012-08-21,100000.0,0.0,0.0,0.0,
2012-08-22,100000.0,0.0,0.0,0.0,
2012-08-23,100000.0,0.0,0.0,0.0,
2012-08-24,100000.0,0.0,0.0,0.0,
2012-08-27,100000.0,0.0,0.0,0.0,
2012-08-28,100000.0,0.0,0.0,0.0,
2012-08-29,100000.0,0.0,0.0,0.0,
2012-08-30,100000.0,0.0,0.0,0.0,
2012-08-31,100000.0,0.0,0.0,0.0,
2012-09-04,100000.0,0.0,0.0,0.0,
2012-09-05,100000.0,0.0,0.0,0.0,
2012-09-06,100000.0,0.0,0.0,0.0,
2012-09-07,100000.0,0.0,0.0,0.0,
2012-09-10,100000.0,0.0,0.0,0.0,
2012-09-11,100000.0,0.0,0.0,0.0,
2012-09-12,100000.0,0.0,0.0,0.0,
2012-09-13,100000.0,0.0,0.0,0.0,
2012-09-14,100000.0,0.0,0.0,0.0,
2012-09-17,100000.0,0.0,0.0,0.0,
2012-09-18,100000.0,0.0,0.0,0.0,
2012-09-19,100000.0,0.0,0.0,0.0,
2012-09-20,100000.0,0.0,0.0,0.0,
2012-09-21,100000.0,0.0,0.0,0.0,
2012-09-24,100000.0,0.0,0.0,0.0,
2012-09-25,100000.0,0.0,0.0,0.0,
2012-09-26,100000.0,0.0,0.0,0.0,
2012-09-27,100000.0,0.0,0.0,0.0,
2012-09-28,100000.0,0.0,0.0,0.0,
2012-10-01,100000.0,0.0,0.0,0.0,
2012-10-02,100000.0,0.0,0.0,0.0,
2012-10-03,100000.0,0.0,0.0,0.0,
2012-10-04,100000.0,0.0,0.0,0.0,
2012-10-05,100000.0,0.0,0.0,0.0,
2012-10-08,100000.0,0.0,0.0,0.0,
2012-10-09,100000.0,0.0,0.0,0.0,
2012-10-10,100000.0,0.0,0.0,0.0,
2012-10-11,100000.0,0.0,0.0,0.0,
2012-10-12,100000.0,0.0,0.0,0.0,
2012-10-15,100000.0,0.0,0.0,0.0,
2012-10-16,100000.0,0.0,0.0,0.0,
2012-10-17,100000.0,0.0,0.0,0.0,
2012-10-18,100000.0,0.0,0.0,0.0,
2012-10-19,100000.0,0.0,0.0,0.0,
2012-10-22,100000.0,0.0,0.0,0.0,
2012-10-23,100000.0,0.0,0.0,0.0,
2012-10-24,100000.0,0.0,0.0,0.0,
2012-10-25,100000.0,0.0,0.0,0.0,
2012-10-26,100000.0,0.0,0.0,0.0,
2012-10-31,100000.0,0.0,0.0,0.0,
2012-11-01,100000.0,0.0,0.0,0.0,
2012-11-02,100000.0,0.0,0.0,0.0,
2012-11-05,100000.0,0.0,0.0,0.0,
2012-11-06,100000.0,0.0,0.0,0.0,
2012-11-07,100000.0,0.0,0.0,0.0,
2012-11-08,100000.0,0.0,0.0,0.0,
2012-11-09,100000.0,0.0,0.0,0.0,
2012-11-12,100000.0,0.0,0.0,0.0,
2012-11-13,100000.0,0.0,0.0,0.0,
2012-11-14,100000.0,0.0,0.0,0.0,
2012-11-15,100000.0,0.0,0.0,0.0,
2012-11-16,100000.0,0.0,0.0,0.0,
2012-11-19,100000.0,0.0,0.0,0.0,
2012-11-20,100000.0,0.0,0.0,0.0,
2012-11-21,100000.0,0.0,0.0,0.0,
2012-11-23,100000.0,0.0,0.0,0.0,
2012-11-26,100000.0,0.0,0.0,0.0,
2012-11-27,100000.0,0.0,0.0,0.0,
2012-11-28,100000.0,0.0,0.0,0.0,
2012-11-29,100000.0,0.0,0.0,0.0,
2012-11-30,100000.0,0.0,0.0,0.0,
2012-12-03,100000.0,0.0,0.0,0.0,
2012-12-04,100000.0,0.0,0.0,0.0,
2012-12-05,100000.0,0.0,0.0,0.0,
2012-12-06,100000.0,0.0,0.0,0.0,
2012-12-07,100000.0,0.0,0.0,0.0,
2012-12-10,100000.0,0.0,0.0,0.0,
2012-12-11,100000.0,0.0,0.0,0.0,
2012-12-12,100000.0,0.0,0.0,0.0,
2012-12-13,100000.0,0.0,0.0,0.0,
2012-12-14,100000.0,0.0,0.0,0.0,
2012-12-17,100000.0,0.0,0.0,0.0,
2012-12-18,100000.0,0.0,0.0,0.0,
2012-12-19,100000.0,0.0,0.0,0.0,
2012-12-20,100000.0,0.0,0.0,0.0,
2012-12-21,100000.0,0.0,0.0,0.0,
2012-12-24,100000.0,0.0,0.0,0.0,
2012-12-26,100000.0,0.0,0.0,0.0,
2012-12-27,100000.0,0.0,0.0,0.0,
2012-12-28,100000.0,0.0,0.0,0.0,
2012-12-31,100000.0,0.0,0.0,0.0,
2013-01-02,100000.0,0.0,0.0,0.0,
2013-01-03,100000.0,0.0,0.0,0.0,
2013-01-04,100000.0,0.0,0.0,0.0,
2013-01-07,100000.0,0.0,0.0,0.0,
2013-01-08,100000.0,0.0,0.0,0.0,
2013-01-09,100000.0,0.0,0.0,0.0,
2013-01-10,100000.0,0.0,0.0,0.0,
2013-01-11,100000.0,0.0,0.0,0.0,
2013-01-14,100000.0,0.0,0.0,0.0,
2013-01-15,100000.0,0.0,0.0,0.0,
2013-01-16,100000.0,0.0,0.0,0.0,
2013-01-17,100000.0,0.0,0.0,0.0,
2013-01-18,100000.0,0.0,0.0,0.0,
2013-01-22,100000.0,0.0,0.0,0.0,
2013-01-23,100000.0,0.0,0.0,0.0,
2013-01-24,100000.0,0.0,0.0,0.0,
2013-01-25,100000.0,0.0,0.0,0.0,
2013-01-28,100000.0,0.0,0.0,0.0,
2013-01-29,100000.0,0.0,0.0,0.0,
2013-01-30,100000.0,0.0,0.0,0.0,
2013-01-31,100000.0,0.0,0.0,0.0,
2013-02-01,100000.0,0.0,0.0,0.0,
2013-02-04,100000.0,0.0,0.0,0.0,
2013-02-05,100000.0,0.0,0.0,0.0,
2013-02-06,100000.0,0.0,0.0,0.0,
2013-02-07,100000.0,0.0,0.0,0.0,
2013-02-08,100000.0,0.0,0.0,0.0,
2013-02-11,100000.0,0.0,0.0,0.0,
2013-02-12,100000.0,0.0,0.0,0.0,
2013-02-13,100000.0,0.0,0.0,0.0,
2013-02-14,100000.0,0.0,0.0,0.0,
2013-02-15,100000.0,0.0,0.0,0.0,
2013-02-19,100000.0,0.0,0.0,0.0,
2013-02-20,100000.0,0.0,0.0,0.0,
2013-02-21,100000.0,0.0,0.0,0.0,
2013-02-22,100000.0,0.0,0.0,0.0,
2013-02-25,100000.0,0.0,0.0,0.0,
2013-02-26,100000.0,0.0,0.0,0.0,
2013-02-27,100000.0,0.0,0.0,0.0,
2013-02-28,100000.0,0.0,0.0,0.0,
2013-03-01,100000.0,0.0,0.0,0.0,
2013-03-04,100000.0,0.0,0.0,0.0,
2013-03-05,100000.0,0.0,0.0,0.0,
2013-03-06,100000.0,0.0,0.0,0.0,
2013-03-07,100000.0,0.0,0.0,0.0,
2013-03-08,100000.0,0.0,0.0,0.0,
2013-03-11,100000.0,0.0,0.0,0.0,
2013-03-12,100000.0,0.0,0.0,0.0,
2013-03-13,100000.0,0.0,0.0,0.0,
2013-03-14,100000.0,0.0,0.0,0.0,
2013-03-15,100000.0,0.0,0.0,0.0,
2013-03-18,100000.0,0.0,0.0,0.0,
2013-03-19,100000.0,0.0,0.0,0.0,
2013-03-20,100000.0,0.0,0.0,0.0,
2013-03-21,100000.0,0.0,0.0,0.0,
2013-03-22,100000.0,0.0,0.0,0.0,
2013-03-25,100000.0,0.0,0.0,0.0,
2013-03-26,100000.0,0.0,0.0,0.0,
2013-03-27,100000.0,0.0,0.0,0.0,
2013-03-28,100000.0,0.0,0.0,0.0,
2013-04-01,100000.0,0.0,0.0,0.0,
2013-04-02,100000.0,0.0,0.0,0.0,
2013-04-03,100000.0,0.0,0.0,0.0,
2013-04-04,100000.0,0.0,0.0,0.0,
2013-04-05,100000.0,0.0,0.0,0.0,
2013-04-08,100000.0,0.0,0.0,0.0,
2013-04-09,100000.0,0.0,0.0,0.0,
2013-04-10,100000.0,0.0,0.0,0.0,
2013-04-11,100000.0,0.0,0.0,0.0,
2013-04-12,100000.0,0.0,0.0,0.0,
2013-04-15,100000.0,0.0,0.0,0.0,
2013-04-16,100000.0,0.0,0.0,0.0,
2013-04-17,100000.0,0.0,0.0,0.0,
2013-04-18,100000.0,0.0,0.0,0.0,
2013-04-19,100000.0,0.0,0.0,0.0,
2013-04-22,100000.0,0.0,0.0,0.0,
2013-04-23,100000.0,0.0,0.0,0.0,
2013-04-24,100000.0,0.0,0.0,0.0,
2013-04-25,100000.0,0.0,0.0,0.0,
2013-04-26,100000.0,0.0,0.0,0.0,
2013-04-29,100000.0,0.0,0.0,0.0,
2013-04-30,100000.0,0.0,0.0,0.0,
2013-05-01,100000.0,0.0,0.0,0.0,
2013-05-02,100000.0,0.0,0.0,0.0,
2013-05-03,100000.0,0.0,0.0,0.0,
2013-05-06,100000.0,0.0,0.0,0.0,
2013-05-07,100000.0,0.0,0.0,0.0,
2013-05-08,100000.0,0.0,0.0,0.0,
2013-05-09,100000.0,0.0,0.0,0.0,
2013-05-10,100000.0,0.0,0.0,0.0,
2013-05-13,100000.0,0.0,0.0,0.0,
2013-05-14,100000.0,0.0,0.0,0.0,
2013-05-15,100000.0,0.0,0.0,0.0,
2013-05-16,100000.0,0.0,0.0,0.0,
2013-05-17,100000.0,0.0,0.0,0.0,
2013-05-20,100000.0,0.0,0.0,0.0,
2013-05-21,100000.0,0.0,0.0,0.0,
2013-05-22,100000.0,0.0,0.0,0.0,
2013-05-23,100000.0,0.0,0.0,0.0,
2013-05-24,100000.0,0.0,0.0,0.0,
2013-05-28,100000.0,0.0,0.0,0.0,
2013-05-29,100000.0,0.0,0.0,0.0,
2013-05-30,100000.0,0.0,0.0,0.0,
2013-05-31,100000.0,0.0,0.0,0.0,
2013-06-03,100000.0,0.0,0.0,0.0,
2013-06-04,100000.0,0.0,0.0,0.0,
2013-06-05,100000.0,0.0,0.0,0.0,
2013-06-06,100000.0,0.0,0.0,0.0,
2013-06-07,100000.0,0.0,0.0,0.0,
2013-06-10,100000.0,0.0,0.0,0.0,
2013-06-11,100000.0,0.0,0.0,0.0,
2013-06-12,100000.0,0.0,0.0,0.0,
2013-06-13,100000.0,0.0,0.0,0.0,
2013-06-14,100000.0,0.0,0.0,0.0,
2013-06-17,100000.0,0.0,0.0,0.0,
2013-06-18,100000.0,0.0,0.0,0.0,
2013-06-19,100000.0,0.0,0.0,0.0,
2013-06-20,100000.0,0.0,0.0,0.0,
2013-06-21,100000.0,0.0,0.0,0.0,
2013-06-24,100000.0,0.0,0.0,0.0,
2013-06-25,100000.0,0.0,0.0,0.0,
2013-06-26,100000.0,0.0,0.0,0.0,
2013-06-27,100000.0,0.0,0.0,0.0,
2013-06-28,100000.0,0.0,0.0,0.0,
2013-07-01,100000.0,0.0,0.0,0.0,
2013-07-02,100000.0,0.0,0.0,0.0,
2013-07-03,100000.0,0.0,0.0,0.0,
2013-07-05,100000.0,0.0,0.0,0.0,
2013-07-08,100000.0,0.0,0.0,0.0,
2013-07-09,100000.0,0.0,0.0,0.0,
2013-07-10,100000.0,0.0,0.0,0.0,
2013-07-11,100000.0,0.0,0.0,0.0,
2013-07-12,100000.0,0.0,0.0,0.0,
2013-07-15,100000.0,0.0,0.0,0.0,
2013-07-16,100000.0,0.0,0.0,0.0,
2013-07-17,100000.0,0.0,0.0,0.0,
2013-07-18,100000.0,0.0,0.0,0.0,
2013-07-19,100000.0,0.0,0.0,0.0,
2013-07-22,100000.0,0.0,0.0,0.0,
2013-07-23,100000.0,0.0,0.0,0.0,
2013-07-24,100000.0,0.0,0.0,0.0,
2013-07-25,100000.0,0.0,0.0,0.0,
2013-07-26,100000.0,0.0,0.0,0.0,
2013-07-29,100000.0,0.0,0.0,0.0,
2013-07-30,100000.0,0.0,0.0,0.0,
2013-07-31,100000.0,0.0,0.0,0.0,
2013-08-01,100000.0,0.0,0.0,0.0,
2013-08-02,100000.0,0.0,0.0,0.0,
2013-08-05,100000.0,0.0,0.0,0.0,
2013-08-06,100000.0,0.0,0.0,0.0,
2013-08-07,100000.0,0.0,0.0,0.0,
2013-08-08,100000.0,0.0,0.0,0.0,
2013-08-09,100000.0,0.0,0.0,0.0,
2013-08-12,100000.0,0.0,0.0,0.0,
2013-08-13,100000.0,0.0,0.0,0.0,
2013-08-14,100000.0,0.0,0.0,0.0,
2013-08-15,100000.0,0.0,0.0,0.0,
2013-08-16,100000.0,0.0,0.0,0.0,
2013-08-19,100000.0,0.0,0.0,0.0,
2013-08-20,100000.0,0.0,0.0,0.0,
2013-08-21,100000.0,0.0,0.0,0.0,
2013-08-22,100000.0,0.0,0.0,0.0,
2013-08-23,100000.0,0.0,0.0,0.0,
2013-08-26,100000.0,0.0,0.0,0.0,
2013-08-27,100000.0,0.0,0.0,0.0,
2013-08-28,100000.0,0.0,0.0,0.0,
2013-08-29,100000.0,0.0,0.0,0.0,
2013-08-30,100000.0,0.0,0.0,0.0,
2013-09-03,100000.0,0.0,0.0,0.0,
2013-09-04,100000.0,0.0,0.0,0.0,
2013-09-05,100000.0,0.0,0.0,0.0,
2013-09-06,100000.0,0.0,0.0,0.0,
2013-09-09,100000.0,0.0,0.0,0.0,
2013-09-10,100000.0,0.0,0.0,0.0,
2013-09-11,100000.0,0.0,0.0,0.0,
2013-09-12,100000.0,0.0,0.0,0.0,
2013-09-13,100000.0,0.0,0.0,0.0,
2013-09-16,100000.0,0.0,0.0,0.0,
2013-09-17,100000.0,0.0,0.0,0.0,
2013-09-18,100000.0,0.0,0.0,0.0,
2013-09-19,100000.0,0.0,0.0,0.0,
2013-09-20,100000.0,0.0,0.0,0.0,
2013-09-23,100000.0,0.0,0.0,0.0,
2013-09-24,100000.0,0.0,0.0,0.0,
2013-09-25,100000.0,0.0,0.0,0.0,
2013-09-26,100000.0,0.0,0.0,0.0,
2013-09-27,100000.0,0.0,0.0,0.0,
2013-09-30,100000.0,0.0,0.0,0.0,
2013-10-01,100000.0,0.0,0.0,0.0,
2013-10-02,100000.0,0.0,0.0,0.0,
2013-10-03,100000.0,0.0,0.0,0.0,
2013-10-04,100000.0,0.0,0.0,0.0,
2013-10-07,100000.0,0.0,0.0,0.0,
2013-10-08,100000.0,0.0,0.0,0.0,
2013-10-09,100000.0,0.0,0.0,0.0,
2013-10-10,100000.0,0.0,0.0,0.0,
2013-10-11,100000.0,0.0,0.0,0.0,
2013-10-14,100000.0,0.0,0.0,0.0,
2013-10-15,100000.0,0.0,0.0,0.0,
2013-10-16,100000.0,0.0,0.0,0.0,
2013-10-17,100000.0,0.0,0.0,0.0,
2013-10-18,100000.0,0.0,0.0,0.0,
2013-10-21,100000.0,0.0,0.0,0.0,
2013-10-22,100000.0,0.0,0.0,0.0,
2013-10-23,100000.0,0.0,0.0,0.0,
2013-10-24,100000.0,0.0,0.0,0.0,
2013-10-25,100000.0,0.0,0.0,0.0,
2013-10-28,100000.0,0.0,0.0,0.0,
2013-10-29,100000.0,0.0,0.0,0.0,
2013-10-30,100000.0,0.0,0.0,0.0,
2013-10-31,100000.0,0.0,0.0,0.0,
2013-11-01,100000.0,0.0,0.0,0.0,
2013-11-04,100000.0,0.0,0.0,0.0,
2013-11-05,100000.0,0.0,0.0,0.0,
2013-11-06,100000.0,0.0,0.0,0.0,
2013-11-07,100000.0,0.0,0.0,0.0,
2013-11-08,100000.0,0.0,0.0,0.0,
2013-11-11,100000.0,0.0,0.0,0.0,
2013-11-12,100000.0,0.0,0.0,0.0,
2013-11-13,100000.0,0.0,0.0,0.0,
2013-11-14,100000.0,0.0,0.0,0.0,
2013-11-15,100000.0,0.0,0.0,0.0,
2013-11-18,100000.0,0.0,0.0,0.0,
2013-11-19,100000.0,0.0,0.0,0.0,
2013-11-20,100000.0,0.0,0.0,0.0,
2013-11-21,100000.0,0.0,0.0,0.0,
2013-11-22,100000.0,0.0,0.0,0.0,
2013-11-25,100000.0,0.0,0.0,0.0,
2013-11-26,100000.0,0.0,0.0,0.0,
2013-11-27,100000.0,0.0,0.0,0.0,
2013-11-29,100000.0,0.0,0.0,0.0,
2013-12-02,100000.0,0.0,0.0,0.0,
2013-12-03,100000.0,0.0,0.0,0.0,
2013-12-04,100000.0,0.0,0.0,0.0,
2013-12-05,100000.0,0.0,0.0,0.0,
2013-12-06,100000.0,0.0,0.0,0.0,
2013-12-09,100000.0,0.0,0.0,0.0,
2013-12-10,100000.0,0.0,0.0,0.0,
2013-12-11,100000.0,0.0,0.0,0.0,
2013-12-12,100000.0,0.0,0.0,0.0,
2013-12-13,100000.0,0.0,0.0,0.0,
2013-12-16,100000.0,0.0,0.0,0.0,
2013-12-17,100000.0,0.0,0.0,0.0,
2013-12-18,100000.0,0.0,0.0,0.0,
2013-12-19,100000.0,0.0,0.0,0.0,
2013-12-20,100000.0,0.0,0.0,0.0,
2013-12-23,100000.0,0.0,0.0,0.0,
2013-12-24,100000.0,0.0,0.0,0.0,
2013-12-26,100000.0,0.0,0.0,0.0,
2013-12-27,100000.0,0.0,0.0,0.0,
2013-12-30,100000.0,0.0,0.0,0.0,
2013-12-31,100000.0,0.0,0.0,0.0,
2014-01-02,100000.0,0.0,0.0,0.0,
2014-01-03,100000.0,0.0,0.0,0.0,
2014-01-06,100000.0,0.0,0.0,0.0,
2014-01-07,100000.0,0.0,0.0,0.0,
2014-01-08,100000.0,0.0,0.0,0.0,
2014-01-09,100000.0,0.0,0.0,0.0,
2014-01-10,100000.0,0.0,0.0,0.0,
2014-01-13,100000.0,0.0,0.0,0.0,
2014-01-14,100000.0,0.0,0.0,0.0,
2014-01-15,100000.0,0.0,0.0,0.0,
2014-01-16,100000.0,0.0,0.0,0.0,
2014-01-17,100000.0,0.0,0.0,0.0,
2014-01-21,100000.0,0.0,0.0,0.0,
2014-01-22,100000.0,0.0,0.0,0.0,
2014-01-23,100000.0,0.0,0.0,0.0,
2014-01-24,100000.0,0.0,0.0,0.0,
2014-01-27,100000.0,0.0,0.0,0.0,
2014-01-28,100000.0,0.0,0.0,0.0,
2014-01-29,100000.0,0.0,0.0,0.0,
2014-01-30,100000.0,0.0,0.0,0.0,
2014-01-31,100000.0,0.0,0.0,0.0,
2014-02-03,100000.0,0.0,0.0,0.0,
2014-02-04,100000.0,0.0,0.0,0.0,
2014-02-05,100000.0,0.0,0.0,0.0,
2014-02-06,100000.0,0.0,0.0,0.0,
2014-02-07,100000.0,0.0,0.0,0.0,
2014-02-10,100000.0,0.0,0.0,0.0,
2014-02-11,100000.0,0.0,0.0,0.0,
2014-02-12,100000.0,0.0,0.0,0.0,
2014-02-13,100000.0,0.0,0.0,0.0,
2014-02-14,100000.0,0.0,0.0,0.0,
2014-02-18,100000.0,0.0,0.0,0.0,
2014-02-19,100000.0,0.0,0.0,0.0,
2014-02-20,100000.0,0.0,0.0,0.0,
2014-02-21,100000.0,0.0,0.0,0.0,
2014-02-24,100000.0,0.0,0.0,0.0,
2014-02-25,100000.0,0.0,0.0,0.0,
2014-02-26,100000.0,0.0,0.0,0.0,
2014-02-27,100000.0,0.0,0.0,0.0,
2014-02-28,100000.0,0.0,0.0,0.0,
2014-03-03,100000.0,0.0,0.0,0.0,
2014-03-04,100000.0,0.0,0.0,0.0,
2014-03-05,100000.0,0.0,0.0,0.0,
2014-03-06,100000.0,0.0,0.0,0.0,
2014-03-07,100000.0,0.0,0.0,0.0,
2014-03-10,100000.0,0.0,0.0,0.0,
2014-03-11,100000.0,0.0,0.0,0.0,
2014-03-12,100000.0,0.0,0.0,0.0,
2014-03-13,100000.0,0.0,0.0,0.0,
2014-03-14,100000.0,0.0,0.0,0.0,
2014-03-17,100000.0,0.0,0.0,0.0,
2014-03-18,100000.0,0.0,0.0,0.0,
2014-03-19,100000.0,0.0,0.0,0.0,
2014-03-20,100000.0,0.0,0.0,0.0,
2014-03-21,100000.0,0.0,0.0,0.0,
2014-03-24,100000.0,0.0,0.0,0.0,
2014-03-25,100000.0,0.0,0.0,0.0,
2014-03-26,100000.0,0.0,0.0,0.0,
2014-03-27,100000.0,0.0,0.0,0.0,
2014-03-28,100000.0,0.0,0.0,0.0,
2014-03-31,100000.0,0.0,0.0,0.0,
2014-04-01,100000.0,0.0,0.0,0.0,
2014-04-02,100000.0,0.0,0.0,0.0,
2014-04-03,100000.0,0.0,0.0,0.0,
2014-04-04,100000.0,0.0,0.0,0.0,
2014-04-07,100000.0,0.0,0.0,0.0,
2014-04-08,100000.0,0.0,0.0,0.0,
2014-04-09,100000.0,0.0,0.0,0.0,
2014-04-10,100000.0,0.0,0.0,0.0,
2014-04-11,100000.0,0.0,0.0,0.0,
2014-04-14,100000.0,0.0,0.0,0.0,
2014-04-15,100000.0,0.0,0.0,0.0,
2014-04-16,100000.0,0.0,0.0,0.0,
2014-04-17,100000.0,0.0,0.0,0.0,
2014-04-21,100000.0,0.0,0.0,0.0,
2014-04-22,100000.0,0.0,0.0,0.0,
2014-04-23,100000.0,0.0,0.0,0.0,
2014-04-24,100000.0,0.0,0.0,0.0,
2014-04-25,100000.0,0.0,0.0,0.0,
2014-04-28,100000.0,0.0,0.0,0.0,
2014-04-29,100000.0,0.0,0.0,0.0,
2014-04-30,100000.0,0.0,0.0,0.0,
2014-05-01,100000.0,0.0,0.0,0.0,
2014-05-02,100000.0,0.0,0.0,0.0,
2014-05-05,100000.0,0.0,0.0,0.0,
2014-05-06,100000.0,0.0,0.0,0.0,
2014-05-07,100000.0,0.0,0.0,0.0,
2014-05-08,100000.0,0.0,0.0,0.0,
2014-05-09,100000.0,0.0,0.0,0.0,
2014-05-12,100000.0,0.0,0.0,0.0,
2014-05-13,100000.0,0.0,0.0,0.0,
2014-05-14,100000.0,0.0,0.0,0.0,
2014-05-15,100000.0,0.0,0.0,0.0,
2014-05-16,100000.0,0.0,0.0,0.0,
2014-05-19,100000.0,0.0,0.0,0.0,
2014-05-20,100000.0,0.0,0.0,0.0,
2014-05-21,100000.0,0.0,0.0,0.0,
2014-05-22,100000.0,0.0,0.0,0.0,
2014-05-23,100000.0,0.0,0.0,0.0,
2014-05-27,100000.0,0.0,0.0,0.0,
2014-05-28,100000.0,0.0,0.0,0.0,
2014-05-29,100000.0,0.0,0.0,0.0,
2014-05-30,100000.0,0.0,0.0,0.0,
2014-06-02,100000.0,0.0,0.0,0.0,
2014-06-03,100000.0,0.0,0.0,0.0,
2014-06-04,100000.0,0.0,0.0,0.0,
2014-06-05,100000.0,0.0,0.0,0.0,
2014-06-06,100000.0,0.0,0.0,0.0,
2014-06-09,100000.0,0.0,0.0,0.0,
2014-06-10,100000.0,0.0,0.0,0.0,
2014-06-11,100000.0,0.0,0.0,0.0,
2014-06-12,100000.0,0.0,0.0,0.0,
2014-06-13,100000.0,0.0,0.0,0.0,
2014-06-16,100000.0,0.0,0.0,0.0,
2014-06-17,100000.0,0.0,0.0,0.0,
2014-06-18,100000.0,0.0,0.0,0.0,
2014-06-19,100000.0,0.0,0.0,0.0,
2014-06-20,100000.0,0.0,0.0,0.0,
2014-06-23,100000.0,0.0,0.0,0.0,
2014-06-24,100000.0,0.0,0.0,0.0,
2014-06-25,100000.0,0.0,0.0,0.0,
2014-06-26,100000.0,0.0,0.0,0.0,
2014-06-27,100000.0,0.0,0.0,0.0,
2014-06-30,100000.0,0.0,0.0,0.0,
2014-07-01,100000.0,0.0,0.0,0.0,
2014-07-02,100000.0,0.0,0.0,0.0,
2014-07-03,100000.0,0.0,0.0,0.0,
2014-07-07,100000.0,0.0,0.0,0.0,
2014-07-08,100000.0,0.0,0.0,0.0,
2014-07-09,100000.0,0.0,0.0,0.0,
2014-07-10,100000.0,0.0,0.0,0.0,
2014-07-11,100000.0,0.0,0.0,0.0,
2014-07-14,100000.0,0.0,0.0,0.0,
2014-07-15,100000.0,0.0,0.0,0.0,
2014-07-16,100000.0,0.0,0.0,0.0,
2014-07-17,100000.0,0.0,0.0,0.0,
2014-07-18,100000.0,0.0,0.0,0.0,
2014-07-21,100000.0,0.0,0.0,0.0,
2014-07-22,100000.0,0.0,0.0,0.0,
2014-07-23,100000.0,0.0,0.0,0.0,
2014-07-24,100000.0,0.0,0.0,0.0,
2014-07-25,100000.0,0.0,0.0,0.0,
2014-07-28,100000.0,0.0,0.0,0.0,
2014-07-29,100000.0,0.0,0.0,0.0,
2014-07-30,100000.0,0.0,0.0,0.0,
2014-07-31,100000.0,0.0,0.0,0.0,
2014-08-01,100000.0,0.0,0.0,0.0,
2014-08-04,100000.0,0.0,0.0,0.0,
2014-08-05,100000.0,0.0,0.0,0.0,
2014-08-06,100000.0,0.0,0.0,0.0,
2014-08-07,100000.0,0.0,0.0,0.0,
2014-08-08,100000.0,0.0,0.0,0.0,
2014-08-11,100000.0,0.0,0.0,0.0,
2014-08-12,100000.0,0.0,0.0,0.0,
2014-08-13,100000.0,0.0,0.0,0.0,
2014-08-14,100000.0,0.0,0.0,0.0,
2014-08-15,100000.0,0.0,0.0,0.0,
2014-08-18,100000.0,0.0,0.0,0.0,
2014-08-19,100000.0,0.0,0.0,0.0,
2014-08-20,100000.0,0.0,0.0,0.0,
2014-08-21,100000.0,0.0,0.0,0.0,
2014-08-22,100000.0,0.0,0.0,0.0,
2014-08-25,100000.0,0.0,0.0,0.0,
2014-08-26,100000.0,0.0,0.0,0.0,
2014-08-27,100000.0,0.0,0.0,0.0,
2014-08-28,100000.0,0.0,0.0,0.0,
2014-08-29,100000.0,0.0,0.0,0.0,
2014-09-02,100000.0,0.0,0.0,0.0,
2014-09-03,100000.0,0.0,0.0,0.0,
2014-09-04,100000.0,0.0,0.0,0.0,
2014-09-05,100000.0,0.0,0.0,0.0,
2014-09-08,100000.0,0.0,0.0,0.0,
2014-09-09,100000.0,0.0,0.0,0.0,
2014-09-10,100000.0,0.0,0.0,0.0,
2014-09-11,100000.0,0.0,0.0,0.0,
2014-09-12,100000.0,0.0,0.0,0.0,
2014-09-15,100000.0,0.0,0.0,0.0,
2014-09-16,100000.0,0.0,0.0,0.0,
2014-09-17,100000.0,0.0,0.0,0.0,
2014-09-18,100000.0,0.0,0.0,0.0,
2014-09-19,100000.0,0.0,0.0,0.0,
2014-09-22,100000.0,0.0,0.0,0.0,
2014-09-23,100000.0,0.0,0.0,0.0,
2014-09-24,100000.0,0.0,0.0,0.0,
2014-09-25,100000.0,0.0,0.0,0.0,
2014-09-26,100000.0,0.0,0.0,0.0,
2014-09-29,100000.0,0.0,0.0,0.0,
2014-09-30,100000.0,0.0,0.0,0.0,
2014-10-01,100000.0,0.0,0.0,0.0,
2014-10-02,100000.0,0.0,0.0,0.0,
2014-10-03,100000.0,0.0,0.0,0.0,
2014-10-06,100000.0,0.0,0.0,0.0,
2014-10-07,100000.0,0.0,0.0,0.0,
2014-10-08,100000.0,0.0,0.0,0.0,
2014-10-09,100000.0,0.0,0.0,0.0,
2014-10-10,100000.0,0.0,0.0,0.0,
2014-10-13,100000.0,0.0,0.0,0.0,
2014-10-14,100000.0,0.0,0.0,0.0,
2014-10-15,100000.0,0.0,0.0,0.0,
2014-10-16,100000.0,0.0,0.0,0.0,
2014-10-17,100000.0,0.0,0.0,0.0,
2014-10-20,100000.0,0.0,0.0,0.0,
2014-10-21,100000.0,0.0,0.0,0.0,
2014-10-22,100000.0,0.0,0.0,0.0,
2014-10-23,100000.0,0.0,0.0,0.0,
2014-10-24,100000.0,0.0,0.0,0.0,
2014-10-27,100000.0,0.0,0.0,0.0,
2014-10-28,100000.0,0.0,0.0,0.0,
2014-10-29,100000.0,0.0,0.0,0.0,
2014-10-30,100000.0,0.0,0.0,0.0,
2014-10-31,100000.0,0.0,0.0,0.0,
2014-11-03,100000.0,0.0,0.0,0.0,
2014-11-04,100000.0,0.0,0.0,0.0,
2014-11-05,100000.0,0.0,0.0,0.0,
2014-11-06,100000.0,0.0,0.0,0.0,
2014-11-07,100000.0,0.0,0.0,0.0,
2014-11-10,100000.0,0.0,0.0,0.0,
2014-11-11,100000.0,0.0,0.0,0.0,
2014-11-12,100000.0,0.0,0.0,0.0,
2014-11-13,100000.0,0.0,0.0,0.0,
2014-11-14,100000.0,0.0,0.0,0.0,
2014-11-17,100000.0,0.0,0.0,0.0,
2014-11-18,100000.0,0.0,0.0,0.0,
2014-11-19,100000.0,0.0,0.0,0.0,
2014-11-20,100000.0,0.0,0.0,0.0,
2014-11-21,100000.0,0.0,0.0,0.0,
2014-11-24,100000.0,0.0,0.0,0.0,
2014-11-25,100000.0,0.0,0.0,0.0,
2014-11-26,100000.0,0.0,0.0,0.0,
2014-11-28,100000.0,0.0,0.0,0.0,
2014-12-01,100000.0,0.0,0.0,0.0,
2014-12-02,100000.0,0.0,0.0,0.0,
2014-12-03,100000.0,0.0,0.0,0.0,
2014-12-04,100000.0,0.0,0.0,0.0,
2014-12-05,100000.0,0.0,0.0,0.0,
2014-12-08,100000.0,0.0,0.0,0.0,
2014-12-09,100000.0,0.0,0.0,0.0,
2014-12-10,100000.0,0.0,0.0,0.0,
2014-12-11,100000.0,0.0,0.0,0.0,
2014-12-12,100000.0,0.0,0.0,0.0,
2014-12-15,100000.0,0.0,0.0,0.0,
2014-12-16,100000.0,0.0,0.0,0.0,
2014-12-17,100000.0,0.0,0.0,0.0,
2014-12-18,100000.0,0.0,0.0,0.0,
2014-12-19,100000.0,0.0,0.0,0.0,
2014-12-22,100000.0,0.0,0.0,0.0,
2014-12-23,100000.0,0.0,0.0,0.0,
2014-12-24,100000.0,0.0,0.0,0.0,
2014-12-26,100000.0,0.0,0.0,0.0,
2014-12-29,100000.0,0.0,0.0,0.0,
2014-12-30,100000.0,0.0,0.0,0.0,
2014-12-31,100000.0,0.0,0.0,0.0,
2015-01-02,100000.0,0.0,0.0,0.0,
2015-01-05,100000.0,0.0,0.0,0.0,
2015-01-06,100000.0,0.0,0.0,0.0,
2015-01-07,100000.0,0.0,0.0,0.0,
2015-01-08,100000.0,0.0,0.0,0.0,
2015-01-09,100000.0,0.0,0.0,0.0,
2015-01-12,100000.0,0.0,0.0,0.0,
2015-01-13,100000.0,0.0,0.0,0.0,
2015-01-14,100000.0,0.0,0.0,0.0,
2015-01-15,100000.0,0.0,0.0,0.0,
2015-01-16,100000.0,0.0,0.0,0.0,
2015-01-20,100000.0,0.0,0.0,0.0,
2015-01-21,100000.0,0.0,0.0,0.0,
2015-01-22,100000.0,0.0,0.0,0.0,
2015-01-23,100000.0,0.0,0.0,0.0,
2015-01-26,100000.0,0.0,0.0,0.0,
2015-01-27,100000.0,0.0,0.0,0.0,
2015-01-28,100000.0,0.0,0.0,0.0,
2015-01-29,100000.0,0.0,0.0,0.0,
2015-01-30,100000.0,0.0,0.0,0.0,
2015-02-02,100000.0,0.0,0.0,0.0,
2015-02-03,100000.0,0.0,0.0,0.0,
2015-02-04,100000.0,0.0,0.0,0.0,
2015-02-05,100000.0,0.0,0.0,0.0,
2015-02-06,100000.0,0.0,0.0,0.0,
2015-02-09,100000.0,0.0,0.0,0.0,
2015-02-10,100000.0,0.0,0.0,0.0,
2015-02-11,100000.0,0.0,0.0,0.0,
2015-02-12,100000.0,0.0,0.0,0.0,
2015-02-13,100000.0,0.0,0.0,0.0,
2015-02-17,100000.0,0.0,0.0,0.0,
2015-02-18,100000.0,0.0,0.0,0.0,
2015-02-19,100000.0,0.0,0.0,0.0,
2015-02-20,100000.0,0.0,0.0,0.0,
2015-02-23,100000.0,0.0,0.0,0.0,
2015-02-24,100000.0,0.0,0.0,0.0,
2015-02-25,100000.0,0.0,0.0,0.0,
2015-02-26,100000.0,0.0,0.0,0.0,
2015-02-27,100000.0,0.0,0.0,0.0,
2015-03-02,100000.0,0.0,0.0,0.0,
2015-03-03,100000.0,0.0,0.0,0.0,
2015-03-04,100000.0,0.0,0.0,0.0,
2015-03-05,100000.0,0.0,0.0,0.0,
2015-03-06,100000.0,0.0,0.0,0.0,
2015-03-09,100000.0,0.0,0.0,0.0,
2015-03-10,100000.0,0.0,0.0,0.0,
2015-03-11,100000.0,0.0,0.0,0.0,
2015-03-12,100000.0,0.0,0.0,0.0,
2015-03-13,100000.0,0.0,0.0,0.0,
2015-03-16,100000.0,0.0,0.0,0.0,
2015-03-17,100000.0,0.0,0.0,0.0,
2015-03-18,100000.0,0.0,0.0,0.0,
2015-03-19,100000.0,0.0,0.0,0.0,
2015-03-20,100000.0,0.0,0.0,0.0,
2015-03-23,100000.0,0.0,0.0,0.0,
2015-03-24,100000.0,0.0,0.0,0.0,
2015-03-25,100000.0,0.0,0.0,0.0,
2015-03-26,100000.0,0.0,0.0,0.0,
2015-03-27,100000.0,0.0,0.0,0.0,
2015-03-30,100000.0,0.0,0.0,0.0,
2015-03-31,100000.0,0.0,0.0,0.0,
2015-04-01,100000.0,0.0,0.0,0.0,
2015-04-02,100000.0,0.0,0.0,0.0,
2015-04-06,100000.0,0.0,0.0,0.0,
2015-04-07,100000.0,0.0,0.0,0.0,
2015-04-08,100000.0,0.0,0.0,0.0,
2015-04-09,100000.0,0.0,0.0,0.0,
2015-04-10,100000.0,0.0,0.0,0.0,
2015-04-13,100000.0,0.0,0.0,0.0,
2015-04-14,100000.0,0.0,0.0,0.0,
2015-04-15,100000.0,0.0,0.0,0.0,
2015-04-16,100000.0,0.0,0.0,0.0,
2015-04-17,100000.0,0.0,0.0,0.0,
2015-04-20,100000.0,0.0,0.0,0.0,
2015-04-21,100000.0,0.0,0.0,0.0,
2015-04-22,100000.0,0.0,0.0,0.0,
2015-04-23,100000.0,0.0,0.0,0.0,
2015-04-24,100000.0,0.0,0.0,0.0,
2015-04-27,100000.0,0.0,0.0,0.0,
2015-04-28,100000.0,0.0,0.0,0.0,
2015-04-29,100000.0,0.0,0.0,0.0,
2015-04-30,100000.0,0.0,0.0,0.0,
2015-05-01,100000.0,0.0,0.0,0.0,
2015-05-04,100000.0,0.0,0.0,0.0,
2015-05-05,100000.0,0.0,0.0,0.0,
2015-05-06,100000.0,0.0,0.0,0.0,
2015-05-07,100000.0,0.0,0.0,0.0,
2015-05-08,100000.0,0.0,0.0,0.0,
2015-05-11,100000.0,0.0,0.0,0.0,
2015-05-12,100000.0,0.0,0.0,0.0,
2015-05-13,100000.0,0.0,0.0,0.0,
2015-05-14,100000.0,0.0,0.0,0.0,
2015-05-15,100000.0,0.0,0.0,0.0,
2015-05-18,100000.0,0.0,0.0,0.0,
2015-05-19,100000.0,0.0,0.0,0.0,
2015-05-20,100000.0,0.0,0.0,0.0,
2015-05-21,100000.0,0.0,0.0,0.0,
2015-05-22,100000.0,0.0,0.0,0.0,
2015-05-26,100000.0,0.0,0.0,0.0,
2015-05-27,100000.0,0.0,0.0,0.0,
2015-05-28,100000.0,0.0,0.0,0.0,
2015-05-29,100000.0,0.0,0.0,0.0,
2015-06-01,100000.0,0.0,0.0,0.0,
2015-06-02,100000.0,0.0,0.0,0.0,
2015-06-03,100000.0,0.0,0.0,0.0,
2015-06-04,100000.0,0.0,0.0,0.0,
2015-06-05,100000.0,0.0,0.0,0.0,
2015-06-08,100000.0,0.0,0.0,0.0,
2015-06-09,100000.0,0.0,0.0,0.0,
2015-06-10,100000.0,0.0,0.0,0.0,
2015-06-11,100000.0,0.0,0.0,0.0,
2015-06-12,100000.0,0.0,0.0,0.0,
2015-06-15,100000.0,0.0,0.0,0.0,
2015-06-16,100000.0,0.0,0.0,0.0,
2015-06-17,100000.0,0.0,0.0,0.0,
2015-06-18,100000.0,0.0,0.0,0.0,
2015-06-19,100000.0,0.0,0.0,0.0,
2015-06-22,100000.0,0.0,0.0,0.0,
2015-06-23,100000.0,0.0,0.0,0.0,
2015-06-24,100000.0,0.0,0.0,0.0,
2015-06-25,100000.0,0.0,0.0,0.0,
2015-06-26,100000.0,0.0,0.0,0.0,
2015-06-29,100000.0,0.0,0.0,0.0,
2015-06-30,100000.0,0.0,0.0,0.0,
2015-07-01,100000.0,0.0,0.0,0.0,
2015-07-02,100000.0,0.0,0.0,0.0,
2015-07-06,100000.0,0.0,0.0,0.0,
2015-07-07,100000.0,0.0,0.0,0.0,
2015-07-08,100000.0,0.0,0.0,0.0,
2015-07-09,100000.0,0.0,0.0,0.0,
2015-07-10,100000.0,0.0,0.0,0.0,
2015-07-13,100000.0,0.0,0.0,0.0,
2015-07-14,100000.0,0.0,0.0,0.0,
2015-07-15,100000.0,0.0,0.0,0.0,
2015-07-16,100000.0,0.0,0.0,0.0,
2015-07-17,100000.0,0.0,0.0,0.0,
2015-07-20,100000.0,0.0,0.0,0.0,
2015-07-21,100000.0,0.0,0.0,0.0,
2015-07-22,100000.0,0.0,0.0,0.0,
2015-07-23,100000.0,0.0,0.0,0.0,
2015-07-24,100000.0,0.0,0.0,0.0,
2015-07-27,100000.0,0.0,0.0,0.0,
2015-07-28,100000.0,0.0,0.0,0.0,
2015-07-29,100000.0,0.0,0.0,0.0,
2015-07-30,100000.0,0.0,0.0,0.0,
2015-07-31,100000.0,0.0,0.0,0.0,
2015-08-03,100000.0,0.0,0.0,0.0,
2015-08-04,100000.0,0.0,0.0,0.0,
2015-08-05,100000.0,0.0,0.0,0.0,
2015-08-06,100000.0,0.0,0.0,0.0,
2015-08-07,100000.0,0.0,0.0,0.0,
2015-08-10,100000.0,0.0,0.0,0.0,
2015-08-11,100000.0,0.0,0.0,0.0,
2015-08-12,100000.0,0.0,0.0,0.0,
2015-08-13,100000.0,0.0,0.0,0.0,
2015-08-14,100000.0,0.0,0.0,0.0,
2015-08-17,100000.0,0.0,0.0,0.0,
2015-08-18,100000.0,0.0,0.0,0.0,
2015-08-19,100000.0,0.0,0.0,0.0,
2015-08-20,100000.0,0.0,0.0,0.0,
2015-08-21,100000.0,0.0,0.0,0.0,
2015-08-24,100000.0,0.0,0.0,0.0,
2015-08-25,100000.0,0.0,0.0,0.0,
2015-08-26,100000.0,0.0,0.0,0.0,
2015-08-27,100000.0,0.0,0.0,0.0,
2015-08-28,100000.0,0.0,0.0,0.0,
2015-08-31,100000.0,0.0,0.0,0.0,
2015-09-01,100000.0,0.0,0.0,0.0,
2015-09-02,100000.0,0.0,0.0,0.0,
2015-09-03,100000.0,0.0,0.0,0.0,
2015-09-04,100000.0,0.0,0.0,0.0,
2015-09-08,100000.0,0.0,0.0,0.0,
2015-09-09,100000.0,0.0,0.0,0.0,
2015-09-10,100000.0,0.0,0.0,0.0,
2015-09-11,100000.0,0.0,0.0,0.0,
2015-09-14,100000.0,0.0,0.0,0.0,
2015-09-15,100000.0,0.0,0.0,0.0,
2015-09-16,100000.0,0.0,0.0,0.0,
2015-09-17,100000.0,0.0,0.0,0.0,
2015-09-18,100000.0,0.0,0.0,0.0,
2015-09-21,100000.0,0.0,0.0,0.0,
2015-09-22,100000.0,0.0,0.0,0.0,
2015-09-23,100000.0,0.0,0.0,0.0,
2015-09-24,100000.0,0.0,0.0,0.0,
2015-09-25,100000.0,0.0,0.0,0.0,
2015-09-28,100000.0,0.0,0.0,0.0,
2015-09-29,100000.0,0.0,0.0,0.0,
2015-09-30,100000.0,0.0,0.0,0.0,
2015-10-01,100000.0,0.0,0.0,0.0,
2015-10-02,100000.0,0.0,0.0,0.0,
2015-10-05,100000.0,0.0,0.0,0.0,
2015-10-06,100000.0,0.0,0.0,0.0,
2015-10-07,100000.0,0.0,0.0,0.0,
2015-10-08,100000.0,0.0,0.0,0.0,
2015-10-09,100000.0,0.0,0.0,0.0,
2015-10-12,100000.0,0.0,0.0,0.0,
2015-10-13,100000.0,0.0,0.0,0.0,
2015-10-14,100000.0,0.0,0.0,0.0,
2015-10-15,100000.0,0.0,0.0,0.0,
2015-10-16,100000.0,0.0,0.0,0.0,
2015-10-19,100000.0,0.0,0.0,0.0,
2015-10-20,100000.0,0.0,0.0,0.0,
2015-10-21,100000.0,0.0,0.0,0.0,
2015-10-22,100000.0,0.0,0.0,0.0,
2015-10-23,100000.0,0.0,0.0,0.0,
2015-10-26,100000.0,0.0,0.0,0.0,
2015-10-27,100000.0,0.0,0.0,0.0,
2015-10-28,100000.0,0.0,0.0,0.0,
2015-10-29,100000.0,0.0,0.0,0.0,
2015-10-30,100000.0,0.0,0.0,0.0,
2015-11-02,100000.0,0.0,0.0,0.0,
2015-11-03,100000.0,0.0,0.0,0.0,
2015-11-04,100000.0,0.0,0.0,0.0,
2015-11-05,100000.0,0.0,0.0,0.0,
2015-11-06,100000.0,0.0,0.0,0.0,
2015-11-09,100000.0,0.0,0.0,0.0,
2015-11-10,100000.0,0.0,0.0,0.0,
2015-11-11,100000.0,0.0,0.0,0.0,
2015-11-12,100000.0,0.0,0.0,0.0,
2015-11-13,100000.0,0.0,0.0,0.0,
2015-11-16,100000.0,0.0,0.0,0.0,
2015-11-17,100000.0,0.0,0.0,0.0,
2015-11-18,100000.0,0.0,0.0,0.0,
2015-11-19,100000.0,0.0,0.0,0.0,
2015-11-20,100000.0,0.0,0.0,0.0,
2015-11-23,100000.0,0.0,0.0,0.0,
2015-11-24,100000.0,0.0,0.0,0.0,
2015-11-25,100000.0,0.0,0.0,0.0,
2015-11-27,100000.0,0.0,0.0,0.0,
2015-11-30,100000.0,0.0,0.0,0.0,
2015-12-01,100000.0,0.0,0.0,0.0,
2015-12-02,100000.0,0.0,0.0,0.0,
2015-12-03,100000.0,0.0,0.0,0.0,
2015-12-04,100000.0,0.0,0.0,0.0,
2015-12-07,100000.0,0.0,0.0,0.0,
2015-12-08,100000.0,0.0,0.0,0.0,
2015-12-09,100000.0,0.0,0.0,0.0,
2015-12-10,100000.0,0.0,0.0,0.0,
2015-12-11,100000.0,0.0,0.0,0.0,
2015-12-14,100000.0,0.0,0.0,0.0,
2015-12-15,100000.0,0.0,0.0,0.0,
2015-12-16,100000.0,0.0,0.0,0.0,
2015-12-17,100000.0,0.0,0.0,0.0,
2015-12-18,100000.0,0.0,0.0,0.0,
2015-12-21,100000.0,0.0,0.0,0.0,
2015-12-22,100000.0,0.0,0.0,0.0,
2015-12-23,100000.0,0.0,0.0,0.0,
2015-12-24,100000.0,0.0,0.0,0.0,
2015-12-28,100000.0,0.0,0.0,0.0,
2015-12-29,100000.0,0.0,0.0,0.0,
2015-12-30,100000.0,0.0,0.0,0.0,
2015-12-31,100000.0,0.0,0.0,0.0,
2016-01-04,100000.0,0.0,0.0,0.0,
2016-01-05,100000.0,0.0,0.0,0.0,
2016-01-06,100000.0,0.0,0.0,0.0,
2016-01-07,100000.0,0.0,0.0,0.0,
2016-01-08,100000.0,0.0,0.0,0.0,
2016-01-11,100000.0,0.0,0.0,0.0,
2016-01-12,100000.0,0.0,0.0,0.0,
2016-01-13,100000.0,0.0,0.0,0.0,
2016-01-14,100000.0,0.0,0.0,0.0,
2016-01-15,100000.0,0.0,0.0,0.0,
2016-01-19,100000.0,0.0,0.0,0.0,
2016-01-20,100000.0,0.0,0.0,0.0,
2016-01-21,100000.0,0.0,0.0,0.0,
2016-01-22,100000.0,0.0,0.0,0.0,
2016-01-25,100000.0,0.0,0.0,0.0,
2016-01-26,100000.0,0.0,0.0,0.0,
2016-01-27,100000.0,0.0,0.0,0.0,
2016-01-28,100000.0,0.0,0.0,0.0,
2016-01-29,100000.0,0.0,0.0,0.0,
2016-02-01,100000.0,0.0,0.0,0.0,
2016-02-02,100000.0,0.0,0.0,0.0,
2016-02-03,100000.0,0.0,0.0,0.0,
2016-02-04,100000.0,0.0,0.0,0.0,
2016-02-05,100000.0,0.0,0.0,0.0,
2016-02-08,100000.0,0.0,0.0,0.0,
2016-02-09,100000.0,0.0,0.0,0.0,
2016-02-10,100000.0,0.0,0.0,0.0,
2016-02-11,100000.0,0.0,0.0,0.0,
2016-02-12,100000.0,0.0,0.0,0.0,
2016-02-16,100000.0,0.0,0.0,0.0,
2016-02-17,100000.0,0.0,0.0,0.0,
2016-02-18,100000.0,0.0,0.0,0.0,
2016-02-19,100000.0,0.0,0.0,0.0,
2016-02-22,100000.0,0.0,0.0,0.0,
2016-02-23,100000.0,0.0,0.0,0.0,
2016-02-24,100000.0,0.0,0.0,0.0,
2016-02-25,100000.0,0.0,0.0,0.0,
2016-02-26,100000.0,0.0,0.0,0.0,
2016-02-29,100000.0,0.0,0.0,0.0,
2016-03-01,100000.0,0.0,0.0,0.0,
2016-03-02,100000.0,0.0,0.0,0.0,
2016-03-03,100000.0,0.0,0.0,0.0,
2016-03-04,100000.0,0.0,0.0,0.0,
2016-03-07,100000.0,0.0,0.0,0.0,
2016-03-08,100000.0,0.0,0.0,0.0,
2016-03-09,100000.0,0.0,0.0,0.0,
2016-03-10,100000.0,0.0,0.0,0.0,
2016-03-11,100000.0,0.0,0.0,0.0,
2016-03-14,100000.0,0.0,0.0,0.0,
2016-03-15,100000.0,0.0,0.0,0.0,
2016-03-16,100000.0,0.0,0.0,0.0,
2016-03-17,100000.0,0.0,0.0,0.0,
2016-03-18,100000.0,0.0,0.0,0.0,
2016-03-21,100000.0,0.0,0.0,0.0,
2016-03-22,100000.0,0.0,0.0,0.0,
2016-03-23,100000.0,0.0,0.0,0.0,
2016-03-24,100000.0,0.0,0.0,0.0,
2016-03-28,100000.0,0.0,0.0,0.0,
2016-03-29,100000.0,0.0,0.0,0.0,
2016-03-30,100000.0,0.0,0.0,0.0,
2016-03-31,100000.0,0.0,0.0,0.0,
2016-04-01,100000.0,0.0,0.0,0.0,
2016-04-04,100000.0,0.0,0.0,0.0,
2016-04-05,100000.0,0.0,0.0,0.0,
2016-04-06,100000.0,0.0,0.0,0.0,
2016-04-07,100000.0,0.0,0.0,0.0,
2016-04-08,100000.0,0.0,0.0,0.0,
2016-04-11,100000.0,0.0,0.0,0.0,
2016-04-12,100000.0,0.0,0.0,0.0,
2016-04-13,100000.0,0.0,0.0,0.0,
2016-04-14,100000.0,0.0,0.0,0.0,
2016-04-15,100000.0,0.0,0.0,0.0,
2016-04-18,100000.0,0.0,0.0,0.0,
2016-04-19,100000.0,0.0,0.0,0.0,
2016-04-20,100000.0,0.0,0.0,0.0,
2016-04-21,100000.0,0.0,0.0,0.0,
2016-04-22,100000.0,0.0,0.0,0.0,
2016-04-25,100000.0,0.0,0.0,0.0,
2016-04-26,100000.0,0.0,0.0,0.0,
2016-04-27,100000.0,0.0,0.0,0.0,
2016-04-28,100000.0,0.0,0.0,0.0,
2016-04-29,100000.0,0.0,0.0,0.0,
2016-05-02,100000.0,0.0,0.0,0.0,
2016-05-03,100000.0,0.0,0.0,0.0,
2016-05-04,100000.0,0.0,0.0,0.0,
2016-05-05,100000.0,0.0,0.0,0.0,
2016-05-06,100000.0,0.0,0.0,0.0,
2016-05-09,100000.0,0.0,0.0,0.0,
2016-05-10,100000.0,0.0,0.0,0.0,
2016-05-11,100000.0,0.0,0.0,0.0,
2016-05-12,100000.0,0.0,0.0,0.0,
2016-05-13,100000.0,0.0,0.0,0.0,
2016-05-16,100000.0,0.0,0.0,0.0,
2016-05-17,100000.0,0.0,0.0,0.0,
2016-05-18,100000.0,0.0,0.0,0.0,
2016-05-19,100000.0,0.0,0.0,0.0,
2016-05-20,100000.0,0.0,0.0,0.0,
2016-05-23,100000.0,0.0,0.0,0.0,
2016-05-24,100000.0,0.0,0.0,0.0,
2016-05-25,100000.0,0.0,0.0,0.0,
2016-05-26,100000.0,0.0,0.0,0.0,
2016-05-27,100000.0,0.0,0.0,0.0,
2016-05-31,100000.0,0.0,0.0,0.0,
2016-06-01,100000.0,0.0,0.0,0.0,
2016-06-02,100000.0,0.0,0.0,0.0,
2016-06-03,100000.0,0.0,0.0,0.0,
2016-06-06,100000.0,0.0,0.0,0.0,
2016-06-07,100000.0,0.0,0.0,0.0,
2016-06-08,100000.0,0.0,0.0,0.0,
2016-06-09,100000.0,0.0,0.0,0.0,
2016-06-10,100000.0,0.0,0.0,0.0,
2016-06-13,100000.0,0.0,0.0,0.0,
2016-06-14,100000.0,0.0,0.0,0.0,
2016-06-15,100000.0,0.0,0.0,0.0,
2016-06-16,100000.0,0.0,0.0,0.0,
2016-06-17,100000.0,0.0,0.0,0.0,
2016-06-20,100000.0,0.0,0.0,0.0,
2016-06-21,100000.0,0.0,0.0,0.0,
2016-06-22,100000.0,0.0,0.0,0.0,
2016-06-23,100000.0,0.0,0.0,0.0,
2016-06-24,100000.0,0.0,0.0,0.0,
2016-06-27,100000.0,0.0,0.0,0.0,
2016-06-28,100000.0,0.0,0.0,0.0,
2016-06-29,100000.0,0.0,0.0,0.0,
2016-06-30,100000.0,0.0,0.0,0.0,
2016-07-01,100000.0,0.0,0.0,0.0,
2016-07-05,100000.0,0.0,0.0,0.0,
2016-07-06,100000.0,0.0,0.0,0.0,
2016-07-07,100000.0,0.0,0.0,0.0,
2016-07-08,100000.0,0.0,0.0,0.0,
2016-07-11,100000.0,0.0,0.0,0.0,
2016-07-12,100000.0,0.0,0.0,0.0,
2016-07-13,100000.0,0.0,0.0,0.0,
2016-07-14,100000.0,0.0,0.0,0.0,
2016-07-15,100000.0,0.0,0.0,0.0,
2016-07-18,100000.0,0.0,0.0,0.0,
2016-07-19,100000.0,0.0,0.0,0.0,
2016-07-20,100000.0,0.0,0.0,0.0,
2016-07-21,100000.0,0.0,0.0,0.0,
2016-07-22,100000.0,0.0,0.0,0.0,
2016-07-25,100000.0,0.0,0.0,0.0,
2016-07-26,100000.0,0.0,0.0,0.0,
2016-07-27,100000.0,0.0,0.0,0.0,
2016-07-28,100000.0,0.0,0.0,0.0,
2016-07-29,100000.0,0.0,0.0,0.0,
2016-08-01,100000.0,0.0,0.0,0.0,
2016-08-02,100000.0,0.0,0.0,0.0,
2016-08-03,100000.0,0.0,0.0,0.0,
2016-08-04,100000.0,0.0,0.0,0.0,
2016-08-05,100000.0,0.0,0.0,0.0,
2016-08-08,100000.0,0.0,0.0,0.0,
2016-08-09,100000.0,0.0,0.0,0.0,
2016-08-10,100000.0,0.0,0.0,0.0,
2016-08-11,100000.0,0.0,0.0,0.0,
2016-08-12,100000.0,0.0,0.0,0.0,
2016-08-15,100000.0,0.0,0.0,0.0,
2016-08-16,100000.0,0.0,0.0,0.0,
2016-08-17,100000.0,0.0,0.0,0.0,
2016-08-18,100000.0,0.0,0.0,0.0,
2016-08-19,100000.0,0.0,0.0,0.0,
2016-08-22,100000.0,0.0,0.0,0.0,
2016-08-23,100000.0,0.0,0.0,0.0,
2016-08-24,100000.0,0.0,0.0,0.0,
2016-08-25,100000.0,0.0,0.0,0.0,
2016-08-26,100000.0,0.0,0.0,0.0,
2016-08-29,100000.0,0.0,0.0,0.0,
2016-08-30,100000.0,0.0,0.0,0.0,
2016-08-31,100000.0,0.0,0.0,0.0,
2016-09-01,100000.0,0.0,0.0,0.0,
2016-09-02,100000.0,0.0,0.0,0.0,
2016-09-06,100000.0,0.0,0.0,0.0,
2016-09-07,100000.0,0.0,0.0,0.0,
2016-09-08,100000.0,0.0,0.0,0.0,
2016-09-09,100000.0,0.0,0.0,0.0,
2016-09-12,100000.0,0.0,0.0,0.0,
2016-09-13,100000.0,0.0,0.0,0.0,
2016-09-14,100000.0,0.0,0.0,0.0,
2016-09-15,100000.0,0.0,0.0,0.0,
2016-09-16,100000.0,0.0,0.0,0.0,
2016-09-19,100000.0,0.0,0.0,0.0,
2016-09-20,100000.0,0.0,0.0,0.0,
2016-09-21,100000.0,0.0,0.0,0.0,
2016-09-22,100000.0,0.0,0.0,0.0,
2016-09-23,100000.0,0.0,0.0,0.0,
2016-09-26,100000.0,0.0,0.0,0.0,
2016-09-27,100000.0,0.0,0.0,0.0,
2016-09-28,100000.0,0.0,0.0,0.0,
2016-09-29,100000.0,0.0,0.0,0.0,
2016-09-30,100000.0,0.0,0.0,0.0,
2016-10-03,100000.0,0.0,0.0,0.0,
2016-10-04,100000.0,0.0,0.0,0.0,
2016-10-05,100000.0,0.0,0.0,0.0,
2016-10-06,100000.0,0.0,0.0,0.0,
2016-10-07,100000.0,0.0,0.0,0.0,
2016-10-10,100000.0,0.0,0.0,0.0,
2016-10-11,100000.0,0.0,0.0,0.0,
2016-10-12,100000.0,0.0,0.0,0.0,
2016-10-13,100000.0,0.0,0.0,0.0,
2016-10-14,100000.0,0.0,0.0,0.0,
2016-10-17,100000.0,0.0,0.0,0.0,
2016-10-18,100000.0,0.0,0.0,0.0,
2016-10-19,100000.0,0.0,0.0,0.0,
2016-10-20,100000.0,0.0,0.0,0.0,
2016-10-21,100000.0,0.0,0.0,0.0,
2016-10-24,100000.0,0.0,0.0,0.0,
2016-10-25,100000.0,0.0,0.0,0.0,
2016-10-26,100000.0,0.0,0.0,0.0,
2016-10-27,100000.0,0.0,0.0,0.0,
2016-10-28,100000.0,0.0,0.0,0.0,
2016-10-31,100000.0,0.0,0.0,0.0,
2016-11-01,100000.0,0.0,0.0,0.0,
2016-11-02,100000.0,0.0,0.0,0.0,
2016-11-03,100000.0,0.0,0.0,0.0,
2016-11-04,100000.0,0.0,0.0,0.0,
2016-11-07,100000.0,0.0,0.0,0.0,
2016-11-08,100000.0,0.0,0.0,0.0,
2016-11-09,100000.0,0.0,0.0,0.0,
2016-11-10,100000.0,0.0,0.0,0.0,
2016-11-11,100000.0,0.0,0.0,0.0,
2016-11-14,100000.0,0.0,0.0,0.0,
2016-11-15,100000.0,0.0,0.0,0.0,
2016-11-16,100000.0,0.0,0.0,0.0,
2016-11-17,100000.0,0.0,0.0,0.0,
2016-11-18,100000.0,0.0,0.0,0.0,
2016-11-21,100000.0,0.0,0.0,0.0,
2016-11-22,100000.0,0.0,0.0,0.0,
2016-11-23,100000.0,0.0,0.0,0.0,
2016-11-25,100000.0,0.0,0.0,0.0,
2016-11-28,100000.0,0.0,0.0,0.0,
2016-11-29,100000.0,0.0,0.0,0.0,
2016-11-30,100000.0,0.0,0.0,0.0,
2016-12-01,100000.0,0.0,0.0,0.0,
2016-12-02,100000.0,0.0,0.0,0.0,
2016-12-05,100000.0,0.0,0.0,0.0,
2016-12-06,100000.0,0.0,0.0,0.0,
2016-12-07,100000.0,0.0,0.0,0.0,
2016-12-08,100000.0,0.0,0.0,0.0,
2016-12-09,100000.0,0.0,0.0,0.0,
2016-12-12,100000.0,0.0,0.0,0.0,
2016-12-13,100000.0,0.0,0.0,0.0,
2016-12-14,100000.0,0.0,0.0,0.0,
2016-12-15,100000.0,0.0,0.0,0.0,
2016-12-16,100000.0,0.0,0.0,0.0,
2016-12-19,100000.0,0.0,0.0,0.0,
2016-12-20,100000.0,0.0,0.0,0.0,
2016-12-21,100000.0,0.0,0.0,0.0,
2016-12-22,100000.0,0.0,0.0,0.0,
2016-12-23,100000.0,0.0,0.0,0.0,
2016-12-27,100000.0,0.0,0.0,0.0,
2016-12-28,100000.0,0.0,0.0,0.0,
2016-12-29,100000.0,0.0,0.0,0.0,
2016-12-30,100000.0,0.0,0.0,0.0,
2017-01-03,100000.0,0.0,0.0,0.0,
2017-01-04,100000.0,0.0,0.0,0.0,
2017-01-05,100000.0,0.0,0.0,0.0,
2017-01-06,100000.0,0.0,0.0,0.0,
2017-01-09,100000.0,0.0,0.0,0.0,
2017-01-10,100000.0,0.0,0.0,0.0,
2017-01-11,100000.0,0.0,0.0,0.0,
2017-01-12,100000.0,0.0,0.0,0.0,
2017-01-13,100000.0,0.0,0.0,0.0,
2017-01-17,100000.0,0.0,0.0,0.0,
2017-01-18,100000.0,0.0,0.0,0.0,
2017-01-19,100000.0,0.0,0.0,0.0,
2017-01-20,100000.0,0.0,0.0,0.0,
2017-01-23,100000.0,0.0,0.0,0.0,
2017-01-24,100000.0,0.0,0.0,0.0,
2017-01-25,100000.0,0.0,0.0,0.0,
2017-01-26,100000.0,0.0,0.0,0.0,
2017-01-27,100000.0,0.0,0.0,0.0,
2017-01-30,100000.0,0.0,0.0,0.0,
2017-01-31,100000.0,0.0,0.0,0.0,
2017-02-01,100000.0,0.0,0.0,0.0,
2017-02-02,100000.0,0.0,0.0,0.0,
2017-02-03,100000.0,0.0,0.0,0.0,
2017-02-06,100000.0,0.0,0.0,0.0,
2017-02-07,100000.0,0.0,0.0,0.0,
2017-02-08,100000.0,0.0,0.0,0.0,
2017-02-09,100000.0,0.0,0.0,0.0,
2017-02-10,100000.0,0.0,0.0,0.0,
2017-02-13,100000.0,0.0,0.0,0.0,
2017-02-14,100000.0,0.0,0.0,0.0,
2017-02-15,100000.0,0.0,0.0,0.0,
2017-02-16,100000.0,0.0,0.0,0.0,
2017-02-17,100000.0,0.0,0.0,0.0,
2017-02-21,100000.0,0.0,0.0,0.0,
2017-02-22,100000.0,0.0,0.0,0.0,
2017-02-23,100000.0,0.0,0.0,0.0,
2017-02-24,100000.0,0.0,0.0,0.0,
2017-02-27,100000.0,0.0,0.0,0.0,
2017-02-28,100000.0,0.0,0.0,0.0,
2017-03-01,100000.0,0.0,0.0,0.0,
2017-03-02,100000.0,0.0,0.0,0.0,
2017-03-03,100000.0,0.0,0.0,0.0,
2017-03-06,100000.0,0.0,0.0,0.0,
2017-03-07,100000.0,0.0,0.0,0.0,
2017-03-08,100000.0,0.0,0.0,0.0,
2017-03-09,100000.0,0.0,0.0,0.0,
2017-03-10,100000.0,0.0,0.0,0.0,
2017-03-13,100000.0,0.0,0.0,0.0,
2017-03-14,100000.0,0.0,0.0,0.0,
2017-03-15,100000.0,0.0,0.0,0.0,
2017-03-16,100000.0,0.0,0.0,0.0,
2017-03-17,100000.0,0.0,0.0,0.0,
2017-03-20,100000.0,0.0,0.0,0.0,
2017-03-21,100000.0,0.0,0.0,0.0,
2017-03-22,100000.0,0.0,0.0,0.0,
2017-03-23,100000.0,0.0,0.0,0.0,
2017-03-24,100000.0,0.0,0.0,0.0,
2017-03-27,100000.0,0.0,0.0,0.0,
2017-03-28,100000.0,0.0,0.0,0.0,
2017-03-29,100000.0,0.0,0.0,0.0,
2017-03-30,100000.0,0.0,0.0,0.0,
2017-03-31,100000.0,0.0,0.0,0.0,
2017-04-03,100000.0,0.0,0.0,0.0,
2017-04-04,100000.0,0.0,0.0,0.0,
2017-04-05,100000.0,0.0,0.0,0.0,
2017-04-06,100000.0,0.0,0.0,0.0,
2017-04-07,100000.0,0.0,0.0,0.0,
2017-04-10,100000.0,0.0,0.0,0.0,
2017-04-11,100000.0,0.0,0.0,0.0,
2017-04-12,100000.0,0.0,0.0,0.0,
2017-04-13,100000.0,0.0,0.0,0.0,
2017-04-17,100000.0,0.0,0.0,0.0,
2017-04-18,100000.0,0.0,0.0,0.0,
2017-04-19,100000.0,0.0,0.0,0.0,
2017-04-20,100000.0,0.0,0.0,0.0,
2017-04-21,100000.0,0.0,0.0,0.0,
2017-04-24,100000.0,0.0,0.0,0.0,
2017-04-25,100000.0,0.0,0.0,0.0,
2017-04-26,100000.0,0.0,0.0,0.0,
2017-04-27,100000.0,0.0,0.0,0.0,
2017-04-28,100000.0,0.0,0.0,0.0,
2017-05-01,100000.0,0.0,0.0,0.0,
2017-05-02,100000.0,0.0,0.0,0.0,
2017-05-03,100000.0,0.0,0.0,0.0,
2017-05-04,100000.0,0.0,0.0,0.0,
2017-05-05,100000.0,0.0,0.0,0.0,
2017-05-08,100000.0,0.0,0.0,0.0,
2017-05-09,100000.0,0.0,0.0,0.0,
2017-05-10,100000.0,0.0,0.0,0.0,
2017-05-11,100000.0,0.0,0.0,0.0,
2017-05-12,100000.0,0.0,0.0,0.0,
2017-05-15,100000.0,0.0,0.0,0.0,
2017-05-16,100000.0,0.0,0.0,0.0,
2017-05-17,100000.0,0.0,0.0,0.0,
2017-05-18,100000.0,0.0,0.0,0.0,
2017-05-19,100000.0,0.0,0.0,0.0,
2017-05-22,100000.0,0.0,0.0,0.0,
2017-05-23,100000.0,0.0,0.0,0.0,
2017-05-24,100000.0,0.0,0.0,0.0,
2017-05-25,100000.0,0.0,0.0,0.0,
2017-05-26,100000.0,0.0,0.0,0.0,
2017-05-30,100000.0,0.0,0.0,0.0,
2017-05-31,100000.0,0.0,0.0,0.0,
2017-06-01,100000.0,0.0,0.0,0.0,
2017-06-02,100000.0,0.0,0.0,0.0,
2017-06-05,100000.0,0.0,0.0,0.0,
2017-06-06,100000.0,0.0,0.0,0.0,
2017-06-07,100000.0,0.0,0.0,0.0,
2017-06-08,100000.0,0.0,0.0,0.0,
2017-06-09,100000.0,0.0,0.0,0.0,
2017-06-12,100000.0,0.0,0.0,0.0,
2017-06-13,100000.0,0.0,0.0,0.0,
2017-06-14,100000.0,0.0,0.0,0.0,
2017-06-15,100000.0,0.0,0.0,0.0,
2017-06-16,100000.0,0.0,0.0,0.0,
2017-06-19,100000.0,0.0,0.0,0.0,
2017-06-20,100000.0,0.0,0.0,0.0,
2017-06-21,100000.0,0.0,0.0,0.0,
2017-06-22,100000.0,0.0,0.0,0.0,
2017-06-23,100000.0,0.0,0.0,0.0,
2017-06-26,100000.0,0.0,0.0,0.0,
2017-06-27,100000.0,0.0,0.0,0.0,
2017-06-28,100000.0,0.0,0.0,0.0,
2017-06-29,100000.0,0.0,0.0,0.0,
2017-06-30,100000.0,0.0,0.0,0.0,
2017-07-03,100000.0,0.0,0.0,0.0,
2017-07-05,100000.0,0.0,0.0,0.0,
2017-07-06,100000.0,0.0,0.0,0.0,
2017-07-07,100000.0,0.0,0.0,0.0,
2017-07-10,100000.0,0.0,0.0,0.0,
2017-07-11,100000.0,0.0,0.0,0.0,
2017-07-12,100000.0,0.0,0.0,0.0,
2017-07-13,100000.0,0.0,0.0,0.0,
2017-07-14,100000.0,0.0,0.0,0.0,
2017-07-17,100000.0,0.0,0.0,0.0,
2017-07-18,100000.0,0.0,0.0,0.0,
2017-07-19,100000.0,0.0,0.0,0.0,
2017-07-20,100000.0,0.0,0.0,0.0,
2017-07-21,100000.0,0.0,0.0,0.0,
2017-07-24,100000.0,0.0,0.0,0.0,
2017-07-25,100000.0,0.0,0.0,0.0,
2017-07-26,100000.0,0.0,0.0,0.0,
2017-07-27,100000.0,0.0,0.0,0.0,
2017-07-28,100000.0,0.0,0.0,0.0,
2017-07-31,100000.0,0.0,0.0,0.0,
2017-08-01,100000.0,0.0,0.0,0.0,
2017-08-02,100000.0,0.0,0.0,0.0,
2017-08-03,100000.0,0.0,0.0,0.0,
2017-08-04,100000.0,0.0,0.0,0.0,
2017-08-07,100000.0,0.0,0.0,0.0,
2017-08-08,100000.0,0.0,0.0,0.0,
2017-08-09,100000.0,0.0,0.0,0.0,
2017-08-10,100000.0,0.0,0.0,0.0,
2017-08-11,100000.0,0.0,0.0,0.0,
2017-08-14,100000.0,0.0,0.0,0.0,
2017-08-15,100000.0,0.0,0.0,0.0,
2017-08-16,100000.0,0.0,0.0,0.0,
2017-08-17,100000.0,0.0,0.0,0.0,
2017-08-18,100000.0,0.0,0.0,0.0,
2017-08-21,100000.0,0.0,0.0,0.0,
2017-08-22,100000.0,0.0,0.0,0.0,
2017-08-23,100000.0,0.0,0.0,0.0,
2017-08-24,100000.0,0.0,0.0,0.0,
2017-08-25,100000.0,0.0,0.0,0.0,
2017-08-28,100000.0,0.0,0.0,0.0,
2017-08-29,100000.0,0.0,0.0,0.0,
2017-08-30,100000.0,0.0,0.0,0.0,
2017-08-31,100000.0,0.0,0.0,0.0,
2017-09-01,100000.0,0.0,0.0,0.0,
2017-09-05,100000.0,0.0,0.0,0.0,
2017-09-06,100000.0,0.0,0.0,0.0,
2017-09-07,100000.0,0.0,0.0,0.0,
2017-09-08,100000.0,0.0,0.0,0.0,
2017-09-11,100000.0,0.0,0.0,0.0,
2017-09-12,100000.0,0.0,0.0,0.0,
2017-09-13,100000.0,0.0,0.0,0.0,
2017-09-14,100000.0,0.0,0.0,0.0,
2017-09-15,100000.0,0.0,0.0,0.0,
2017-09-18,100000.0,0.0,0.0,0.0,
2017-09-19,100000.0,0.0,0.0,0.0,
2017-09-20,100000.0,0.0,0.0,0.0,
2017-09-21,100000.0,0.0,0.0,0.0,
2017-09-22,100000.0,0.0,0.0,0.0,
2017-09-25,100000.0,0.0,0.0,0.0,
2017-09-26,100000.0,0.0,0.0,0.0,
2017-09-27,100000.0,0.0,0.0,0.0,
2017-09-28,100000.0,0.0,0.0,0.0,
2017-09-29,100000.0,0.0,0.0,0.0,
2017-10-02,100000.0,0.0,0.0,0.0,
2017-10-03,100000.0,0.0,0.0,0.0,
2017-10-04,100000.0,0.0,0.0,0.0,
2017-10-05,100000.0,0.0,0.0,0.0,
2017-10-06,100000.0,0.0,0.0,0.0,
2017-10-09,100000.0,0.0,0.0,0.0,
2017-10-10,100000.0,0.0,0.0,0.0,
2017-10-11,100000.0,0.0,0.0,0.0,
2017-10-12,100000.0,0.0,0.0,0.0,
2017-10-13,100000.0,0.0,0.0,0.0,
2017-10-16,100000.0,0.0,0.0,0.0,
2017-10-17,100000.0,0.0,0.0,0.0,
2017-10-18,100000.0,0.0,0.0,0.0,
2017-10-19,100000.0,0.0,0.0,0.0,
2017-10-20,100000.0,0.0,0.0,0.0,
2017-10-23,100000.0,0.0,0.0,0.0,
2017-10-24,100000.0,0.0,0.0,0.0,
2017-10-25,100000.0,0.0,0.0,0.0,
2017-10-26,100000.0,0.0,0.0,0.0,
2017-10-27,100000.0,0.0,0.0,0.0,
2017-10-30,100000.0,0.0,0.0,0.0,
2017-10-31,100000.0,0.0,0.0,0.0,
2017-11-01,100000.0,0.0,0.0,0.0,
2017-11-02,100000.0,0.0,0.0,0.0,
2017-11-03,100000.0,0.0,0.0,0.0,
2017-11-06,100000.0,0.0,0.0,0.0,
2017-11-07,100000.0,0.0,0.0,0.0,
2017-11-08,100000.0,0.0,0.0,0.0,
2017-11-09,100000.0,0.0,0.0,0.0,
2017-11-10,100000.0,0.0,0.0,0.0,
2017-11-13,100000.0,0.0,0.0,0.0,
2017-11-14,100000.0,0.0,0.0,0.0,
2017-11-15,100000.0,0.0,0.0,0.0,
2017-11-16,100000.0,0.0,0.0,0.0,
2017-11-17,100000.0,0.0,0.0,0.0,
2017-11-20,100000.0,0.0,0.0,0.0,
2017-11-21,100000.0,0.0,0.0,0.0,
2017-11-22,100000.0,0.0,0.0,0.0,
2017-11-24,100000.0,0.0,0.0,0.0,
2017-11-27,100000.0,0.0,0.0,0.0,
2017-11-28,100000.0,0.0,0.0,0.0,
2017-11-29,100000.0,0.0,0.0,0.0,
2017-11-30,100000.0,0.0,0.0,0.0,
2017-12-01,100000.0,0.0,0.0,0.0,
2017-12-04,100000.0,0.0,0.0,0.0,
2017-12-05,100000.0,0.0,0.0,0.0,
2017-12-06,100000.0,0.0,0.0,0.0,
2017-12-07,100000.0,0.0,0.0,0.0,
2017-12-08,100000.0,0.0,0.0,0.0,
2017-12-11,100000.0,0.0,0.0,0.0,
2017-12-12,100000.0,0.0,0.0,0.0,
2017-12-13,100000.0,0.0,0.0,0.0,
2017-12-14,100000.0,0.0,0.0,0.0,
2017-12-15,100000.0,0.0,0.0,0.0,
2017-12-18,100000.0,0.0,0.0,0.0,
2017-12-19,100000.0,0.0,0.0,0.0,
2017-12-20,100000.0,0.0,0.0,0.0,
2017-12-21,100000.0,0.0,0.0,0.0,
2017-12-22,100000.0,0.0,0.0,0.0,
2017-12-26,100000.0,0.0,0.0,0.0,
2017-12-27,100000.0,0.0,0.0,0.0,
2017-12-28,100000.0,0.0,0.0,0.0,
2017-12-29,100000.0,0.0,0.0,0.0,
2018-01-02,100000.0,0.0,0.0,0.0,
2018-01-03,100000.0,0.0,0.0,0.0,
2018-01-04,100000.0,0.0,0.0,0.0,
2018-01-05,100000.0,0.0,0.0,0.0,
2018-01-08,100000.0,0.0,0.0,0.0,
2018-01-09,100000.0,0.0,0.0,0.0,
2018-01-10,100000.0,0.0,0.0,0.0,
2018-01-11,100000.0,0.0,0.0,0.0,
2018-01-12,100000.0,0.0,0.0,0.0,
2018-01-16,100000.0,0.0,0.0,0.0,
2018-01-17,100000.0,0.0,0.0,0.0,
2018-01-18,100000.0,0.0,0.0,0.0,
2018-01-19,100000.0,0.0,0.0,0.0,
2018-01-22,100000.0,0.0,0.0,0.0,
2018-01-23,100000.0,0.0,0.0,0.0,
2018-01-24,100000.0,0.0,0.0,0.0,
2018-01-25,100000.0,0.0,0.0,0.0,
2018-01-26,100000.0,0.0,0.0,0.0,
2018-01-29,100000.0,0.0,0.0,0.0,
2018-01-30,100000.0,0.0,0.0,0.0,
2018-01-31,100000.0,0.0,0.0,0.0,
2018-02-01,100000.0,0.0,0.0,0.0,
2018-02-02,100000.0,0.0,0.0,0.0,
2018-02-05,100000.0,0.0,0.0,0.0,
2018-02-06,100000.0,0.0,0.0,0.0,
2018-02-07,100000.0,0.0,0.0,0.0,
2018-02-08,100000.0,0.0,0.0,0.0,
2018-02-09,100000.0,0.0,0.0,0.0,
2018-02-12,100000.0,0.0,0.0,0.0,
2018-02-13,100000.0,0.0,0.0,0.0,
2018-02-14,100000.0,0.0,0.0,0.0,
2018-02-15,100000.0,0.0,0.0,0.0,
2018-02-16,100000.0,0.0,0.0,0.0,
2018-02-20,100000.0,0.0,0.0,0.0,
2018-02-21,100000.0,0.0,0.0,0.0,
2018-02-22,100000.0,0.0,0.0,0.0,
2018-02-23,100000.0,0.0,0.0,0.0,
2018-02-26,100000.0,0.0,0.0,0.0,
2018-02-27,100000.0,0.0,0.0,0.0,
2018-02-28,100000.0,0.0,0.0,0.0,
2018-03-01,100000.0,0.0,0.0,0.0,
2018-03-02,100000.0,0.0,0.0,0.0,
2018-03-05,100000.0,0.0,0.0,0.0,
2018-03-06,100000.0,0.0,0.0,0.0,
2018-03-07,100000.0,0.0,0.0,0.0,
2018-03-08,100000.0,0.0,0.0,0.0,
2018-03-09,100000.0,0.0,0.0,0.0,
2018-03-12,100000.0,0.0,0.0,0.0,
2018-03-13,100000.0,0.0,0.0,0.0,
2018-03-14,100000.0,0.0,0.0,0.0,
2018-03-15,100000.0,0.0,0.0,0.0,
2018-03-16,100000.0,0.0,0.0,0.0,
2018-03-19,100000.0,0.0,0.0,0.0,
2018-03-20,100000.0,0.0,0.0,0.0,
2018-03-21,100000.0,0.0,0.0,0.0,
2018-03-22,100000.0,0.0,0.0,0.0,
2018-03-23,100000.0,0.0,0.0,0.0,
2018-03-26,100000.0,0.0,0.0,0.0,
2018-03-27,100000.0,0.0,0.0,0.0,
2018-03-28,100000.0,0.0,0.0,0.0,
2018-03-29,100000.0,0.0,0.0,0.0,
2018-04-02,100000.0,0.0,0.0,0.0,
2018-04-03,100000.0,0.0,0.0,0.0,
2018-04-04,100000.0,0.0,0.0,0.0,
2018-04-05,100000.0,0.0,0.0,0.0,
2018-04-06,100000.0,0.0,0.0,0.0,
2018-04-09,100000.0,0.0,0.0,0.0,
2018-04-10,100000.0,0.0,0.0,0.0,
2018-04-11,100000.0,0.0,0.0,0.0,
2018-04-12,100000.0,0.0,0.0,0.0,
2018-04-13,100000.0,0.0,0.0,0.0,
2018-04-16,100000.0,0.0,0.0,0.0,
2018-04-17,100000.0,0.0,0.0,0.0,
2018-04-18,100000.0,0.0,0.0,0.0,
2018-04-19,100000.0,0.0,0.0,0.0,
2018-04-20,100000.0,0.0,0.0,0.0,
2018-04-23,100000.0,0.0,0.0,0.0,
2018-04-24,100000.0,0.0,0.0,0.0,
2018-04-25,100000.0,0.0,0.0,0.0,
2018-04-26,100000.0,0.0,0.0,0.0,
2018-04-27,100000.0,0.0,0.0,0.0,
2018-04-30,100000.0,0.0,0.0,0.0,
2018-05-01,100000.0,0.0,0.0,0.0,
2018-05-02,100000.0,0.0,0.0,0.0,
2018-05-03,100000.0,0.0,0.0,0.0,
2018-05-04,100000.0,0.0,0.0,0.0,
2018-05-07,100000.0,0.0,0.0,0.0,
2018-05-08,100000.0,0.0,0.0,0.0,
2018-05-09,100000.0,0.0,0.0,0.0,
2018-05-10,100000.0,0.0,0.0,0.0,
2018-05-11,100000.0,0.0,0.0,0.0,
2018-05-14,100000.0,0.0,0.0,0.0,
2018-05-15,100000.0,0.0,0.0,0.0,
2018-05-16,100000.0,0.0,0.0,0.0,
2018-05-17,100000.0,0.0,0.0,0.0,
2018-05-18,100000.0,0.0,0.0,0.0,
2018-05-21,100000.0,0.0,0.0,0.0,
2018-05-22,100000.0,0.0,0.0,0.0,
2018-05-23,100000.0,0.0,0.0,0.0,
2018-05-24,100000.0,0.0,0.0,0.0,
2018-05-25,100000.0,0.0,0.0,0.0,
2018-05-29,100000.0,0.0,0.0,0.0,
2018-05-30,100000.0,0.0,0.0,0.0,
2018-05-31,100000.0,0.0,0.0,0.0,
2018-06-01,100000.0,0.0,0.0,0.0,
2018-06-04,100000.0,0.0,0.0,0.0,
2018-06-05,100000.0,0.0,0.0,0.0,
2018-06-06,100000.0,0.0,0.0,0.0,
2018-06-07,100000.0,0.0,0.0,0.0,
2018-06-08,100000.0,0.0,0.0,0.0,
2018-06-11,100000.0,0.0,0.0,0.0,
2018-06-12,100000.0,0.0,0.0,0.0,
2018-06-13,100000.0,0.0,0.0,0.0,
2018-06-14,100000.0,0.0,0.0,0.0,
2018-06-15,100000.0,0.0,0.0,0.0,
2018-06-18,100000.0,0.0,0.0,0.0,
2018-06-19,100000.0,0.0,0.0,0.0,
2018-06-20,100000.0,0.0,0.0,0.0,
2018-06-21,100000.0,0.0,0.0,0.0,
2018-06-22,100000.0,0.0,0.0,0.0,
2018-06-25,100000.0,0.0,0.0,0.0,
2018-06-26,100000.0,0.0,0.0,0.0,
2018-06-27,100000.0,0.0,0.0,0.0,
2018-06-28,100000.0,0.0,0.0,0.0,
2018-06-29,100000.0,0.0,0.0,0.0,
2018-07-02,100000.0,0.0,0.0,0.0,
2018-07-03,100000.0,0.0,0.0,0.0,
2018-07-05,100000.0,0.0,0.0,0.0,
2018-07-06,100000.0,0.0,0.0,0.0,
2018-07-09,100000.0,0.0,0.0,0.0,
2018-07-10,100000.0,0.0,0.0,0.0,
2018-07-11,100000.0,0.0,0.0,0.0,
2018-07-12,100000.0,0.0,0.0,0.0,
2018-07-13,100000.0,0.0,0.0,0.0,
2018-07-16,100000.0,0.0,0.0,0.0,
2018-07-17,100000.0,0.0,0.0,0.0,
2018-07-18,100000.0,0.0,0.0,0.0,
2018-07-19,100000.0,0.0,0.0,0.0,
2018-07-20,100000.0,0.0,0.0,0.0,
2018-07-23,100000.0,0.0,0.0,0.0,
2018-07-24,100000.0,0.0,0.0,0.0,
2018-07-25,100000.0,0.0,0.0,0.0,
2018-07-26,100000.0,0.0,0.0,0.0,
2018-07-27,100000.0,0.0,0.0,0.0,
2018-07-30,100000.0,0.0,0.0,0.0,
2018-07-31,100000.0,0.0,0.0,0.0,
2018-08-01,100000.0,0.0,0.0,0.0,
2018-08-02,100000.0,0.0,0.0,0.0,
2018-08-03,100000.0,0.0,0.0,0.0,
2018-08-06,100000.0,0.0,0.0,0.0,
2018-08-07,100000.0,0.0,0.0,0.0,
2018-08-08,100000.0,0.0,0.0,0.0,
2018-08-09,100000.0,0.0,0.0,0.0,
2018-08-10,100000.0,0.0,0.0,0.0,
2018-08-13,100000.0,0.0,0.0,0.0,
2018-08-14,100000.0,0.0,0.0,0.0,
2018-08-15,100000.0,0.0,0.0,0.0,
2018-08-16,100000.0,0.0,0.0,0.0,
2018-08-17,100000.0,0.0,0.0,0.0,
2018-08-20,100000.0,0.0,0.0,0.0,
2018-08-21,100000.0,0.0,0.0,0.0,
2018-08-22,100000.0,0.0,0.0,0.0,
2018-08-23,100000.0,0.0,0.0,0.0,
2018-08-24,100000.0,0.0,0.0,0.0,
2018-08-27,100000.0,0.0,0.0,0.0,
2018-08-28,100000.0,0.0,0.0,0.0,
2018-08-29,100000.0,0.0,0.0,0.0,
2018-08-30,100000.0,0.0,0.0,0.0,
2018-08-31,100000.0,0.0,0.0,0.0,
2018-09-04,100000.0,0.0,0.0,0.0,
2018-09-05,100000.0,0.0,0.0,0.0,
2018-09-06,100000.0,0.0,0.0,0.0,
2018-09-07,100000.0,0.0,0.0,0.0,
2018-09-10,100000.0,0.0,0.0,0.0,
2018-09-11,100000.0,0.0,0.0,0.0,
2018-09-12,100000.0,0.0,0.0,0.0,
2018-09-13,100000.0,0.0,0.0,0.0,
2018-09-14,100000.0,0.0,0.0,0.0,
2018-09-17,100000.0,0.0,0.0,0.0,
2018-09-18,100000.0,0.0,0.0,0.0,
2018-09-19,100000.0,0.0,0.0,0.0,
2018-09-20,100000.0,0.0,0.0,0.0,
2018-09-21,100000.0,0.0,0.0,0.0,
2018-09-24,100000.0,0.0,0.0,0.0,
2018-09-25,100000.0,0.0,0.0,0.0,
2018-09-26,100000.0,0.0,0.0,0.0,
2018-09-27,100000.0,0.0,0.0,0.0,
2018-09-28,100000.0,0.0,0.0,0.0,
2018-10-01,100000.0,0.0,0.0,0.0,
2018-10-02,100000.0,0.0,0.0,0.0,
2018-10-03,100000.0,0.0,0.0,0.0,
2018-10-04,100000.0,0.0,0.0,0.0,
2018-10-05,100000.0,0.0,0.0,0.0,
2018-10-08,100000.0,0.0,0.0,0.0,
2018-10-09,100000.0,0.0,0.0,0.0,
2018-10-10,100000.0,0.0,0.0,0.0,
2018-10-11,100000.0,0.0,0.0,0.0,
2018-10-12,100000.0,0.0,0.0,0.0,
2018-10-15,100000.0,0.0,0.0,0.0,
2018-10-16,100000.0,0.0,0.0,0.0,
2018-10-17,100000.0,0.0,0.0,0.0,
2018-10-18,100000.0,0.0,0.0,0.0,
2018-10-19,100000.0,0.0,0.0,0.0,
2018-10-22,100000.0,0.0,0.0,0.0,
2018-10-23,100000.0,0.0,0.0,0.0,
2018-10-24,100000.0,0.0,0.0,0.0,
2018-10-25,100000.0,0.0,0.0,0.0,
2018-10-26,100000.0,0.0,0.0,0.0,
2018-10-29,100000.0,0.0,0.0,0.0,
2018-10-30,100000.0,0.0,0.0,0.0,
2018-10-31,100000.0,0.0,0.0,0.0,
2018-11-01,100000.0,0.0,0.0,0.0,
2018-11-02,100000.0,0.0,0.0,0.0,
2018-11-05,100000.0,0.0,0.0,0.0,
2018-11-06,100000.0,0.0,0.0,0.0,
2018-11-07,100000.0,0.0,0.0,0.0,
2018-11-08,100000.0,0.0,0.0,0.0,
2018-11-09,100000.0,0.0,0.0,0.0,
2018-11-12,100000.0,0.0,0.0,0.0,
2018-11-13,100000.0,0.0,0.0,0.0,
2018-11-14,100000.0,0.0,0.0,0.0,
2018-11-15,100000.0,0.0,0.0,0.0,
2018-11-16,100000.0,0.0,0.0,0.0,
2018-11-19,100000.0,0.0,0.0,0.0,
2018-11-20,100000.0,0.0,0.0,0.0,
2018-11-21,100000.0,0.0,0.0,0.0,
2018-11-23,100000.0,0.0,0.0,0.0,
2018-11-26,100000.0,0.0,0.0,0.0,
2018-11-27,100000.0,0.0,0.0,0.0,
2018-11-28,100000.0,0.0,0.0,0.0,
2018-11-29,100000.0,0.0,0.0,0.0,
2018-11-30,100000.0,0.0,0.0,0.0,
2018-12-03,100000.0,0.0,0.0,0.0,
2018-12-04,100000.0,0.0,0.0,0.0,
2018-12-06,100000.0,0.0,0.0,0.0,
2018-12-07,100000.0,0.0,0.0,0.0,
2018-12-10,100000.0,0.0,0.0,0.0,
2018-12-11,100000.0,0.0,0.0,0.0,
2018-12-12,100000.0,0.0,0.0,0.0,
2018-12-13,100000.0,0.0,0.0,0.0,
2018-12-14,100000.0,0.0,0.0,0.0,
2018-12-17,100000.0,0.0,0.0,0.0,
2018-12-18,100000.0,0.0,0.0,0.0,
2018-12-19,100000.0,0.0,0.0,0.0,
2018-12-20,100000.0,0.0,0.0,0.0,
2018-12-21,100000.0,0.0,0.0,0.0,
2018-12-24,100000.0,0.0,0.0,0.0,
2018-12-26,100000.0,0.0,0.0,0.0,
2018-12-27,100000.0,0.0,0.0,0.0,
2018-12-28,100000.0,0.0,0.0,0.0,
2018-12-31,100000.0,0.0,0.0,0.0,
2019-01-02,100000.0,0.0,0.0,0.0,
2019-01-03,100000.0,0.0,0.0,0.0,
2019-01-04,100000.0,0.0,0.0,0.0,
2019-01-07,100000.0,0.0,0.0,0.0,
2019-01-08,100000.0,0.0,0.0,0.0,
2019-01-09,100000.0,0.0,0.0,0.0,
2019-01-10,100000.0,0.0,0.0,0.0,
2019-01-11,100000.0,0.0,0.0,0.0,
2019-01-14,100000.0,0.0,0.0,0.0,
2019-01-15,100000.0,0.0,0.0,0.0,
2019-01-16,100000.0,0.0,0.0,0.0,
2019-01-17,100000.0,0.0,0.0,0.0,
2019-01-18,100000.0,0.0,0.0,0.0,
2019-01-22,100000.0,0.0,0.0,0.0,
2019-01-23,100000.0,0.0,0.0,0.0,
2019-01-24,100000.0,0.0,0.0,0.0,
2019-01-25,100000.0,0.0,0.0,0.0,
2019-01-28,100000.0,0.0,0.0,0.0,
2019-01-29,100000.0,0.0,0.0,0.0,
2019-01-30,100000.0,0.0,0.0,0.0,
2019-01-31,100000.0,0.0,0.0,0.0,
2019-02-01,100000.0,0.0,0.0,0.0,
2019-02-04,100000.0,0.0,0.0,0.0,
2019-02-05,100000.0,0.0,0.0,0.0,
2019-02-06,100000.0,0.0,0.0,0.0,
2019-02-07,100000.0,0.0,0.0,0.0,
2019-02-08,100000.0,0.0,0.0,0.0,
2019-02-11,100000.0,0.0,0.0,0.0,
2019-02-12,100000.0,0.0,0.0,0.0,
2019-02-13,100000.0,0.0,0.0,0.0,
2019-02-14,100000.0,0.0,0.0,0.0,
2019-02-15,100000.0,0.0,0.0,0.0,
2019-02-19,100000.0,0.0,0.0,0.0,
2019-02-20,100000.0,0.0,0.0,0.0,
2019-02-21,100000.0,0.0,0.0,0.0,
2019-02-22,100000.0,0.0,0.0,0.0,
2019-02-25,100000.0,0.0,0.0,0.0,
2019-02-26,100000.0,0.0,0.0,0.0,
2019-02-27,100000.0,0.0,0.0,0.0,
2019-02-28,100000.0,0.0,0.0,0.0,
2019-03-01,100000.0,0.0,0.0,0.0,
2019-03-04,100000.0,0.0,0.0,0.0,
2019-03-05,100000.0,0.0,0.0,0.0,
2019-03-06,100000.0,0.0,0.0,0.0,
2019-03-07,100000.0,0.0,0.0,0.0,
2019-03-08,100000.0,0.0,0.0,0.0,
2019-03-11,100000.0,0.0,0.0,0.0,
2019-03-12,100000.0,0.0,0.0,0.0,
2019-03-13,100000.0,0.0,0.0,0.0,
2019-03-14,100000.0,0.0,0.0,0.0,
2019-03-15,100000.0,0.0,0.0,0.0,
2019-03-18,100000.0,0.0,0.0,0.0,
2019-03-19,100000.0,0.0,0.0,0.0,
2019-03-20,100000.0,0.0,0.0,0.0,
2019-03-21,100000.0,0.0,0.0,0.0,
2019-03-22,100000.0,0.0,0.0,0.0,
2019-03-25,100000.0,0.0,0.0,0.0,
2019-03-26,100000.0,0.0,0.0,0.0,
2019-03-27,100000.0,0.0,0.0,0.0,
2019-03-28,100000.0,0.0,0.0,0.0,
2019-03-29,100000.0,0.0,0.0,0.0,
2019-04-01,100000.0,0.0,0.0,0.0,
2019-04-02,100000.0,0.0,0.0,0.0,
2019-04-03,100000.0,0.0,0.0,0.0,
2019-04-04,100000.0,0.0,0.0,0.0,
2019-04-05,100000.0,0.0,0.0,0.0,
2019-04-08,100000.0,0.0,0.0,0.0,
2019-04-09,100000.0,0.0,0.0,0.0,
2019-04-10,100000.0,0.0,0.0,0.0,
2019-04-11,100000.0,0.0,0.0,0.0,
2019-04-12,100000.0,0.0,0.0,0.0,
2019-04-15,100000.0,0.0,0.0,0.0,
2019-04-16,100000.0,0.0,0.0,0.0,
2019-04-17,100000.0,0.0,0.0,0.0,
2019-04-18,100000.0,0.0,0.0,0.0,
2019-04-22,100000.0,0.0,0.0,0.0,
2019-04-23,100000.0,0.0,0.0,0.0,
2019-04-24,100000.0,0.0,0.0,0.0,
2019-04-25,100000.0,0.0,0.0,0.0,
2019-04-26,100000.0,0.0,0.0,0.0,
2019-04-29,100000.0,0.0,0.0,0.0,
2019-04-30,100000.0,0.0,0.0,0.0,
2019-05-01,100000.0,0.0,0.0,0.0,
2019-05-02,100000.0,0.0,0.0,0.0,
2019-05-03,100000.0,0.0,0.0,0.0,
2019-05-06,100000.0,0.0,0.0,0.0,
2019-05-07,100000.0,0.0,0.0,0.0,
2019-05-08,100000.0,0.0,0.0,0.0,
2019-05-09,100000.0,0.0,0.0,0.0,
2019-05-10,100000.0,0.0,0.0,0.0,
2019-05-13,100000.0,0.0,0.0,0.0,
2019-05-14,100000.0,0.0,0.0,0.0,
2019-05-15,100000.0,0.0,0.0,0.0,
2019-05-16,100000.0,0.0,0.0,0.0,
2019-05-17,100000.0,0.0,0.0,0.0,
2019-05-20,100000.0,0.0,0.0,0.0,
2019-05-21,100000.0,0.0,0.0,0.0,
2019-05-22,100000.0,0.0,0.0,0.0,
2019-05-23,100000.0,0.0,0.0,0.0,
2019-05-24,100000.0,0.0,0.0,0.0,
2019-05-28,100000.0,0.0,0.0,0.0,
2019-05-29,100000.0,0.0,0.0,0.0,
2019-05-30,100000.0,0.0,0.0,0.0,
2019-05-31,100000.0,0.0,0.0,0.0,
2019-06-03,100000.0,0.0,0.0,0.0,
2019-06-04,100000.0,0.0,0.0,0.0,
2019-06-05,100000.0,0.0,0.0,0.0,
2019-06-06,100000.0,0.0,0.0,0.0,
2019-06-07,100000.0,0.0,0.0,0.0,
2019-06-10,100000.0,0.0,0.0,0.0,
2019-06-11,100000.0,0.0,0.0,0.0,
2019-06-12,100000.0,0.0,0.0,0.0,
2019-06-13,100000.0,0.0,0.0,0.0,
2019-06-14,100000.0,0.0,0.0,0.0,
2019-06-17,100000.0,0.0,0.0,0.0,
2019-06-18,100000.0,0.0,0.0,0.0,
2019-06-19,100000.0,0.0,0.0,0.0,
2019-06-20,100000.0,0.0,0.0,0.0,
2019-06-21,100000.0,0.0,0.0,0.0,
2019-06-24,100000.0,0.0,0.0,0.0,
2019-06-25,100000.0,0.0,0.0,0.0,
2019-06-26,100000.0,0.0,0.0,0.0,
2019-06-27,100000.0,0.0,0.0,0.0,
2019-06-28,100000.0,0.0,0.0,0.0,
2019-07-01,100000.0,0.0,0.0,0.0,
2019-07-02,100000.0,0.0,0.0,0.0,
2019-07-03,100000.0,0.0,0.0,0.0,
2019-07-05,100000.0,0.0,0.0,0.0,
2019-07-08,100000.0,0.0,0.0,0.0,
2019-07-09,100000.0,0.0,0.0,0.0,
2019-07-10,100000.0,0.0,0.0,0.0,1.6067693399266505
2019-07-11,100000.0,0.0,0.0,0.0,1.5677572443990695
2019-07-12,100000.0,0.0,0.0,0.0,1.6663898694101051
2019-07-15,100000.0,0.0,0.0,0.0,1.4492425434493184
2019-07-16,100000.0,0.0,0.0,0.0,0.9619228671221963
2019-07-17,100000.0,0.0,0.0,0.0,0.7361168079520719
2019-07-18,100000.0,0.0,0.0,0.0,0.7419305005656524
2019-07-19,100000.0,0.0,0.0,0.0,0.8447579126059396
2019-07-22,100000.0,0.0,0.0,0.0,0.9073143332505754
2019-07-23,100000.0,0.0,0.0,0.0,1.0585040565155992
2019-07-24,100000.0,0.0,0.0,0.0,1.1817524953981746
2019-07-25,100000.0,0.0,0.0,0.0,0.8662318762222648
2019-07-26,100000.0,0.0,0.0,0.0,0.388448146301165
2019-07-29,100000.0,0.0,0.0,0.0,0.5953558033483821
2019-07-30,100000.0,0.0,0.0,0.0,0.5988711993170585
2019-07-31,100000.0,0.0,0.0,0.0,0.0753664574787993
2019-08-01,100000.0,0.0,0.0,0.0,-0.9283002734988567
2019-08-02,100000.0,0.0,0.0,0.0,-1.100126479350881
2019-08-05,100000.0,0.0,0.0,0.0,-1.8525545055153378
2019-08-06,100000.0,0.0,0.0,0.0,-1.4873286282378504
2019-08-07,100000.0,0.0,0.0,0.0,-1.6036063691573625
2019-08-08,100000.0,0.0,0.0,0.0,-0.25741585708682313
2019-08-09,100000.0,0.0,0.0,0.0,-0.7560974282464603
2019-08-12,100000.0,0.0,0.0,0.0,-0.999436829938678
2019-08-13,100000.0,0.0,0.0,0.0,-0.6134359863433454
2019-08-14,100000.0,0.0,0.0,0.0,-2.1574452662641534
2019-08-15,99950.0,-0.0004999999999999449,1.0005002501250626,1.0005002501250626,-2.267972311679475
2019-08-16,100544.98471937934,0.005952823605596125,1.0004972898463265,1.0004972898463265,-1.940058844750001
2019-08-19,101991.32521690571,0.014385008875013483,1.0004902377716307,1.0004902377716307,-1.3833938531086876
2019-08-20,101115.48668561448,-0.008587382597770699,1.0004944840957493,1.0004944840957493,-1.651571493276834
2019-08-21,102450.69813023925,0.013204816476591441,1.0004880396221063,1.0004880396221063,-1.166296691638132
2019-08-22,102287.140624121,-0.0015964508695717194,1.0004888199992188,1.0004888199992188,-1.2285103030568976
2019-08-23,99760.78443975297,-0.024698668561395687,1.0005011989458663,1.0005011989458663,-2.093206348449205
2019-08-26,100263.26259300478,0.005036830414613114,1.0004986871432955,1.0004986871432955,-1.932305800010589
2019-08-27,99956.07577446415,-0.0030638023399217618,1.000500219717637,1.000500219717637,-2.002622772243715
2019-08-28,100770.76965717052,0.008150518879358692,1.000496175628807,1.000496175628807,-1.6733828905259633
2019-08-29,101555.51982016215,0.0077874781115736535,1.0004923415299192,1.0004923415299192,-1.3833127604426771
2019-08-30,101692.53762552199,0.0013491911183407534,1.00049167816211,1.00049167816211,-1.29792622666176
2019-09-03,100938.45020093238,-0.007415366379846855,1.0004953513740351,1.0004953513740351,-1.4952740315563355
2019-09-04,101871.88697619976,0.009247583784070867,1.0004908125439131,1.0004908125439131,-1.1515839180999552
2019-09-05,102615.99023004848,0.00730430421910766,1.0004872534961453,1.0004872534961453,-0.8904891914250395
2019-09-06,103313.61704240454,0.0067984220665033845,1.000483963309304,1.000483963309304,-0.6591180146850005
2019-09-09,104237.63261856593,0.008943792721748611,1.000479673211526,1.000479673211526,-0.36069802586902033
2019-09-10,105850.81203059155,0.015475978986674521,0.0,0.0,0.15571880082710174
2019-09-11,105850.81203059155,0.0,0.0,0.0,0.03818611285909996
2019-09-12,105850.81203059155,0.0,0.0,0.0,0.07895685546720335
2019-09-13,105850.81203059155,0.0,0.0,0.0,0.20671314765595364
2019-09-16,105850.81203059155,0.0,0.0,0.0,0.8327993155558057
2019-09-17,105850.81203059155,0.0,0.0,0.0,0.7181434953114544
2019-09-18,105850.81203059155,0.0,0.0,0.0,0.7215670766360307
2019-09-19,105850.81203059155,0.0,0.0,0.0,0.55698729014624
2019-09-20,105850.81203059155,0.0,0.0,0.0,0.6358886525647178
2019-09-23,105850.81203059155,0.0,0.0,0.0,0.7421030733984164
2019-09-24,105850.81203059155,0.0,0.0,0.0,0.38822944971783363
2019-09-25,105850.81203059155,0.0,0.0,0.0,0.4002144866517284
2019-09-26,105850.81203059155,0.0,0.0,0.0,-0.24916129852904667
2019-09-27,105850.81203059155,0.0,0.0,0.0,-0.42516968558857077
2019-09-30,105850.81203059155,0.0,0.0,0.0,-0.5563592778255906
2019-10-01,105850.81203059155,0.0,0.0,0.0,-1.2942446211784473
2019-10-02,105850.81203059155,0.0,0.0,0.0,-2.202139416865935
2019-10-03,105797.88662457626,-0.0004999999999999449,1.0005002501250624,1.0005002501250624,-1.8190531187856618
2019-10-04,106775.03115307566,0.009235955080717284,1.0004956721196308,1.0004956721196308,-1.469676913766961
2019-10-07,105886.03357596819,-0.008325893867761835,1.000499833681817,1.000499833681817,-1.6876268381327932
2019-10-08,104216.01091890164,-0.015771887950344232,1.0005078433299126,1.0005078433299126,-2.1115686857190483
2019-10-09,105486.3034779846,0.01218903456275533,1.0005017277529904,1.0005017277529904,-1.6544896975961991
2019-10-10,106808.16519484775,0.012531121797618283,1.0004955183521664,1.0004955183521664,-1.2137915563176565
2019-10-11,108150.27008702252,0.012565564530824025,1.0004893691525012,1.0004893691525012,-0.7856229793463496
2019-10-14,108281.31859953038,0.0012117261695454573,1.000488776888754,1.000488776888754,-0.7195520014345136
2019-10-15,108494.54848537485,0.0019692213634106004,1.0004878162705328,1.0004878162705328,-0.6293688249901561
2019-10-16,107106.50249669308,-0.012793693398050143,1.000494138122164,1.000494138122164,-1.0277718694760398
2019-10-17,107198.49130543006,0.0008588536325309093,1.0004937140940209,1.0004937140940209,-0.9731256946069753
2019-10-18,106535.3034146687,-0.006186541272038992,1.0004967874903334,1.0004967874903334,-1.1555678355223846
2019-10-21,108288.34456198744,0.01645502562183876,1.0004887451759406,1.0004887451759406,-0.5594657486605785
2019-10-22,109195.02738247474,0.008372856969554032,1.0004846869613382,1.0004846869613382,-0.23772142272991378
2019-10-23,109620.8922891212,0.003900039377752851,0.0,0.0,-0.04722941697502269
2019-10-24,109620.8922891212,0.0,0.0,0.0,-0.2333450182494644
2019-10-25,109620.8922891212,0.0,0.0,0.0,0.03279472441743261
2019-10-28,109620.8922891212,0.0,0.0,0.0,-0.118409566122073
2019-10-29,109620.8922891212,0.0,0.0,0.0,-0.22983864518427424
2019-10-30,109620.8922891212,0.0,0.0,0.0,-0.7273125883667478
2019-10-31,109620.8922891212,0.0,0.0,0.0,-0.786718546131387
2019-11-01,109620.8922891212,0.0,0.0,0.0,-0.34250830484714323
2019-11-04,109620.8922891212,0.0,0.0,0.0,1.1510366271149508
2019-11-05,109620.8922891212,0.0,0.0,0.0,1.4553977860100054
2019-11-06,109620.8922891212,0.0,0.0,0.0,0.7534472692443083
2019-11-07,109620.8922891212,0.0,0.0,0.0,1.379833845006064
2019-11-08,109620.8922891212,0.0,0.0,0.0,0.9050070600376469
2019-11-11,109620.8922891212,0.0,0.0,0.0,0.7735080405565256
2019-11-12,109620.8922891212,0.0,0.0,0.0,0.5999427933056161
2019-11-13,109620.8922891212,0.0,0.0,0.0,0.7210094733378973
2019-11-14,109620.8922891212,0.0,0.0,0.0,0.5872681925024547
2019-11-15,109620.8922891212,0.0,0.0,0.0,0.6786784962148332
2019-11-18,109620.8922891212,0.0,0.0,0.0,0.12208146812365939
2019-11-19,109620.8922891212,0.0,0.0,0.0,-0.44892397208093315
2019-11-20,109620.8922891212,0.0,0.0,0.0,-0.243420997703427
2019-11-21,109620.8922891212,0.0,0.0,0.0,0.35432618930175713
2019-11-22,109620.8922891212,0.0,0.0,0.0,0.2535984649847726
2019-11-25,109620.8922891212,0.0,0.0,0.0,0.10096585948314905
2019-11-26,109620.8922891212,0.0,0.0,0.0,-0.06677867031529353
2019-11-27,109620.8922891212,0.0,0.0,0.0,-0.0247926966801907
2019-11-29,109620.8922891212,0.0,0.0,0.0,-0.3328780789189443
2019-12-02,109620.8922891212,0.0,0.0,0.0,-0.3355763922364782
2019-12-03,109620.8922891212,0.0,0.0,0.0,-0.617245598927134
2019-12-04,109620.8922891212,0.0,0.0,0.0,-0.22290976224795467
2019-12-05,109620.8922891212,0.0,0.0,0.0,-0.3802498106560161
2019-12-06,109620.8922891212,0.0,0.0,0.0,0.21183053702533472
2019-12-09,109620.8922891212,0.0,0.0,0.0,0.11141636527260246
2019-12-10,109620.8922891212,0.0,0.0,0.0,0.14837849655788438
2019-12-11,109620.8922891212,0.0,0.0,0.0,-0.21231475777181305
2019-12-12,109620.8922891212,0.0,0.0,0.0,0.719175161686415
2019-12-13,109620.8922891212,0.0,0.0,0.0,0.3053002046230481
2019-12-16,109620.8922891212,0.0,0.0,0.0,0.8615143447143511
2019-12-17,109620.8922891212,0.0,0.0,0.0,0.6512338656236148
2019-12-18,109620.8922891212,0.0,0.0,0.0,0.721080306088071
2019-12-19,109620.8922891212,0.0,0.0,0.0,0.5258410836492499
2019-12-20,109620.8922891212,0.0,0.0,0.0,1.0810725295012686
2019-12-23,109620.8922891212,0.0,0.0,0.0,1.3177547004013137
2019-12-24,109620.8922891212,0.0,0.0,0.0,1.2231058846191405
2019-12-26,109620.8922891212,0.0,0.0,0.0,1.2718835190678623
2019-12-27,109620.8922891212,0.0,0.0,0.0,1.1152685534732096
2019-12-30,109620.8922891212,0.0,0.0,0.0,0.8639005755624524
2019-12-31,109620.8922891212,0.0,0.0,0.0,1.0899695741088862
2020-01-02,109620.8922891212,0.0,0.0,0.0,1.5997885622432868
2020-01-03,109620.8922891212,0.0,0.0,0.0,1.3413920500851297
2020-01-06,109620.8922891212,0.0,0.0,0.0,1.3653727968885776
2020-01-07,109620.8922891212,0.0,0.0,0.0,0.6921587987866353
2020-01-08,109620.8922891212,0.0,0.0,0.0,-0.1093802062229856
2020-01-09,109620.8922891212,0.0,0.0,0.0,-0.05014516441645274
2020-01-10,109620.8922891212,0.0,0.0,0.0,-0.6238593578785833
2020-01-13,109620.8922891212,0.0,0.0,0.0,-0.3973684736908137
2020-01-14,109620.8922891212,0.0,0.0,0.0,-0.7568158808522311
2020-01-15,109620.8922891212,0.0,0.0,0.0,-0.9324941272521149
2020-01-16,109620.8922891212,0.0,0.0,0.0,-0.736940964851106
2020-01-17,109620.8922891212,0.0,0.0,0.0,-1.3535351735059944
2020-01-21,109620.8922891212,0.0,0.0,0.0,-2.471208251240288
2020-01-22,109566.08184297664,-0.000500000000000056,1.0005002501250624,1.0005002501250624,-2.591891389389682
2020-01-23,109479.09984197681,-0.0007938770788982197,1.000500647577699,1.000500647577699,-2.470985955085283
2020-01-24,108418.72640549872,-0.009685624361258416,1.0005055440878319,1.0005055440878319,-2.815210627487655
2020-01-27,106630.21212756437,-0.01649635941345673,1.000514023605983,1.000514023605983,-3.3432531044293152
2020-01-28,107065.45919611483,0.004081836281351059,1.000511933975309,1.000511933975309,-2.915277138970011
2020-01-29,106288.39468249967,-0.007257845055255285,1.0005156766767274,1.0005156766767274,-3.0119427796948908
2020-01-30,107323.43834774129,0.009738068472418426,1.0005107034119327,1.0005107034119327,-2.4289115071807386
2020-01-31,103116.87835348236,-0.03919516611673546,1.0005315370967365,1.0005315370967365,-3.591980849178503
2020-02-03,101823.78310226505,-0.012540093065895652,1.0005382872691884,1.0005382872691884,-3.5693415503359036
2020-02-04,101803.89581613593,-0.0001953108156386163,1.0005383924230518,1.0005383924230518,-3.1981831043169255
2020-02-05,105509.15458489335,0.03639604102626226,1.0005194852177537,1.0005194852177537,-1.992510277734225
2020-02-06,104543.95847894566,-0.009147984454477731,1.0005242813352584,1.0005242813352584,-2.142379142656391
2020-02-07,103966.7960010247,-0.005520763574656362,1.0005271918367475,1.0005271918367475,-2.170345272281212
2020-02-10,104189.63565105757,0.0021433732557332164,1.0005260642846292,1.0005260642846292,-2.005973697279269
2020-02-11,105429.17514815004,0.011896955866549153,1.0005198793034995,1.0005198793034995,-1.617502649635621
2020-02-12,106368.96768401448,0.008913970298485507,1.0005152860588755,1.0005152860588755,-1.3295372905556837
2020-02-13,105938.07390125612,-0.004050935081351903,1.0005173819395246,1.0005173819395246,-1.3849661284420802
2020-02-14,105596.12083519388,-0.003227858063390654,1.000519057383084,1.000519057383084,-1.4152892477127659
2020-02-18,105295.63076351084,-0.002845654454977864,1.0005205386562301,1.0005205386562301,-1.4411582836546522
2020-02-19,105873.14748277498,0.005484716840352233,1.0005176992225857,1.0005176992225857,-1.257725290446649
2020-02-20,104997.70285495807,-0.008268807045330728,1.0005220156694308,1.0005220156694308,-1.4100695528508305
2020-02-21,104076.86931721927,-0.0087700350836325,1.000526634270459,1.000526634270459,-1.5635848237482899
2020-02-24,99737.80278819335,-0.04169097857662052,1.0005495453540412,1.0005495453540412,-2.4226583903057493
2020-02-25,95921.95596484271,-0.038258781692375066,1.000571406677368,1.000571406677368,-3.0031056769864617
2020-02-26,93508.07282713734,-0.025165074183746916,1.000586157371095,1.000586157371095,-3.169865834215752
2020-02-27,89207.39212310812,-0.045992614049266356,1.0006144159675565,1.0006144159675565,-3.5588829565166527
2020-02-28,89536.60382418943,0.0036904083086184425,1.0006121568587987,1.0006121568587987,-3.1218258283899267
2020-03-02,92999.41125476405,0.03867476856028684,1.0005893633669827,1.0005893633669827,-2.3556274531103543
2020-03-03,90164.1859651524,-0.03048648643425056,1.0006078959795157,1.0006078959795157,-2.6087373054777334
2020-03-04,93523.35068255915,0.037256086565291335,1.0005860616171736,1.0005860616171736,-1.9887523316054587
2020-03-05,91405.69318628327,-0.022643088392584665,1.000599639302913,1.000599639302913,-2.1778795999869986
2020-03-06,88875.64998278552,-0.027679273744377952,1.000616709370397,1.000616709370397,-2.38948673999808
2020-03-09,76001.10767366551,-0.14486017611813473,1.0007211795699065,1.0007211795699065,-3.7264204734562165
2020-03-10,79701.36507006522,0.048686887726530514,1.0006876977087698,1.0006876977087698,-2.915631086800245
2020-03-11,77641.67630314575,-0.025842578293468366,1.0007059410455088,1.0007059410455088,-2.9015479909576674
2020-03-12,70577.9703651148,-0.09097827705897632,1.0007765942525828,1.0007765942525828,-3.372222065201237
2020-03-13,75860.02187364484,0.07483994624958568,1.0007225208323272,1.0007225208323272,-2.5773956127515896
2020-03-16,64770.94611043078,-0.14617812504304872,1.0008462196314232,1.0008462196314232,-3.3788071975713017
2020-03-17,66660.00462572134,0.0291652141697889,1.0008222388590018,1.0008222388590018,-2.878103327125903
2020-03-18,54256.14256273916,-0.186076525686229,1.0010102164207697,1.0010102164207697,-3.678909828536978
2020-03-19,56512.965725155846,0.041595717200259896,1.0009698738234878,1.0009698738234878,-3.093000387011321
2020-03-20,56955.32309601182,0.007827537719526712,1.0009623410625221,1.0009623410625221,-2.797267508402829
2020-03-23,52817.90499797803,-0.07264322056534,1.0010377247288886,1.0010377247288886,-2.8991019106134592
2020-03-24,63168.5751711836,0.1959689649485683,1.0008676853323977,1.0008676853323977,-1.946180586768164
2020-03-25,65965.03824967366,0.044269845740730895,1.0008309014532373,1.0008309014532373,-1.669465061881834
2020-03-26,71525.85605325982,0.08429947061561327,1.0007663025536344,1.0007663025536344,-1.2606791021903683
2020-03-27,65457.71830267932,-0.08483837992881937,1.0008373412267604,1.0008373412267604,-1.5901419185454722
2020-03-30,67867.07730160763,0.0368078671454346,1.0008076146538756,1.0008076146538756,-1.380121879726028
2020-03-31,68456.55792265003,0.00868581121333234,1.000800660269925,1.000800660269925,-1.2944855245166635
2020-04-01,65617.56620554934,-0.041471435363555575,1.0008353014187206,1.0008353014187206,-1.4238444988201937
2020-04-02,72188.06640556476,0.10013325059075018,1.0007592729501378,1.0007592729501378,-0.9750186484491341
2020-04-03,70883.52277194627,-0.018071458325110812,1.0007732466446513,1.0007732466446513,-1.0223420093359987
2020-04-06,75078.56684996073,0.059182217727964614,1.0007300411881064,1.0007300411881064,-0.7477590514712084
2020-04-07,75840.12242045421,0.010143448422708978,1.0007227104123146,1.0007227104123146,-0.6759127683318604
2020-04-08,80602.447402325,0.06279426812457745,1.000680009700833,1.000680009700833,-0.3834838278622964
2020-04-09,79065.9312170623,-0.019062897403018142,0.0,0.0,-0.44463546677912746
2020-04-13,79065.9312170623,0.0,0.0,0.0,-0.41280830617631054
2020-04-14,79065.9312170623,0.0,0.0,0.0,-0.4122965751965392
2020-04-15,79065.9312170623,0.0,0.0,0.0,-0.5378693739806657
2020-04-16,79065.9312170623,0.0,0.0,0.0,-0.660323295598919
2020-04-17,79065.9312170623,0.0,0.0,0.0,-0.21348759421327024
2020-04-20,79065.9312170623,0.0,0.0,0.0,-0.4016194900103588
2020-04-21,79065.9312170623,0.0,0.0,0.0,-0.46339916875483855
2020-04-22,79065.9312170623,0.0,0.0,0.0,-0.2853484178073899
2020-04-23,79065.9312170623,0.0,0.0,0.0,-0.12197133966371826
2020-04-24,79065.9312170623,0.0,0.0,0.0,-0.08180647303150046
2020-04-27,79065.9312170623,0.0,0.0,0.0,0.05464098885032728
2020-04-28,79065.9312170623,0.0,0.0,0.0,0.12035169900598365
2020-04-29,79065.9312170623,0.0,0.0,0.0,0.4092135283680676
2020-04-30,79065.9312170623,0.0,0.0,0.0,0.29088823593998037
2020-05-01,79065.9312170623,0.0,0.0,0.0,0.08474214019213348
2020-05-04,79065.9312170623,0.0,0.0,0.0,0.25889084781471433
2020-05-05,79065.9312170623,0.0,0.0,0.0,0.33976259731938435
2020-05-06,79065.9312170623,0.0,0.0,0.0,0.21201919795419868
2020-05-07,79065.9312170623,0.0,0.0,0.0,0.36088969531801196
2020-05-08,79065.9312170623,0.0,0.0,0.0,0.5922013703964171
2020-05-11,79065.9312170623,0.0,0.0,0.0,0.516006453719398
2020-05-12,79065.9312170623,0.0,0.0,0.0,0.41400956914052833
2020-05-13,79065.9312170623,0.0,0.0,0.0,0.231063529396736
2020-05-14,79065.9312170623,0.0,0.0,0.0,0.3532626137093937
2020-05-15,79065.9312170623,0.0,0.0,0.0,0.33146813193911473
2020-05-18,79065.9312170623,0.0,0.0,0.0,0.7869161826941007
2020-05-19,79065.9312170623,0.0,0.0,0.0,0.5948568574450223
2020-05-20,79065.9312170623,0.0,0.0,0.0,0.8764127072802318
2020-05-21,79065.9312170623,0.0,0.0,0.0,0.8010458061439311
2020-05-22,79065.9312170623,0.0,0.0,0.0,0.7149608171739158
2020-05-26,79065.9312170623,0.0,0.0,0.0,0.957466090001645
2020-05-27,79065.9312170623,0.0,0.0,0.0,1.0222311568796303
2020-05-28,79065.9312170623,0.0,0.0,0.0,0.8010289698504492
2020-05-29,79065.9312170623,0.0,0.0,0.0,0.8920686265333708
2020-06-01,79065.9312170623,0.0,0.0,0.0,1.0093203681833613
2020-06-02,79065.9312170623,0.0,0.0,0.0,1.168481110158478
2020-06-03,79065.9312170623,0.0,0.0,0.0,1.357655372228094
2020-06-04,79065.9312170623,0.0,0.0,0.0,1.2671526080030058
2020-06-05,79065.9312170623,0.0,0.0,0.0,1.6244063111795985
2020-06-08,79065.9312170623,0.0,0.0,0.0,1.7351215589006124
2020-06-09,79065.9312170623,0.0,0.0,0.0,1.5388875549461667
2020-06-10,79065.9312170623,0.0,0.0,0.0,1.1857120928392952
2020-06-11,79065.9312170623,0.0,0.0,0.0,0.5286477941951016
2020-06-12,79065.9312170623,0.0,0.0,0.0,0.725994144856458
2020-06-15,79065.9312170623,0.0,0.0,0.0,0.6414432898859245
2020-06-16,79065.9312170623,0.0,0.0,0.0,0.8594933070341662
2020-06-17,79065.9312170623,0.0,0.0,0.0,0.6136238137784719
2020-06-18,79065.9312170623,0.0,0.0,0.0,0.6439082055714028
2020-06-19,79065.9312170623,0.0,0.0,0.0,0.44844812154980607
2020-06-22,79065.9312170623,0.0,0.0,0.0,0.5347107382989226
2020-06-23,79065.9312170623,0.0,0.0,0.0,0.5217468412338132
2020-06-24,79065.9312170623,0.0,0.0,0.0,-0.04608104340701322
2020-06-25,79065.9312170623,0.0,0.0,0.0,0.12731337736315204
2020-06-26,79065.9312170623,0.0,0.0,0.0,-0.3876046784110908
2020-06-29,79065.9312170623,0.0,0.0,0.0,-0.21937633055648453
2020-06-30,79065.9312170623,0.0,0.0,0.0,-0.0393259017041666
2020-07-01,79065.9312170623,0.0,0.0,0.0,-0.4006971070284243
2020-07-02,79065.9312170623,0.0,0.0,0.0,-0.3017317851827879
2020-07-06,79065.9312170623,0.0,0.0,0.0,-0.24125169680144942
2020-07-07,79065.9312170623,0.0,0.0,0.0,-0.7129572555402122
2020-07-08,79065.9312170623,0.0,0.0,0.0,-0.7361042354020806
2020-07-09,79065.9312170623,0.0,0.0,0.0,
2020-07-10,79065.9312170623,0.0,0.0,0.0,
2020-07-13,79065.9312170623,0.0,0.0,0.0,
2020-07-14,79065.9312170623,0.0,0.0,0.0,
2020-07-15,79065.9312170623,0.0,0.0,0.0,
2020-07-16,79065.9312170623,0.0,0.0,0.0,
2020-07-17,79065.9312170623,0.0,0.0,0.0,
2020-07-20,79065.9312170623,0.0,0.0,0.0,
2020-07-21,79065.9312170623,0.0,0.0,0.0,
2020-07-22,79065.9312170623,0.0,0.0,0.0,
2020-07-23,79065.9312170623,0.0,0.0,0.0,
2020-07-24,79065.9312170623,0.0,0.0,0.0,
2020-07-27,79065.9312170623,0.0,0.0,0.0,
2020-07-28,79065.9312170623,0.0,0.0,0.0,
2020-07-29,79065.9312170623,0.0,0.0,0.0,
2020-07-30,79065.9312170623,0.0,0.0,0.0,
2020-07-31,79065.9312170623,0.0,0.0,0.0,
2020-08-03,79065.9312170623,0.0,0.0,0.0,
2020-08-04,79065.9312170623,0.0,0.0,0.0,
2020-08-05,79065.9312170623,0.0,0.0,0.0,
2020-08-06,79065.9312170623,0.0,0.0,0.0,
2020-08-07,79065.9312170623,0.0,0.0,0.0,
2020-08-10,79065.9312170623,0.0,0.0,0.0,
2020-08-11,79065.9312170623,0.0,0.0,0.0,
2020-08-12,79065.9312170623,0.0,0.0,0.0,
2020-08-13,79065.9312170623,0.0,0.0,0.0,
2020-08-14,79065.9312170623,0.0,0.0,0.0,
2020-08-17,79065.9312170623,0.0,0.0,0.0,
2020-08-18,79065.9312170623,0.0,0.0,0.0,
2020-08-19,79065.9312170623,0.0,0.0,0.0,
2020-08-20,79065.9312170623,0.0,0.0,0.0,
2020-08-21,79065.9312170623,0.0,0.0,0.0,
2020-08-24,79065.9312170623,0.0,0.0,0.0,
2020-08-25,79065.9312170623,0.0,0.0,0.0,
2020-08-26,79065.9312170623,0.0,0.0,0.0,
2020-08-27,79065.9312170623,0.0,0.0,0.0,
2020-08-28,79065.9312170623,0.0,0.0,0.0,
2020-08-31,79065.9312170623,0.0,0.0,0.0,
2020-09-01,79065.9312170623,0.0,0.0,0.0,
2020-09-02,79065.9312170623,0.0,0.0,0.0,
2020-09-03,79065.9312170623,0.0,0.0,0.0,
2020-09-04,79065.9312170623,0.0,0.0,0.0,
2020-09-08,79065.9312170623,0.0,0.0,0.0,
2020-09-09,79065.9312170623,0.0,0.0,0.0,
2020-09-10,79065.9312170623,0.0,0.0,0.0,
2020-09-11,79065.9312170623,0.0,0.0,0.0,
2020-09-14,79065.9312170623,0.0,0.0,0.0,
2020-09-15,79065.9312170623,0.0,0.0,0.0,
2020-09-16,79065.9312170623,0.0,0.0,0.0,
2020-09-17,79065.9312170623,0.0,0.0,0.0,
2020-09-18,79065.9312170623,0.0,0.0,0.0,
2020-09-21,79065.9312170623,0.0,0.0,0.0,
2020-09-22,79065.9312170623,0.0,0.0,0.0,
2020-09-23,79065.9312170623,0.0,0.0,0.0,
2020-09-24,79065.9312170623,0.0,0.0,0.0,
2020-09-25,79065.9312170623,0.0,0.0,0.0,
2020-09-28,79065.9312170623,0.0,0.0,0.0,
2020-09-29,79065.9312170623,0.0,0.0,0.0,
2020-09-30,79065.9312170623,0.0,0.0,0.0,
2020-10-01,79065.9312170623,0.0,0.0,0.0,
2020-10-02,79065.9312170623,0.0,0.0,0.0,
2020-10-05,79065.9312170623,0.0,0.0,0.0,
2020-10-06,79065.9312170623,0.0,0.0,0.0,
2020-10-07,79065.9312170623,0.0,0.0,0.0,
2020-10-08,79065.9312170623,0.0,0.0,0.0,
2020-10-09,79065.9312170623,0.0,0.0,0.0,
2020-10-12,79065.9312170623,0.0,0.0,0.0,
2020-10-13,79065.9312170623,0.0,0.0,0.0,
2020-10-14,79065.9312170623,0.0,0.0,0.0,
2020-10-15,79065.9312170623,0.0,0.0,0.0,
2020-10-16,79065.9312170623,0.0,0.0,0.0,
2020-10-19,79065.9312170623,0.0,0.0,0.0,
2020-10-20,79065.9312170623,0.0,0.0,0.0,
2020-10-21,79065.9312170623,0.0,0.0,0.0,
2020-10-22,79065.9312170623,0.0,0.0,0.0,
2020-10-23,79065.9312170623,0.0,0.0,0.0,
2020-10-26,79065.9312170623,0.0,0.0,0.0,
2020-10-27,79065.9312170623,0.0,0.0,0.0,
2020-10-28,79065.9312170623,0.0,0.0,0.0,
2020-10-29,79065.9312170623,0.0,0.0,0.0,
2020-10-30,79065.9312170623,0.0,0.0,0.0,
2020-11-02,79065.9312170623,0.0,0.0,0.0,
2020-11-03,79065.9312170623,0.0,0.0,0.0,
2020-11-04,79065.9312170623,0.0,0.0,0.0,
2020-11-05,79065.9312170623,0.0,0.0,0.0,
2020-11-06,79065.9312170623,0.0,0.0,0.0,
2020-11-09,79065.9312170623,0.0,0.0,0.0,
2020-11-10,79065.9312170623,0.0,0.0,0.0,
2020-11-11,79065.9312170623,0.0,0.0,0.0,
2020-11-12,79065.9312170623,0.0,0.0,0.0,
2020-11-13,79065.9312170623,0.0,0.0,0.0,
2020-11-16,79065.9312170623,0.0,0.0,0.0,
2020-11-17,79065.9312170623,0.0,0.0,0.0,
2020-11-18,79065.9312170623,0.0,0.0,0.0,
2020-11-19,79065.9312170623,0.0,0.0,0.0,
2020-11-20,79065.9312170623,0.0,0.0,0.0,
2020-11-23,79065.9312170623,0.0,0.0,0.0,
2020-11-24,79065.9312170623,0.0,0.0,0.0,
2020-11-25,79065.9312170623,0.0,0.0,0.0,
2020-11-27,79065.9312170623,0.0,0.0,0.0,
2020-11-30,79065.9312170623,0.0,0.0,0.0,
2020-12-01,79065.9312170623,0.0,0.0,0.0,
2020-12-02,79065.9312170623,0.0,0.0,0.0,
2020-12-03,79065.9312170623,0.0,0.0,0.0,
2020-12-04,79065.9312170623,0.0,0.0,0.0,
2020-12-07,79065.9312170623,0.0,0.0,0.0,
2020-12-08,79065.9312170623,0.0,0.0,0.0,
2020-12-09,79065.9312170623,0.0,0.0,0.0,
2020-12-10,79065.9312170623,0.0,0.0,0.0,
2020-12-11,79065.9312170623,0.0,0.0,0.0,
2020-12-14,79065.9312170623,0.0,0.0,0.0,
2020-12-15,79065.9312170623,0.0,0.0,0.0,
2020-12-16,79065.9312170623,0.0,0.0,0.0,
2020-12-17,79065.9312170623,0.0,0.0,0.0,
2020-12-18,79065.9312170623,0.0,0.0,0.0,
2020-12-21,79065.9312170623,0.0,0.0,0.0,
2020-12-22,79065.9312170623,0.0,0.0,0.0,
2020-12-23,79065.9312170623,0.0,0.0,0.0,
2020-12-24,79065.9312170623,0.0,0.0,0.0,
2020-12-28,79065.9312170623,0.0,0.0,0.0,
2020-12-29,79065.9312170623,0.0,0.0,0.0,
2020-12-30,79065.9312170623,0.0,0.0,0.0,
2020-12-31,79065.9312170623,0.0,0.0,0.0,
2021-01-04,79065.9312170623,0.0,0.0,0.0,
2021-01-05,79065.9312170623,0.0,0.0,0.0,
2021-01-06,79065.9312170623,0.0,0.0,0.0,
2021-01-07,79065.9312170623,0.0,0.0,0.0,
2021-01-08,79065.9312170623,0.0,0.0,0.0,
2021-01-11,79065.9312170623,0.0,0.0,0.0,
2021-01-12,79065.9312170623,0.0,0.0,0.0,
2021-01-13,79065.9312170623,0.0,0.0,0.0,
2021-01-14,79065.9312170623,0.0,0.0,0.0,
2021-01-15,79065.9312170623,0.0,0.0,0.0,
2021-01-19,79065.9312170623,0.0,0.0,0.0,
2021-01-20,79065.9312170623,0.0,0.0,0.0,
2021-01-21,79065.9312170623,0.0,0.0,0.0,
2021-01-22,79065.9312170623,0.0,0.0,0.0,
2021-01-25,79065.9312170623,0.0,0.0,0.0,
2021-01-26,79065.9312170623,0.0,0.0,0.0,
2021-01-27,79065.9312170623,0.0,0.0,0.0,
2021-01-28,79065.9312170623,0.0,0.0,0.0,
2021-01-29,79065.9312170623,0.0,0.0,0.0,
2021-02-01,79065.9312170623,0.0,0.0,0.0,
2021-02-02,79065.9312170623,0.0,0.0,0.0,
2021-02-03,79065.9312170623,0.0,0.0,0.0,
2021-02-04,79065.9312170623,0.0,0.0,0.0,
2021-02-05,79065.9312170623,0.0,0.0,0.0,
2021-02-08,79065.9312170623,0.0,0.0,0.0,
2021-02-09,79065.9312170623,0.0,0.0,0.0,
2021-02-10,79065.9312170623,0.0,0.0,0.0,
2021-02-11,79065.9312170623,0.0,0.0,0.0,
2021-02-12,79065.9312170623,0.0,0.0,0.0,
2021-02-16,79065.9312170623,0.0,0.0,0.0,
2021-02-17,79065.9312170623,0.0,0.0,0.0,
2021-02-18,79065.9312170623,0.0,0.0,0.0,
2021-02-19,79065.9312170623,0.0,0.0,0.0,
2021-02-22,79065.9312170623,0.0,0.0,0.0,
2021-02-23,79065.9312170623,0.0,0.0,0.0,
2021-02-24,79065.9312170623,0.0,0.0,0.0,
2021-02-25,79065.9312170623,0.0,0.0,0.0,
2021-02-26,79065.9312170623,0.0,0.0,0.0,
2021-03-01,79065.9312170623,0.0,0.0,0.0,
2021-03-02,79065.9312170623,0.0,0.0,0.0,
2021-03-03,79065.9312170623,0.0,0.0,0.0,
2021-03-04,79065.9312170623,0.0,0.0,0.0,
2021-03-05,79065.9312170623,0.0,0.0,0.0,
2021-03-08,79065.9312170623,0.0,0.0,0.0,
2021-03-09,79065.9312170623,0.0,0.0,0.0,
2021-03-10,79065.9312170623,0.0,0.0,0.0,
2021-03-11,79065.9312170623,0.0,0.0,0.0,
2021-03-12,79065.9312170623,0.0,0.0,0.0,
2021-03-15,79065.9312170623,0.0,0.0,0.0,
2021-03-16,79065.9312170623,0.0,0.0,0.0,
2021-03-17,79065.9312170623,0.0,0.0,0.0,
2021-03-18,79065.9312170623,0.0,0.0,0.0,
2021-03-19,79065.9312170623,0.0,0.0,0.0,
2021-03-22,79065.9312170623,0.0,0.0,0.0,
2021-03-23,79065.9312170623,0.0,0.0,0.0,
2021-03-24,79065.9312170623,0.0,0.0,0.0,
2021-03-25,79065.9312170623,0.0,0.0,0.0,
2021-03-26,79065.9312170623,0.0,0.0,0.0,
2021-03-29,79065.9312170623,0.0,0.0,0.0,
2021-03-30,79065.9312170623,0.0,0.0,0.0,
2021-03-31,79065.9312170623,0.0,0.0,0.0,
2021-04-01,79065.9312170623,0.0,0.0,0.0,
2021-04-05,79065.9312170623,0.0,0.0,0.0,
2021-04-06,79065.9312170623,0.0,0.0,0.0,
2021-04-07,79065.9312170623,0.0,0.0,0.0,
2021-04-08,79065.9312170623,0.0,0.0,0.0,
2021-04-09,79065.9312170623,0.0,0.0,0.0,
2021-04-12,79065.9312170623,0.0,0.0,0.0,
2021-04-13,79065.9312170623,0.0,0.0,0.0,
2021-04-14,79065.9312170623,0.0,0.0,0.0,
2021-04-15,79065.9312170623,0.0,0.0,0.0,
2021-04-16,79065.9312170623,0.0,0.0,0.0,
2021-04-19,79065.9312170623,0.0,0.0,0.0,
2021-04-20,79065.9312170623,0.0,0.0,0.0,
2021-04-21,79065.9312170623,0.0,0.0,0.0,
2021-04-22,79065.9312170623,0.0,0.0,0.0,
2021-04-23,79065.9312170623,0.0,0.0,0.0,
2021-04-26,79065.9312170623,0.0,0.0,0.0,
2021-04-27,79065.9312170623,0.0,0.0,0.0,
2021-04-28,79065.9312170623,0.0,0.0,0.0,
2021-04-29,79065.9312170623,0.0,0.0,0.0,
2021-04-30,79065.9312170623,0.0,0.0,0.0,
2021-05-03,79065.9312170623,0.0,0.0,0.0,
2021-05-04,79065.9312170623,0.0,0.0,0.0,
2021-05-05,79065.9312170623,0.0,0.0,0.0,
2021-05-06,79065.9312170623,0.0,0.0,0.0,
2021-05-07,79065.9312170623,0.0,0.0,0.0,
2021-05-10,79065.9312170623,0.0,0.0,0.0,
2021-05-11,79065.9312170623,0.0,0.0,0.0,
2021-05-12,79065.9312170623,0.0,0.0,0.0,
2021-05-13,79065.9312170623,0.0,0.0,0.0,
2021-05-14,79065.9312170623,0.0,0.0,0.0,
2021-05-17,79065.9312170623,0.0,0.0,0.0,
2021-05-18,79065.9312170623,0.0,0.0,0.0,
2021-05-19,79065.9312170623,0.0,0.0,0.0,
2021-05-20,79065.9312170623,0.0,0.0,0.0,
2021-05-21,79065.9312170623,0.0,0.0,0.0,
2021-05-24,79065.9312170623,0.0,0.0,0.0,
2021-05-25,79065.9312170623,0.0,0.0,0.0,
2021-05-26,79065.9312170623,0.0,0.0,0.0,
2021-05-27,79065.9312170623,0.0,0.0,0.0,
2021-05-28,79065.9312170623,0.0,0.0,0.0,
2021-06-01,79065.9312170623,0.0,0.0,0.0,
2021-06-02,79065.9312170623,0.0,0.0,0.0,
2021-06-03,79065.9312170623,0.0,0.0,0.0,
2021-06-04,79065.9312170623,0.0,0.0,0.0,
2021-06-07,79065.9312170623,0.0,0.0,0.0,
2021-06-08,79065.9312170623,0.0,0.0,0.0,
2021-06-09,79065.9312170623,0.0,0.0,0.0,
2021-06-10,79065.9312170623,0.0,0.0,0.0,
2021-06-11,79065.9312170623,0.0,0.0,0.0,
2021-06-14,79065.9312170623,0.0,0.0,0.0,
2021-06-15,79065.9312170623,0.0,0.0,0.0,
2021-06-16,79065.9312170623,0.0,0.0,0.0,
2021-06-17,79065.9312170623,0.0,0.0,0.0,
2021-06-18,79065.9312170623,0.0,0.0,0.0,
2021-06-21,79065.9312170623,0.0,0.0,0.0,
2021-06-22,79065.9312170623,0.0,0.0,0.0,
2021-06-23,79065.9312170623,0.0,0.0,0.0,
2021-06-24,79065.9312170623,0.0,0.0,0.0,
2021-06-25,79065.9312170623,0.0,0.0,0.0,
2021-06-28,79065.9312170623,0.0,0.0,0.0,
2021-06-29,79065.9312170623,0.0,0.0,0.0,
2021-06-30,79065.9312170623,0.0,0.0,0.0,
2021-07-01,79065.9312170623,0.0,0.0,0.0,
2021-07-02,79065.9312170623,0.0,0.0,0.0,
2021-07-06,79065.9312170623,0.0,0.0,0.0,
2021-07-07,79065.9312170623,0.0,0.0,0.0,
2021-07-08,79065.9312170623,0.0,0.0,0.0,
2021-07-09,79065.9312170623,0.0,0.0,0.0,1.2786110220883116
2021-07-12,79065.9312170623,0.0,0.0,0.0,1.0960403494109536
2021-07-13,79065.9312170623,0.0,0.0,0.0,1.0746585803672812
2021-07-14,79065.9312170623,0.0,0.0,0.0,1.2727880510326182
2021-07-15,79065.9312170623,0.0,0.0,0.0,1.2412749177643951
2021-07-16,79065.9312170623,0.0,0.0,0.0,1.6350988107863649
2021-07-19,79065.9312170623,0.0,0.0,0.0,1.7942322963586224
2021-07-20,79065.9312170623,0.0,0.0,0.0,1.7716452939661012
2021-07-21,79065.9312170623,0.0,0.0,0.0,1.079703049639295
2021-07-22,79065.9312170623,0.0,0.0,0.0,1.1757577003917161
2021-07-23,79065.9312170623,0.0,0.0,0.0,1.0801617814998175
2021-07-26,79065.9312170623,0.0,0.0,0.0,0.8146619430987798
2021-07-27,79065.9312170623,0.0,0.0,0.0,0.5943464419504088
2021-07-28,79065.9312170623,0.0,0.0,0.0,0.5049147332905977
2021-07-29,79065.9312170623,0.0,0.0,0.0,0.18375601824832455
2021-07-30,79065.9312170623,0.0,0.0,0.0,-0.2506377731240633
2021-08-02,79065.9312170623,0.0,0.0,0.0,-0.17427378135955124
2021-08-03,79065.9312170623,0.0,0.0,0.0,-0.33994527350417525
2021-08-04,79065.9312170623,0.0,0.0,0.0,0.04825002378777262
2021-08-05,79065.9312170623,0.0,0.0,0.0,-0.2554361088146081
2021-08-06,79065.9312170623,0.0,0.0,0.0,-0.2528503736230623
2021-08-09,79065.9312170623,0.0,0.0,0.0,0.2640815689703304
2021-08-10,79065.9312170623,0.0,0.0,0.0,-0.1820208720228861
2021-08-11,79065.9312170623,0.0,0.0,0.0,-0.5547239981032676
2021-08-12,79065.9312170623,0.0,0.0,0.0,-0.5337451147719751
2021-08-13,79065.9312170623,0.0,0.0,0.0,-0.5265373290018466
2021-08-16,79065.9312170623,0.0,0.0,0.0,-0.48673776471568037
2021-08-17,79065.9312170623,0.0,0.0,0.0,-0.6518581878010306
2021-08-18,79065.9312170623,0.0,0.0,0.0,0.17584407995996898
2021-08-19,79065.9312170623,0.0,0.0,0.0,0.4776487824136427
2021-08-20,79065.9312170623,0.0,0.0,0.0,0.45705129251787996
2021-08-23,79065.9312170623,0.0,0.0,0.0,0.4844679823651622
2021-08-24,79065.9312170623,0.0,0.0,0.0,0.06642645175218898
2021-08-25,79065.9312170623,0.0,0.0,0.0,-0.3338872944085756
2021-08-26,79065.9312170623,0.0,0.0,0.0,-0.08132265008714953
2021-08-27,79065.9312170623,0.0,0.0,0.0,-0.260344847437128
2021-08-30,79065.9312170623,0.0,0.0,0.0,-0.6491049089740331
2021-08-31,79065.9312170623,0.0,0.0,0.0,-0.005058534249947235
2021-09-01,79065.9312170623,0.0,0.0,0.0,0.12124062608724118
2021-09-02,79065.9312170623,0.0,0.0,0.0,-0.31737968286202134
2021-09-03,79065.9312170623,0.0,0.0,0.0,-0.36579491394782954
2021-09-07,79065.9312170623,0.0,0.0,0.0,-0.3467206699772469
2021-09-08,79065.9312170623,0.0,0.0,0.0,-0.30273675837914316
2021-09-09,79065.9312170623,0.0,0.0,0.0,0.0794406440734828
2021-09-10,79065.9312170623,0.0,0.0,0.0,-0.14547950869216317
2021-09-13,79065.9312170623,0.0,0.0,0.0,-0.47541997761941535
2021-09-14,79065.9312170623,0.0,0.0,0.0,0.4100906924632059
2021-09-15,79065.9312170623,0.0,0.0,0.0,0.45145603214675206
2021-09-16,79065.9312170623,0.0,0.0,0.0,0.6992439101949147
2021-09-17,79065.9312170623,0.0,0.0,0.0,0.5289779107502278
2021-09-20,79065.9312170623,0.0,0.0,0.0,0.8476305454551353
2021-09-21,79065.9312170623,0.0,0.0,0.0,0.7163823378150407
2021-09-22,79065.9312170623,0.0,0.0,0.0,-0.2904944854068624
2021-09-23,79065.9312170623,0.0,0.0,0.0,-0.572756359429174
2021-09-24,79065.9312170623,0.0,0.0,0.0,-0.5043518608575085
2021-09-27,79065.9312170623,0.0,0.0,0.0,-0.9655864551113221
2021-09-28,79065.9312170623,0.0,0.0,0.0,-0.6060651931553458
2021-09-29,79065.9312170623,0.0,0.0,0.0,-0.5994110672598147
2021-09-30,79065.9312170623,0.0,0.0,0.0,0.19062421225494355
2021-10-01,79065.9312170623,0.0,0.0,0.0,-0.38165281007264834
2021-10-04,79065.9312170623,0.0,0.0,0.0,0.16492906109005828
2021-10-05,79065.9312170623,0.0,0.0,0.0,-1.1802214906474187
2021-10-06,79065.9312170623,0.0,0.0,0.0,-1.4869953819395478
2021-10-07,79065.9312170623,0.0,0.0,0.0,-1.983276020068492
2021-10-08,79065.9312170623,0.0,0.0,0.0,-2.4798955550245223
2021-10-11,79026.39825145376,-0.000500000000000056,1.0005002501250626,-0.21334634127006605,-2.1754578043224586
2021-10-12,78854.80711110732,-0.0021713141955483906,1.0007405881968308,-0.21597456196901227,-2.468450059864194
2021-10-13,78481.42305463937,-0.004735082998070794,1.0080582840476364,-0.22174756751708968,-3.1086487252014963
2021-10-14,78493.6890979441,0.00015629231514036057,1.0197047256273182,-0.22154444905222376,-2.8302824459061293
2021-10-15,78432.6481082927,-0.0007776547433669956,1.028865563038728,-0.22248280462401657,-2.7430698351148246
2021-10-18,78438.90796123428,7.981182699490219e-05,1.0283048146726943,-0.2223728306448198,-2.558644006780541
2021-10-19,77954.76821397786,-0.0061721887751889914,1.0530739904144708,-0.22995191855421976,-3.0919653236507054
2021-10-20,77476.96176301058,-0.006129278066169808,1.070287556855698,-0.2375243207984045,-3.408941437688466
2021-10-21,77525.60614408254,0.0006278560744388262,1.0538557121605048,-0.2367348549830501,-3.0288409019371136
2021-10-22,77267.29813779263,-0.003331905664946899,1.066332587684011,-0.24085646820098625,-3.0374650523760844
2021-10-25,77417.66459439957,0.0019460555788917144,1.0783606922410907,-0.23843343975107706,-2.6189814644600062
2021-10-26,78057.5313938728,0.008265126606770812,1.0805993179603872,-0.22826858098824124,-1.7909770327365462
2021-10-27,78101.40512420615,0.0005620691501497799,1.0572932813956062,-0.22756561942319412,-1.6709537892385768
2021-10-28,77721.25794559126,-0.004867353897286986,1.0696833117602569,-0.23355703143157874,-1.980882532080221
2021-10-29,77187.72918649174,-0.006864643897979916,1.0860705922349128,-0.2420704739598497,-2.3749033051044286
2021-11-01,77754.8902522212,0.007347813852110585,1.085916644263272,-0.23299746212538677,-1.7218531632746201
2021-11-02,77658.01625420291,-0.0012458894572938695,1.0779656215143554,-0.23452245617298415,-1.736347931659819
2021-11-03,77574.45788880883,-0.0010759786229996848,1.0685977035093295,-0.23583917198845286,-1.7396260385881
2021-11-04,77592.12886118307,0.00022779369466641164,1.0743649286481531,-0.23554478183565386,-1.6486870673843064
2021-11-05,77348.63011514564,-0.003138188752019655,1.088851135920293,-0.2394213247600123,-1.781342191706718
2021-11-08,77517.73086553591,0.0021862151939671115,1.0934062822447963,-0.23670444540486404,-1.5649182751398611
2021-11-09,77459.51421633505,-0.000751010750067449,1.1033156851119021,-0.23762071632439694,-1.549088100453177
2021-11-10,77626.21829585152,0.002152144655217958,1.0817672256735194,-0.23494962315297446,-1.3633824765882414
2021-11-11,77682.15807013364,0.0007206299045627862,1.081836917670434,-0.23404726912005133,-1.26932703307714
2021-11-12,77398.92280664037,-0.003646078720387136,1.0829588313209766,-0.23855006575231003,-1.4488658792748967
2021-11-15,76519.96160302575,-0.011356245949449062,1.1142327375438013,-0.2527636476441739,-2.0429583665006232
2021-11-16,76645.79332401384,0.0016444300069162754,1.1194327567152849,-0.2506934084018702,-1.8498258490510409
2021-11-17,76516.70292777683,-0.0016842463315799305,1.1134924792047185,-0.25278982254325016,-1.861787040731453
2021-11-18,76596.5458042231,0.0010434699012271675,1.1019172897879679,-0.2514703964643487,-1.7287902131803987
2021-11-19,76240.44178358083,-0.004649087199734336,1.0722307199978498,-0.25730227792570853,-1.9408704605570646
2021-11-22,75763.78306075296,-0.006252045655518734,1.0966084958633842,-0.2651991710952331,-2.1385688829243144
2021-11-23,75509.87639770922,-0.0033512933592577676,1.1256158294363052,-0.26943992669484607,-2.1470790496005843
2021-11-24,75284.98099756229,-0.0029783574133058766,1.1367124228384824,-0.27321818567806555,-2.1587582254385116
2021-11-26,75355.80684920267,0.0009407700008938757,1.1043849489508268,-0.27200753174445885,-2.049953184827942
2021-11-29,75374.89397087325,0.00025329330901846525,1.1084577376429083,-0.2716717711062617,-1.9305147178719497
2021-11-30,75374.49313106103,-5.317948604699474e-06,1.0846787736411803,-0.27166484199353425,-1.8786126129029388
2021-12-01,75696.60569631953,0.004273495606775368,1.0751182144445388,-0.2662401146366742,-1.615989097292243
2021-12-02,75081.76301039029,-0.008122460449493163,1.1124205333079213,-0.27659590727723776,-1.856075521268421
2021-12-03,75211.6428001059,0.0017298446987403793,1.1034488213972569,-0.2743776519268532,-1.717417940281634
2021-12-06,74753.27773958046,-0.006094336507761922,1.125785306000087,-0.2821780072524755,-1.8721361266674639
2021-12-07,74326.56388394792,-0.005708296258514434,1.1474823126513043,-0.28952503026800264,-1.9867328104022308
2021-12-08,74177.63537672865,-0.002003704993705946,1.1542647414632659,-0.29209976098622964,-1.9693803294959527
2021-12-09,74398.90461640838,0.0029829643201211287,1.1500457429307542,-0.288242630330105,-1.779132717901756
2021-12-10,74512.07593197115,0.001521142228454453,1.1522634256500397,-0.28627175930589477,-1.6538117408919364
2021-12-13,74918.49654216555,0.0054544260794111565,1.1217102271675239,-0.27927975128523175,-1.4262645612106908
2021-12-14,74717.38607318093,-0.002684390080778476,1.1261733956575664,-0.2827091442785532,-1.489463083321118
2021-12-15,74877.00307744944,0.0021362766105357256,1.1179344923148262,-0.27996081691365343,-1.372520610932575
2021-12-16,74438.05198773387,-0.005862295119658301,1.1317853608925912,-0.2874946223457975,-1.5517159703699384
2021-12-17,75127.63540856373,0.009263856353246558,1.0939384193140158,-0.2756629835524498,-1.1757393994829777
2021-12-20,74658.49122584537,-0.00624462862656372,1.0951493087062028,-0.28366541000318074,-1.4125822927111777
2021-12-21,74519.3587876671,-0.0018635849170510754,1.117462124062628,-0.28604839167104934,-1.4061441457056114
2021-12-22,74470.3187427659,-0.0006580846332954193,1.1255807798402984,-0.28688134479349864,-1.378810164462384
2021-12-23,74357.83023127011,-0.0015105147043125156,1.1291955128125952,-0.28881410492904164,-1.3989713327915592
2021-12-27,73724.39751480165,-0.0085187089846267,1.1595598942621692,-0.2998732795587634,-1.67607131465097
2021-12-28,73725.06922578662,9.111108501658194e-06,1.1567475290666633,-0.29984695800838496,-1.6358704005905707
2021-12-29,73723.77728366375,-1.7523783109818503e-05,1.1492698900517422,-0.29985528604835826,-1.6175588965148053
2021-12-30,73773.8852125414,0.0006796712095320512,1.1427985220107457,-0.29895804542066956,-1.557449834544989
2021-12-31,74013.86375122867,0.003252892781719252,1.1413711267751017,-0.29473211752077616,-1.3720454977775496
2022-01-03,74351.0896327511,0.004556252902238711,1.1640122248501703,-0.2888455641227096,-1.0864552106989471
2022-01-04,74591.03397016664,0.0032271798382608186,1.1898493575114928,-0.28468524054419814,-0.8730344385655935
2022-01-05,74607.27264105712,0.00021770271876087044,0.0,0.0,-0.7986205092142972
2022-01-06,74607.27264105712,0.0,0.0,0.0,
2022-01-07,74607.27264105712,0.0,0.0,0.0,
2022-01-10,74607.27264105712,0.0,0.0,0.0,
2022-01-11,74607.27264105712,0.0,0.0,0.0,
2022-01-12,74607.27264105712,0.0,0.0,0.0,
2022-01-13,74607.27264105712,0.0,0.0,0.0,
2022-01-14,74607.27264105712,0.0,0.0,0.0,
2022-01-18,74607.27264105712,0.0,0.0,0.0,
2022-01-19,74607.27264105712,0.0,0.0,0.0,
2022-01-20,74607.27264105712,0.0,0.0,0.0,
2022-01-21,74607.27264105712,0.0,0.0,0.0,
2022-01-24,74607.27264105712,0.0,0.0,0.0,
2022-01-25,74607.27264105712,0.0,0.0,0.0,
2022-01-26,74607.27264105712,0.0,0.0,0.0,
2022-01-27,74607.27264105712,0.0,0.0,0.0,
2022-01-28,74607.27264105712,0.0,0.0,0.0,
2022-01-31,74607.27264105712,0.0,0.0,0.0,
2022-02-01,74607.27264105712,0.0,0.0,0.0,
2022-02-02,74607.27264105712,0.0,0.0,0.0,
2022-02-03,74607.27264105712,0.0,0.0,0.0,
2022-02-04,74607.27264105712,0.0,0.0,0.0,
2022-02-07,74607.27264105712,0.0,0.0,0.0,
2022-02-08,74607.27264105712,0.0,0.0,0.0,
2022-02-09,74607.27264105712,0.0,0.0,0.0,
2022-02-10,74607.27264105712,0.0,0.0,0.0,
2022-02-11,74607.27264105712,0.0,0.0,0.0,
2022-02-14,74607.27264105712,0.0,0.0,0.0,
2022-02-15,74607.27264105712,0.0,0.0,0.0,
2022-02-16,74607.27264105712,0.0,0.0,0.0,
2022-02-17,74607.27264105712,0.0,0.0,0.0,
2022-02-18,74607.27264105712,0.0,0.0,0.0,
2022-02-22,74607.27264105712,0.0,0.0,0.0,
2022-02-23,74607.27264105712,0.0,0.0,0.0,
2022-02-24,74607.27264105712,0.0,0.0,0.0,
2022-02-25,74607.27264105712,0.0,0.0,0.0,
2022-02-28,74607.27264105712,0.0,0.0,0.0,
2022-03-01,74607.27264105712,0.0,0.0,0.0,
2022-03-02,74607.27264105712,0.0,0.0,0.0,
2022-03-03,74607.27264105712,0.0,0.0,0.0,
2022-03-04,74607.27264105712,0.0,0.0,0.0,
2022-03-07,74607.27264105712,0.0,0.0,0.0,
2022-03-08,74607.27264105712,0.0,0.0,0.0,
2022-03-09,74607.27264105712,0.0,0.0,0.0,
2022-03-10,74607.27264105712,0.0,0.0,0.0,
2022-03-11,74607.27264105712,0.0,0.0,0.0,
2022-03-14,74607.27264105712,0.0,0.0,0.0,
2022-03-15,74607.27264105712,0.0,0.0,0.0,
2022-03-16,74607.27264105712,0.0,0.0,0.0,
2022-03-17,74607.27264105712,0.0,0.0,0.0,
2022-03-18,74607.27264105712,0.0,0.0,0.0,
2022-03-21,74607.27264105712,0.0,0.0,0.0,
2022-03-22,74607.27264105712,0.0,0.0,0.0,
2022-03-23,74607.27264105712,0.0,0.0,0.0,
2022-03-24,74607.27264105712,0.0,0.0,0.0,
2022-03-25,74607.27264105712,0.0,0.0,0.0,
2022-03-28,74607.27264105712,0.0,0.0,0.0,
2022-03-29,74607.27264105712,0.0,0.0,0.0,
2022-03-30,74607.27264105712,0.0,0.0,0.0,
2022-03-31,74607.27264105712,0.0,0.0,0.0,
2022-04-01,74607.27264105712,0.0,0.0,0.0,
2022-04-04,74607.27264105712,0.0,0.0,0.0,
2022-04-05,74607.27264105712,0.0,0.0,0.0,
2022-04-06,74607.27264105712,0.0,0.0,0.0,
2022-04-07,74607.27264105712,0.0,0.0,0.0,
2022-04-08,74607.27264105712,0.0,0.0,0.0,
2022-04-11,74607.27264105712,0.0,0.0,0.0,
2022-04-12,74607.27264105712,0.0,0.0,0.0,
2022-04-13,74607.27264105712,0.0,0.0,0.0,
2022-04-14,74607.27264105712,0.0,0.0,0.0,
2022-04-18,74607.27264105712,0.0,0.0,0.0,
2022-04-19,74607.27264105712,0.0,0.0,0.0,
2022-04-20,74607.27264105712,0.0,0.0,0.0,
2022-04-21,74607.27264105712,0.0,0.0,0.0,
2022-04-22,74607.27264105712,0.0,0.0,0.0,
2022-04-25,74607.27264105712,0.0,0.0,0.0,
2022-04-26,74607.27264105712,0.0,0.0,0.0,
2022-04-27,74607.27264105712,0.0,0.0,0.0,
2022-04-28,74607.27264105712,0.0,0.0,0.0,
2022-04-29,74607.27264105712,0.0,0.0,0.0,
2022-05-02,74607.27264105712,0.0,0.0,0.0,
2022-05-03,74607.27264105712,0.0,0.0,0.0,
2022-05-04,74607.27264105712,0.0,0.0,0.0,
2022-05-05,74607.27264105712,0.0,0.0,0.0,
2022-05-06,74607.27264105712,0.0,0.0,0.0,
2022-05-09,74607.27264105712,0.0,0.0,0.0,
2022-05-10,74607.27264105712,0.0,0.0,0.0,
2022-05-11,74607.27264105712,0.0,0.0,0.0,
2022-05-12,74607.27264105712,0.0,0.0,0.0,
2022-05-13,74607.27264105712,0.0,0.0,0.0,
2022-05-16,74607.27264105712,0.0,0.0,0.0,
2022-05-17,74607.27264105712,0.0,0.0,0.0,
2022-05-18,74607.27264105712,0.0,0.0,0.0,
2022-05-19,74607.27264105712,0.0,0.0,0.0,
2022-05-20,74607.27264105712,0.0,0.0,0.0,
2022-05-23,74607.27264105712,0.0,0.0,0.0,
2022-05-24,74607.27264105712,0.0,0.0,0.0,
2022-05-25,74607.27264105712,0.0,0.0,0.0,
2022-05-26,74607.27264105712,0.0,0.0,0.0,
2022-05-27,74607.27264105712,0.0,0.0,0.0,
2022-05-31,74607.27264105712,0.0,0.0,0.0,
2022-06-01,74607.27264105712,0.0,0.0,0.0,
2022-06-02,74607.27264105712,0.0,0.0,0.0,
2022-06-03,74607.27264105712,0.0,0.0,0.0,
2022-06-06,74607.27264105712,0.0,0.0,0.0,
2022-06-07,74607.27264105712,0.0,0.0,0.0,
2022-06-08,74607.27264105712,0.0,0.0,0.0,
2022-06-09,74607.27264105712,0.0,0.0,0.0,
2022-06-10,74607.27264105712,0.0,0.0,0.0,
2022-06-13,74607.27264105712,0.0,0.0,0.0,
2022-06-14,74607.27264105712,0.0,0.0,0.0,
2022-06-15,74607.27264105712,0.0,0.0,0.0,
2022-06-16,74607.27264105712,0.0,0.0,0.0,
2022-06-17,74607.27264105712,0.0,0.0,0.0,
2022-06-21,74607.27264105712,0.0,0.0,0.0,
2022-06-22,74607.27264105712,0.0,0.0,0.0,
2022-06-23,74607.27264105712,0.0,0.0,0.0,
2022-06-24,74607.27264105712,0.0,0.0,0.0,
2022-06-27,74607.27264105712,0.0,0.0,0.0,
2022-06-28,74607.27264105712,0.0,0.0,0.0,
2022-06-29,74607.27264105712,0.0,0.0,0.0,
2022-06-30,74607.27264105712,0.0,0.0,0.0,
2022-07-01,74607.27264105712,0.0,0.0,0.0,
2022-07-05,74607.27264105712,0.0,0.0,0.0,
2022-07-06,74607.27264105712,0.0,0.0,0.0,
2022-07-07,74607.27264105712,0.0,0.0,0.0,
2022-07-08,74607.27264105712,0.0,0.0,0.0,
2022-07-11,74607.27264105712,0.0,0.0,0.0,
2022-07-12,74607.27264105712,0.0,0.0,0.0,
2022-07-13,74607.27264105712,0.0,0.0,0.0,
2022-07-14,74607.27264105712,0.0,0.0,0.0,
2022-07-15,74607.27264105712,0.0,0.0,0.0,
2022-07-18,74607.27264105712,0.0,0.0,0.0,
2022-07-19,74607.27264105712,0.0,0.0,0.0,
2022-07-20,74607.27264105712,0.0,0.0,0.0,
2022-07-21,74607.27264105712,0.0,0.0,0.0,
2022-07-22,74607.27264105712,0.0,0.0,0.0,
2022-07-25,74607.27264105712,0.0,0.0,0.0,
2022-07-26,74607.27264105712,0.0,0.0,0.0,
2022-07-27,74607.27264105712,0.0,0.0,0.0,
2022-07-28,74607.27264105712,0.0,0.0,0.0,
2022-07-29,74607.27264105712,0.0,0.0,0.0,
2022-08-01,74607.27264105712,0.0,0.0,0.0,
2022-08-02,74607.27264105712,0.0,0.0,0.0,
2022-08-03,74607.27264105712,0.0,0.0,0.0,
2022-08-04,74607.27264105712,0.0,0.0,0.0,
2022-08-05,74607.27264105712,0.0,0.0,0.0,
2022-08-08,74607.27264105712,0.0,0.0,0.0,
2022-08-09,74607.27264105712,0.0,0.0,0.0,
2022-08-10,74607.27264105712,0.0,0.0,0.0,
2022-08-11,74607.27264105712,0.0,0.0,0.0,
2022-08-12,74607.27264105712,0.0,0.0,0.0,
2022-08-15,74607.27264105712,0.0,0.0,0.0,
2022-08-16,74607.27264105712,0.0,0.0,0.0,
2022-08-17,74607.27264105712,0.0,0.0,0.0,
2022-08-18,74607.27264105712,0.0,0.0,0.0,
2022-08-19,74607.27264105712,0.0,0.0,0.0,
2022-08-22,74607.27264105712,0.0,0.0,0.0,
2022-08-23,74607.27264105712,0.0,0.0,0.0,
2022-08-24,74607.27264105712,0.0,0.0,0.0,
2022-08-25,74607.27264105712,0.0,0.0,0.0,
2022-08-26,74607.27264105712,0.0,0.0,0.0,
2022-08-29,74607.27264105712,0.0,0.0,0.0,
2022-08-30,74607.27264105712,0.0,0.0,0.0,
2022-08-31,74607.27264105712,0.0,0.0,0.0,
2022-09-01,74607.27264105712,0.0,0.0,0.0,
2022-09-02,74607.27264105712,0.0,0.0,0.0,
2022-09-06,74607.27264105712,0.0,0.0,0.0,
2022-09-07,74607.27264105712,0.0,0.0,0.0,
2022-09-08,74607.27264105712,0.0,0.0,0.0,
2022-09-09,74607.27264105712,0.0,0.0,0.0,
2022-09-12,74607.27264105712,0.0,0.0,0.0,
2022-09-13,74607.27264105712,0.0,0.0,0.0,
2022-09-14,74607.27264105712,0.0,0.0,0.0,
2022-09-15,74607.27264105712,0.0,0.0,0.0,
2022-09-16,74607.27264105712,0.0,0.0,0.0,
2022-09-19,74607.27264105712,0.0,0.0,0.0,
2022-09-20,74607.27264105712,0.0,0.0,0.0,
2022-09-21,74607.27264105712,0.0,0.0,0.0,
2022-09-22,74607.27264105712,0.0,0.0,0.0,
2022-09-23,74607.27264105712,0.0,0.0,0.0,
2022-09-26,74607.27264105712,0.0,0.0,0.0,
2022-09-27,74607.27264105712,0.0,0.0,0.0,
2022-09-28,74607.27264105712,0.0,0.0,0.0,
2022-09-29,74607.27264105712,0.0,0.0,0.0,
2022-09-30,74607.27264105712,0.0,0.0,0.0,
2022-10-03,74607.27264105712,0.0,0.0,0.0,
2022-10-04,74607.27264105712,0.0,0.0,0.0,
2022-10-05,74607.27264105712,0.0,0.0,0.0,
2022-10-06,74607.27264105712,0.0,0.0,0.0,
2022-10-07,74607.27264105712,0.0,0.0,0.0,
2022-10-10,74607.27264105712,0.0,0.0,0.0,
2022-10-11,74607.27264105712,0.0,0.0,0.0,
2022-10-12,74607.27264105712,0.0,0.0,0.0,
2022-10-13,74607.27264105712,0.0,0.0,0.0,
2022-10-14,74607.27264105712,0.0,0.0,0.0,
2022-10-17,74607.27264105712,0.0,0.0,0.0,
2022-10-18,74607.27264105712,0.0,0.0,0.0,
2022-10-19,74607.27264105712,0.0,0.0,0.0,
2022-10-20,74607.27264105712,0.0,0.0,0.0,
2022-10-21,74607.27264105712,0.0,0.0,0.0,
2022-10-24,74607.27264105712,0.0,0.0,0.0,
2022-10-25,74607.27264105712,0.0,0.0,0.0,
2022-10-26,74607.27264105712,0.0,0.0,0.0,
2022-10-27,74607.27264105712,0.0,0.0,0.0,
2022-10-28,74607.27264105712,0.0,0.0,0.0,
2022-10-31,74607.27264105712,0.0,0.0,0.0,
2022-11-01,74607.27264105712,0.0,0.0,0.0,
2022-11-02,74607.27264105712,0.0,0.0,0.0,
2022-11-03,74607.27264105712,0.0,0.0,0.0,
2022-11-04,74607.27264105712,0.0,0.0,0.0,
2022-11-07,74607.27264105712,0.0,0.0,0.0,
2022-11-08,74607.27264105712,0.0,0.0,0.0,
2022-11-09,74607.27264105712,0.0,0.0,0.0,
2022-11-10,74607.27264105712,0.0,0.0,0.0,
2022-11-11,74607.27264105712,0.0,0.0,0.0,
2022-11-14,74607.27264105712,0.0,0.0,0.0,
2022-11-15,74607.27264105712,0.0,0.0,0.0,
2022-11-16,74607.27264105712,0.0,0.0,0.0,
2022-11-17,74607.27264105712,0.0,0.0,0.0,
2022-11-18,74607.27264105712,0.0,0.0,0.0,
2022-11-21,74607.27264105712,0.0,0.0,0.0,
2022-11-22,74607.27264105712,0.0,0.0,0.0,
2022-11-23,74607.27264105712,0.0,0.0,0.0,
2022-11-25,74607.27264105712,0.0,0.0,0.0,
2022-11-28,74607.27264105712,0.0,0.0,0.0,
2022-11-29,74607.27264105712,0.0,0.0,0.0,
2022-11-30,74607.27264105712,0.0,0.0,0.0,
2022-12-01,74607.27264105712,0.0,0.0,0.0,
2022-12-02,74607.27264105712,0.0,0.0,0.0,
2022-12-05,74607.27264105712,0.0,0.0,0.0,
2022-12-06,74607.27264105712,0.0,0.0,0.0,
2022-12-07,74607.27264105712,0.0,0.0,0.0,
2022-12-08,74607.27264105712,0.0,0.0,0.0,
2022-12-09,74607.27264105712,0.0,0.0,0.0,
2022-12-12,74607.27264105712,0.0,0.0,0.0,
2022-12-13,74607.27264105712,0.0,0.0,0.0,
2022-12-14,74607.27264105712,0.0,0.0,0.0,
2022-12-15,74607.27264105712,0.0,0.0,0.0,
2022-12-16,74607.27264105712,0.0,0.0,0.0,
2022-12-19,74607.27264105712,0.0,0.0,0.0,
2022-12-20,74607.27264105712,0.0,0.0,0.0,
2022-12-21,74607.27264105712,0.0,0.0,0.0,
2022-12-22,74607.27264105712,0.0,0.0,0.0,
2022-12-23,74607.27264105712,0.0,0.0,0.0,
2022-12-27,74607.27264105712,0.0,0.0,0.0,
2022-12-28,74607.27264105712,0.0,0.0,0.0,
2022-12-29,74607.27264105712,0.0,0.0,0.0,
2022-12-30,74607.27264105712,0.0,0.0,0.0,
2023-01-03,74607.27264105712,0.0,0.0,0.0,
2023-01-04,74607.27264105712,0.0,0.0,0.0,
2023-01-05,74607.27264105712,0.0,0.0,0.0,
2023-01-06,74607.27264105712,0.0,0.0,0.0,
2023-01-09,74607.27264105712,0.0,0.0,0.0,
2023-01-10,74607.27264105712,0.0,0.0,0.0,
2023-01-11,74607.27264105712,0.0,0.0,0.0,
2023-01-12,74607.27264105712,0.0,0.0,0.0,
2023-01-13,74607.27264105712,0.0,0.0,0.0,
2023-01-17,74607.27264105712,0.0,0.0,0.0,
2023-01-18,74607.27264105712,0.0,0.0,0.0,
2023-01-19,74607.27264105712,0.0,0.0,0.0,
2023-01-20,74607.27264105712,0.0,0.0,0.0,
2023-01-23,74607.27264105712,0.0,0.0,0.0,
2023-01-24,74607.27264105712,0.0,0.0,0.0,
2023-01-25,74607.27264105712,0.0,0.0,0.0,
2023-01-26,74607.27264105712,0.0,0.0,0.0,
2023-01-27,74607.27264105712,0.0,0.0,0.0,
2023-01-30,74607.27264105712,0.0,0.0,0.0,
2023-01-31,74607.27264105712,0.0,0.0,0.0,
2023-02-01,74607.27264105712,0.0,0.0,0.0,
2023-02-02,74607.27264105712,0.0,0.0,0.0,
2023-02-03,74607.27264105712,0.0,0.0,0.0,
2023-02-06,74607.27264105712,0.0,0.0,0.0,
2023-02-07,74607.27264105712,0.0,0.0,0.0,
2023-02-08,74607.27264105712,0.0,0.0,0.0,
2023-02-09,74607.27264105712,0.0,0.0,0.0,
2023-02-10,74607.27264105712,0.0,0.0,0.0,
2023-02-13,74607.27264105712,0.0,0.0,0.0,
2023-02-14,74607.27264105712,0.0,0.0,0.0,
2023-02-15,74607.27264105712,0.0,0.0,0.0,
2023-02-16,74607.27264105712,0.0,0.0,0.0,
2023-02-17,74607.27264105712,0.0,0.0,0.0,
2023-02-21,74607.27264105712,0.0,0.0,0.0,
2023-02-22,74607.27264105712,0.0,0.0,0.0,
2023-02-23,74607.27264105712,0.0,0.0,0.0,
2023-02-24,74607.27264105712,0.0,0.0,0.0,
2023-02-27,74607.27264105712,0.0,0.0,0.0,
2023-02-28,74607.27264105712,0.0,0.0,0.0,
2023-03-01,74607.27264105712,0.0,0.0,0.0,
2023-03-02,74607.27264105712,0.0,0.0,0.0,
2023-03-03,74607.27264105712,0.0,0.0,0.0,
2023-03-06,74607.27264105712,0.0,0.0,0.0,
2023-03-07,74607.27264105712,0.0,0.0,0.0,
2023-03-08,74607.27264105712,0.0,0.0,0.0,
2023-03-09,74607.27264105712,0.0,0.0,0.0,
2023-03-10,74607.27264105712,0.0,0.0,0.0,
2023-03-13,74607.27264105712,0.0,0.0,0.0,
2023-03-14,74607.27264105712,0.0,0.0,0.0,
2023-03-15,74607.27264105712,0.0,0.0,0.0,
2023-03-16,74607.27264105712,0.0,0.0,0.0,
2023-03-17,74607.27264105712,0.0,0.0,0.0,
2023-03-20,74607.27264105712,0.0,0.0,0.0,
2023-03-21,74607.27264105712,0.0,0.0,0.0,
2023-03-22,74607.27264105712,0.0,0.0,0.0,
2023-03-23,74607.27264105712,0.0,0.0,0.0,
2023-03-24,74607.27264105712,0.0,0.0,0.0,
2023-03-27,74607.27264105712,0.0,0.0,0.0,
2023-03-28,74607.27264105712,0.0,0.0,0.0,
2023-03-29,74607.27264105712,0.0,0.0,0.0,
2023-03-30,74607.27264105712,0.0,0.0,0.0,
2023-03-31,74607.27264105712,0.0,0.0,0.0,
2023-04-03,74607.27264105712,0.0,0.0,0.0,
2023-04-04,74607.27264105712,0.0,0.0,0.0,
2023-04-05,74607.27264105712,0.0,0.0,0.0,
2023-04-06,74607.27264105712,0.0,0.0,0.0,
2023-04-10,74607.27264105712,0.0,0.0,0.0,
2023-04-11,74607.27264105712,0.0,0.0,0.0,
2023-04-12,74607.27264105712,0.0,0.0,0.0,
2023-04-13,74607.27264105712,0.0,0.0,0.0,
2023-04-14,74607.27264105712,0.0,0.0,0.0,
2023-04-17,74607.27264105712,0.0,0.0,0.0,
2023-04-18,74607.27264105712,0.0,0.0,0.0,
2023-04-19,74607.27264105712,0.0,0.0,0.0,
2023-04-20,74607.27264105712,0.0,0.0,0.0,
2023-04-21,74607.27264105712,0.0,0.0,0.0,
2023-04-24,74607.27264105712,0.0,0.0,0.0,
2023-04-25,74607.27264105712,0.0,0.0,0.0,
2023-04-26,74607.27264105712,0.0,0.0,0.0,
2023-04-27,74607.27264105712,0.0,0.0,0.0,
2023-04-28,74607.27264105712,0.0,0.0,0.0,
2023-05-01,74607.27264105712,0.0,0.0,0.0,
2023-05-02,74607.27264105712,0.0,0.0,0.0,
2023-05-03,74607.27264105712,0.0,0.0,0.0,
2023-05-04,74607.27264105712,0.0,0.0,0.0,
2023-05-05,74607.27264105712,0.0,0.0,0.0,
2023-05-08,74607.27264105712,0.0,0.0,0.0,
2023-05-09,74607.27264105712,0.0,0.0,0.0,
2023-05-10,74607.27264105712,0.0,0.0,0.0,
2023-05-11,74607.27264105712,0.0,0.0,0.0,
2023-05-12,74607.27264105712,0.0,0.0,0.0,
2023-05-15,74607.27264105712,0.0,0.0,0.0,
2023-05-16,74607.27264105712,0.0,0.0,0.0,
2023-05-17,74607.27264105712,0.0,0.0,0.0,
2023-05-18,74607.27264105712,0.0,0.0,0.0,
2023-05-19,74607.27264105712,0.0,0.0,0.0,
2023-05-22,74607.27264105712,0.0,0.0,0.0,
2023-05-23,74607.27264105712,0.0,0.0,0.0,
2023-05-24,74607.27264105712,0.0,0.0,0.0,
2023-05-25,74607.27264105712,0.0,0.0,0.0,
2023-05-26,74607.27264105712,0.0,0.0,0.0,
2023-05-30,74607.27264105712,0.0,0.0,0.0,
2023-05-31,74607.27264105712,0.0,0.0,0.0,
2023-06-01,74607.27264105712,0.0,0.0,0.0,
2023-06-02,74607.27264105712,0.0,0.0,0.0,
2023-06-05,74607.27264105712,0.0,0.0,0.0,
2023-06-06,74607.27264105712,0.0,0.0,0.0,
2023-06-07,74607.27264105712,0.0,0.0,0.0,
2023-06-08,74607.27264105712,0.0,0.0,0.0,
2023-06-09,74607.27264105712,0.0,0.0,0.0,
2023-06-12,74607.27264105712,0.0,0.0,0.0,
2023-06-13,74607.27264105712,0.0,0.0,0.0,
2023-06-14,74607.27264105712,0.0,0.0,0.0,
2023-06-15,74607.27264105712,0.0,0.0,0.0,
2023-06-16,74607.27264105712,0.0,0.0,0.0,
2023-06-20,74607.27264105712,0.0,0.0,0.0,
2023-06-21,74607.27264105712,0.0,0.0,0.0,
2023-06-22,74607.27264105712,0.0,0.0,0.0,
2023-06-23,74607.27264105712,0.0,0.0,0.0,
2023-06-26,74607.27264105712,0.0,0.0,0.0,
2023-06-27,74607.27264105712,0.0,0.0,0.0,
2023-06-28,74607.27264105712,0.0,0.0,0.0,
2023-06-29,74607.27264105712,0.0,0.0,0.0,
2023-06-30,74607.27264105712,0.0,0.0,0.0,
2023-07-03,74607.27264105712,0.0,0.0,0.0,
2023-07-05,74607.27264105712,0.0,0.0,0.0,
2023-07-06,74607.27264105712,0.0,0.0,0.0,
2023-07-07,74607.27264105712,0.0,0.0,0.0,
2023-07-10,74607.27264105712,0.0,0.0,0.0,
2023-07-11,74607.27264105712,0.0,0.0,0.0,
2023-07-12,74607.27264105712,0.0,0.0,0.0,
2023-07-13,74607.27264105712,0.0,0.0,0.0,
2023-07-14,74607.27264105712,0.0,0.0,0.0,
2023-07-17,74607.27264105712,0.0,0.0,0.0,
2023-07-18,74607.27264105712,0.0,0.0,0.0,
2023-07-19,74607.27264105712,0.0,0.0,0.0,
2023-07-20,74607.27264105712,0.0,0.0,0.0,
2023-07-21,74607.27264105712,0.0,0.0,0.0,
2023-07-24,74607.27264105712,0.0,0.0,0.0,
2023-07-25,74607.27264105712,0.0,0.0,0.0,
2023-07-26,74607.27264105712,0.0,0.0,0.0,
2023-07-27,74607.27264105712,0.0,0.0,0.0,
2023-07-28,74607.27264105712,0.0,0.0,0.0,
2023-07-31,74607.27264105712,0.0,0.0,0.0,
2023-08-01,74607.27264105712,0.0,0.0,0.0,
2023-08-02,74607.27264105712,0.0,0.0,0.0,
2023-08-03,74607.27264105712,0.0,0.0,0.0,
2023-08-04,74607.27264105712,0.0,0.0,0.0,
2023-08-07,74607.27264105712,0.0,0.0,0.0,
2023-08-08,74607.27264105712,0.0,0.0,0.0,
2023-08-09,74607.27264105712,0.0,0.0,0.0,
2023-08-10,74607.27264105712,0.0,0.0,0.0,
2023-08-11,74607.27264105712,0.0,0.0,0.0,
2023-08-14,74607.27264105712,0.0,0.0,0.0,
2023-08-15,74607.27264105712,0.0,0.0,0.0,
2023-08-16,74607.27264105712,0.0,0.0,0.0,
2023-08-17,74607.27264105712,0.0,0.0,0.0,
2023-08-18,74607.27264105712,0.0,0.0,0.0,
2023-08-21,74607.27264105712,0.0,0.0,0.0,
2023-08-22,74607.27264105712,0.0,0.0,0.0,
2023-08-23,74607.27264105712,0.0,0.0,0.0,
2023-08-24,74607.27264105712,0.0,0.0,0.0,
2023-08-25,74607.27264105712,0.0,0.0,0.0,
2023-08-28,74607.27264105712,0.0,0.0,0.0,
2023-08-29,74607.27264105712,0.0,0.0,0.0,
2023-08-30,74607.27264105712,0.0,0.0,0.0,
2023-08-31,74607.27264105712,0.0,0.0,0.0,
2023-09-01,74607.27264105712,0.0,0.0,0.0,
2023-09-05,74607.27264105712,0.0,0.0,0.0,
2023-09-06,74607.27264105712,0.0,0.0,0.0,
2023-09-07,74607.27264105712,0.0,0.0,0.0,
2023-09-08,74607.27264105712,0.0,0.0,0.0,
2023-09-11,74607.27264105712,0.0,0.0,0.0,
2023-09-12,74607.27264105712,0.0,0.0,0.0,
2023-09-13,74607.27264105712,0.0,0.0,0.0,
2023-09-14,74607.27264105712,0.0,0.0,0.0,
2023-09-15,74607.27264105712,0.0,0.0,0.0,
2023-09-18,74607.27264105712,0.0,0.0,0.0,
2023-09-19,74607.27264105712,0.0,0.0,0.0,
2023-09-20,74607.27264105712,0.0,0.0,0.0,
2023-09-21,74607.27264105712,0.0,0.0,0.0,
2023-09-22,74607.27264105712,0.0,0.0,0.0,
2023-09-25,74607.27264105712,0.0,0.0,0.0,
2023-09-26,74607.27264105712,0.0,0.0,0.0,
2023-09-27,74607.27264105712,0.0,0.0,0.0,
2023-09-28,74607.27264105712,0.0,0.0,0.0,
2023-09-29,74607.27264105712,0.0,0.0,0.0,
2023-10-02,74607.27264105712,0.0,0.0,0.0,
2023-10-03,74607.27264105712,0.0,0.0,0.0,
2023-10-04,74607.27264105712,0.0,0.0,0.0,
2023-10-05,74607.27264105712,0.0,0.0,0.0,
2023-10-06,74607.27264105712,0.0,0.0,0.0,
2023-10-09,74607.27264105712,0.0,0.0,0.0,
2023-10-10,74607.27264105712,0.0,0.0,0.0,
2023-10-11,74607.27264105712,0.0,0.0,0.0,
2023-10-12,74607.27264105712,0.0,0.0,0.0,
2023-10-13,74607.27264105712,0.0,0.0,0.0,
2023-10-16,74607.27264105712,0.0,0.0,0.0,
2023-10-17,74607.27264105712,0.0,0.0,0.0,
2023-10-18,74607.27264105712,0.0,0.0,0.0,
2023-10-19,74607.27264105712,0.0,0.0,0.0,
2023-10-20,74607.27264105712,0.0,0.0,0.0,
2023-10-23,74607.27264105712,0.0,0.0,0.0,
2023-10-24,74607.27264105712,0.0,0.0,0.0,
2023-10-25,74607.27264105712,0.0,0.0,0.0,
2023-10-26,74607.27264105712,0.0,0.0,0.0,
2023-10-27,74607.27264105712,0.0,0.0,0.0,
2023-10-30,74607.27264105712,0.0,0.0,0.0,
2023-10-31,74607.27264105712,0.0,0.0,0.0,
2023-11-01,74607.27264105712,0.0,0.0,0.0,
2023-11-02,74607.27264105712,0.0,0.0,0.0,
2023-11-03,74607.27264105712,0.0,0.0,0.0,
2023-11-06,74607.27264105712,0.0,0.0,0.0,
2023-11-07,74607.27264105712,0.0,0.0,0.0,
2023-11-08,74607.27264105712,0.0,0.0,0.0,
2023-11-09,74607.27264105712,0.0,0.0,0.0,
2023-11-10,74607.27264105712,0.0,0.0,0.0,
2023-11-13,74607.27264105712,0.0,0.0,0.0,
2023-11-14,74607.27264105712,0.0,0.0,0.0,
2023-11-15,74607.27264105712,0.0,0.0,0.0,
2023-11-16,74607.27264105712,0.0,0.0,0.0,
2023-11-17,74607.27264105712,0.0,0.0,0.0,
2023-11-20,74607.27264105712,0.0,0.0,0.0,
2023-11-21,74607.27264105712,0.0,0.0,0.0,
2023-11-22,74607.27264105712,0.0,0.0,0.0,
2023-11-24,74607.27264105712,0.0,0.0,0.0,
2023-11-27,74607.27264105712,0.0,0.0,0.0,
2023-11-28,74607.27264105712,0.0,0.0,0.0,
2023-11-29,74607.27264105712,0.0,0.0,0.0,
2023-11-30,74607.27264105712,0.0,0.0,0.0,
2023-12-01,74607.27264105712,0.0,0.0,0.0,
2023-12-04,74607.27264105712,0.0,0.0,0.0,
2023-12-05,74607.27264105712,0.0,0.0,0.0,
2023-12-06,74607.27264105712,0.0,0.0,0.0,
2023-12-07,74607.27264105712,0.0,0.0,0.0,
2023-12-08,74607.27264105712,0.0,0.0,0.0,
2023-12-11,74607.27264105712,0.0,0.0,0.0,
2023-12-12,74607.27264105712,0.0,0.0,0.0,
2023-12-13,74607.27264105712,0.0,0.0,0.0,
2023-12-14,74607.27264105712,0.0,0.0,0.0,
2023-12-15,74607.27264105712,0.0,0.0,0.0,
2023-12-18,74607.27264105712,0.0,0.0,0.0,
2023-12-19,74607.27264105712,0.0,0.0,0.0,
2023-12-20,74607.27264105712,0.0,0.0,0.0,
2023-12-21,74607.27264105712,0.0,0.0,0.0,
2023-12-22,74607.27264105712,0.0,0.0,0.0,
2023-12-26,74607.27264105712,0.0,0.0,0.0,
2023-12-27,74607.27264105712,0.0,0.0,0.0,
2023-12-28,74607.27264105712,0.0,0.0,0.0,
2023-12-29,74607.27264105712,0.0,0.0,0.0,
2024-01-02,74607.27264105712,0.0,0.0,0.0,
2024-01-03,74607.27264105712,0.0,0.0,0.0,
2024-01-04,74607.27264105712,0.0,0.0,0.0,
2024-01-05,74607.27264105712,0.0,0.0,0.0,
2024-01-08,74607.27264105712,0.0,0.0,0.0,
2024-01-09,74607.27264105712,0.0,0.0,0.0,
2024-01-10,74607.27264105712,0.0,0.0,0.0,
2024-01-11,74607.27264105712,0.0,0.0,0.0,
2024-01-12,74607.27264105712,0.0,0.0,0.0,
2024-01-16,74607.27264105712,0.0,0.0,0.0,
2024-01-17,74607.27264105712,0.0,0.0,0.0,
2024-01-18,74607.27264105712,0.0,0.0,0.0,
2024-01-19,74607.27264105712,0.0,0.0,0.0,
2024-01-22,74607.27264105712,0.0,0.0,0.0,
2024-01-23,74607.27264105712,0.0,0.0,0.0,
2024-01-24,74607.27264105712,0.0,0.0,0.0,
2024-01-25,74607.27264105712,0.0,0.0,0.0,
2024-01-26,74607.27264105712,0.0,0.0,0.0,
2024-01-29,74607.27264105712,0.0,0.0,0.0,
2024-01-30,74607.27264105712,0.0,0.0,0.0,
2024-01-31,74607.27264105712,0.0,0.0,0.0,
2024-02-01,74607.27264105712,0.0,0.0,0.0,
2024-02-02,74607.27264105712,0.0,0.0,0.0,
2024-02-05,74607.27264105712,0.0,0.0,0.0,
2024-02-06,74607.27264105712,0.0,0.0,0.0,
2024-02-07,74607.27264105712,0.0,0.0,0.0,
2024-02-08,74607.27264105712,0.0,0.0,0.0,
2024-02-09,74607.27264105712,0.0,0.0,0.0,
2024-02-12,74607.27264105712,0.0,0.0,0.0,
2024-02-13,74607.27264105712,0.0,0.0,0.0,
2024-02-14,74607.27264105712,0.0,0.0,0.0,
2024-02-15,74607.27264105712,0.0,0.0,0.0,
2024-02-16,74607.27264105712,0.0,0.0,0.0,
2024-02-20,74607.27264105712,0.0,0.0,0.0,
2024-02-21,74607.27264105712,0.0,0.0,0.0,
2024-02-22,74607.27264105712,0.0,0.0,0.0,
2024-02-23,74607.27264105712,0.0,0.0,0.0,
2024-02-26,74607.27264105712,0.0,0.0,0.0,
2024-02-27,74607.27264105712,0.0,0.0,0.0,
2024-02-28,74607.27264105712,0.0,0.0,0.0,
2024-02-29,74607.27264105712,0.0,0.0,0.0,
2024-03-01,74607.27264105712,0.0,0.0,0.0,
2024-03-04,74607.27264105712,0.0,0.0,0.0,
2024-03-05,74607.27264105712,0.0,0.0,0.0,
2024-03-06,74607.27264105712,0.0,0.0,0.0,
2024-03-07,74607.27264105712,0.0,0.0,0.0,
2024-03-08,74607.27264105712,0.0,0.0,0.0,
2024-03-11,74607.27264105712,0.0,0.0,0.0,
2024-03-12,74607.27264105712,0.0,0.0,0.0,
2024-03-13,74607.27264105712,0.0,0.0,0.0,
2024-03-14,74607.27264105712,0.0,0.0,0.0,
2024-03-15,74607.27264105712,0.0,0.0,0.0,
2024-03-18,74607.27264105712,0.0,0.0,0.0,
2024-03-19,74607.27264105712,0.0,0.0,0.0,
2024-03-20,74607.27264105712,0.0,0.0,0.0,
2024-03-21,74607.27264105712,0.0,0.0,0.0,
2024-03-22,74607.27264105712,0.0,0.0,0.0,
2024-03-25,74607.27264105712,0.0,0.0,0.0,
2024-03-26,74607.27264105712,0.0,0.0,0.0,
2024-03-27,74607.27264105712,0.0,0.0,0.0,
2024-03-28,74607.27264105712,0.0,0.0,0.0,
2024-04-01,74607.27264105712,0.0,0.0,0.0,
2024-04-02,74607.27264105712,0.0,0.0,0.0,
2024-04-03,74607.27264105712,0.0,0.0,0.0,
2024-04-04,74607.27264105712,0.0,0.0,0.0,
2024-04-05,74607.27264105712,0.0,0.0,0.0,
2024-04-08,74607.27264105712,0.0,0.0,0.0,
2024-04-09,74607.27264105712,0.0,0.0,0.0,
2024-04-10,74607.27264105712,0.0,0.0,0.0,
2024-04-11,74607.27264105712,0.0,0.0,0.0,
2024-04-12,74607.27264105712,0.0,0.0,0.0,
2024-04-15,74607.27264105712,0.0,0.0,0.0,
2024-04-16,74607.27264105712,0.0,0.0,0.0,
2024-04-17,74607.27264105712,0.0,0.0,0.0,
2024-04-18,74607.27264105712,0.0,0.0,0.0,
2024-04-19,74607.27264105712,0.0,0.0,0.0,
2024-04-22,74607.27264105712,0.0,0.0,0.0,
2024-04-23,74607.27264105712,0.0,0.0,0.0,
2024-04-24,74607.27264105712,0.0,0.0,0.0,
2024-04-25,74607.27264105712,0.0,0.0,0.0,
2024-04-26,74607.27264105712,0.0,0.0,0.0,
2024-04-29,74607.27264105712,0.0,0.0,0.0,
2024-04-30,74607.27264105712,0.0,0.0,0.0,
2024-05-01,74607.27264105712,0.0,0.0,0.0,
2024-05-02,74607.27264105712,0.0,0.0,0.0,
2024-05-03,74607.27264105712,0.0,0.0,0.0,
2024-05-06,74607.27264105712,0.0,0.0,0.0,
2024-05-07,74607.27264105712,0.0,0.0,0.0,
2024-05-08,74607.27264105712,0.0,0.0,0.0,
2024-05-09,74607.27264105712,0.0,0.0,0.0,
2024-05-10,74607.27264105712,0.0,0.0,0.0,
2024-05-13,74607.27264105712,0.0,0.0,0.0,
2024-05-14,74607.27264105712,0.0,0.0,0.0,
2024-05-15,74607.27264105712,0.0,0.0,0.0,
2024-05-16,74607.27264105712,0.0,0.0,0.0,
2024-05-17,74607.27264105712,0.0,0.0,0.0,
2024-05-20,74607.27264105712,0.0,0.0,0.0,
2024-05-21,74607.27264105712,0.0,0.0,0.0,
2024-05-22,74607.27264105712,0.0,0.0,0.0,
2024-05-23,74607.27264105712,0.0,0.0,0.0,
2024-05-24,74607.27264105712,0.0,0.0,0.0,
2024-05-28,74607.27264105712,0.0,0.0,0.0,
2024-05-29,74607.27264105712,0.0,0.0,0.0,
2024-05-30,74607.27264105712,0.0,0.0,0.0,
2024-05-31,74607.27264105712,0.0,0.0,0.0,
2024-06-03,74607.27264105712,0.0,0.0,0.0,
2024-06-04,74607.27264105712,0.0,0.0,0.0,
2024-06-05,74607.27264105712,0.0,0.0,0.0,
2024-06-06,74607.27264105712,0.0,0.0,0.0,
2024-06-07,74607.27264105712,0.0,0.0,0.0,
2024-06-10,74607.27264105712,0.0,0.0,0.0,
2024-06-11,74607.27264105712,0.0,0.0,0.0,
2024-06-12,74607.27264105712,0.0,0.0,0.0,
2024-06-13,74607.27264105712,0.0,0.0,0.0,
2024-06-14,74607.27264105712,0.0,0.0,0.0,
2024-06-17,74607.27264105712,0.0,0.0,0.0,
2024-06-18,74607.27264105712,0.0,0.0,0.0,
2024-06-20,74607.27264105712,0.0,0.0,0.0,
2024-06-21,74607.27264105712,0.0,0.0,0.0,
2024-06-24,74607.27264105712,0.0,0.0,0.0,
2024-06-25,74607.27264105712,0.0,0.0,0.0,
2024-06-26,74607.27264105712,0.0,0.0,0.0,
2024-06-27,74607.27264105712,0.0,0.0,0.0,
2024-06-28,74607.27264105712,0.0,0.0,0.0,
2024-07-01,74607.27264105712,0.0,0.0,0.0,
2024-07-02,74607.27264105712,0.0,0.0,0.0,
2024-07-03,74607.27264105712,0.0,0.0,0.0,
2024-07-05,74607.27264105712,0.0,0.0,0.0,
2024-07-08,74607.27264105712,0.0,0.0,0.0,
2024-07-09,74607.27264105712,0.0,0.0,0.0,
2024-07-10,74607.27264105712,0.0,0.0,0.0,
2024-07-11,74607.27264105712,0.0,0.0,0.0,
2024-07-12,74607.27264105712,0.0,0.0,0.0,-0.758803599644077
2024-07-15,74607.27264105712,0.0,0.0,0.0,-0.0019971969125734423
2024-07-16,74607.27264105712,0.0,0.0,0.0,-0.019278929462943607
2024-07-17,74607.27264105712,0.0,0.0,0.0,0.954814956817186
2024-07-18,74607.27264105712,0.0,0.0,0.0,1.204440591496406
2024-07-19,74607.27264105712,0.0,0.0,0.0,0.331763767208404
2024-07-22,74607.27264105712,0.0,0.0,0.0,-0.2538438113584125
2024-07-23,74607.27264105712,0.0,0.0,0.0,-1.122286856760242
2024-07-24,74607.27264105712,0.0,0.0,0.0,-0.7158477959247647
2024-07-25,74607.27264105712,0.0,0.0,0.0,0.17779056383287786
2024-07-26,74607.27264105712,0.0,0.0,0.0,0.264629743218509
2024-07-29,74607.27264105712,0.0,0.0,0.0,-0.17657663493992343
2024-07-30,74607.27264105712,0.0,0.0,0.0,0.8125032855975881
2024-07-31,74607.27264105712,0.0,0.0,0.0,1.0718651099121859
2024-08-01,74607.27264105712,0.0,0.0,0.0,-1.2221164035701837
2024-08-02,74607.27264105712,0.0,0.0,0.0,-2.270026055707752
2024-08-05,74569.96900473659,-0.000500000000000056,1.0005002501250626,1.0005002501250626,-3.1800401063054187
2024-08-06,73889.09536911332,-0.009130668078727755,1.0005048598326205,1.0005048598326205,-3.269594124540502
2024-08-07,73700.51256190348,-0.002552241386469478,1.0005061516538192,1.0005061516538192,-3.0997761930950385
2024-08-08,74833.68238081722,0.015375331588935115,1.000498487247102,1.000498487247102,-2.344128236872676
2024-08-09,75152.36408005316,0.004258532910544455,1.0004963734245378,1.0004963734245378,-2.0731248798051807
2024-08-12,75181.45674542713,0.0003871157711416995,1.0004961813449138,1.0004961813449138,-1.9655925841790798
2024-08-13,74684.21513167166,-0.006613886392746848,1.000499484881173,1.000499484881173,-2.105130969377442
2024-08-14,75025.52580531321,0.004570051021354438,1.0004972125942488,1.0004972125942488,-1.8673245798240352
2024-08-15,76021.07577545365,0.013269483411870064,1.0004907012422544,1.0004907012422544,-1.3365372511700266
2024-08-16,76162.27417337598,0.0018573585874974707,1.0004897915237616,1.0004897915237616,-1.225418169894823
2024-08-19,76718.9932453904,0.00730964349550689,1.0004862373024268,1.0004862373024268,-0.925666981663957
2024-08-20,75358.43890779176,-0.017734256929660575,1.0004950160441377,1.0004950160441377,-1.521058643076842
2024-08-21,75552.9910297198,0.0025816899175166164,1.0004937413570545,1.0004937413570545,-1.3759440973790429
2024-08-22,75827.06304331591,0.0036275468364754815,1.0004919567608628,1.0004919567608628,-1.2042313204986812
2024-08-23,76822.06723538694,0.013122019396988094,1.0004855849063035,1.0004855849063035,-0.718562720362374
2024-08-26,77475.764159633,0.008509233710713549,1.0004814878139658,1.0004814878139658,-0.39904716144213337
2024-08-27,76640.31819643194,-0.010783320077743186,0.0,0.0,-0.7419297068228433
2024-08-28,76640.31819643194,0.0,0.0,0.0,-0.9666587954345786
2024-08-29,76640.31819643194,0.0,0.0,0.0,-0.5718716376240949
2024-08-30,76640.31819643194,0.0,0.0,0.0,-0.45951167618916844
2024-09-03,76640.31819643194,0.0,0.0,0.0,-1.2247940205785406
2024-09-04,76640.31819643194,0.0,0.0,0.0,-1.7555835256626466
2024-09-05,76640.31819643194,0.0,0.0,0.0,-1.9338731065758852
2024-09-06,76640.31819643194,0.0,0.0,0.0,-2.2879508602095
2024-09-09,76601.99803733372,-0.000500000000000056,1.0005002501250626,1.0005002501250626,-1.7546258672128752
2024-09-10,75195.34499965231,-0.018363137695126985,1.0005096081293117,1.0005096081293117,-2.2062380802286152
2024-09-11,74914.1787115476,-0.00373914486469884,1.000511520779608,1.000511520779608,-2.1877909597313914
2024-09-12,75687.14641228526,0.01031804277951065,1.0005062967876934,1.0005062967876934,-1.804755899043288
2024-09-13,76316.05478612502,0.0083093154340097,1.0005021244770267,1.0005021244770267,-1.5139921252468953
2024-09-16,77162.89982717218,0.011096551615783046,1.0004966137766211,1.0004966137766211,-1.1674283720727578
2024-09-17,77926.8879837705,0.009900977779599973,1.0004917450201039,1.0004917450201039,-0.8693874782538606
2024-09-18,78221.69757348219,0.0037831562037109467,1.000489891683343,1.000489891683343,-0.7391622779815181
2024-09-19,78848.06493427255,0.0080075909910029,1.000485999994168,1.000485999994168,-0.4954268929710724
2024-09-20,79042.03758575147,0.002460081317666063,0.0,0.0,-0.3953374497585643
2024-09-23,79042.03758575147,0.0,0.0,0.0,0.00022061162401363767
2024-09-24,79042.03758575147,0.0,0.0,0.0,-0.009740241245535521
2024-09-25,79042.03758575147,0.0,0.0,0.0,-0.6445494669756748
2024-09-26,79042.03758575147,0.0,0.0,0.0,-1.0224675621106387
2024-09-27,79042.03758575147,0.0,0.0,0.0,-0.29496777169226424
2024-09-30,79042.03758575147,0.0,0.0,0.0,0.06707962842440006
2024-10-01,79042.03758575147,0.0,0.0,0.0,0.5759110942919561
2024-10-02,79042.03758575147,0.0,0.0,0.0,0.8302174644158586
2024-10-03,79042.03758575147,0.0,0.0,0.0,0.9158816710886684
2024-10-04,79042.03758575147,0.0,0.0,0.0,0.9198782143399303
2024-10-07,79042.03758575147,0.0,0.0,0.0,0.9981461690044208
2024-10-08,79042.03758575147,0.0,0.0,0.0,0.5112853853971319
2024-10-09,79042.03758575147,0.0,0.0,0.0,0.6811819102732506
2024-10-10,79042.03758575147,0.0,0.0,0.0,0.928417608224719
2024-10-11,79042.03758575147,0.0,0.0,0.0,1.1414981659224381
2024-10-14,79042.03758575147,0.0,0.0,0.0,1.2514512670883275
2024-10-15,79042.03758575147,0.0,0.0,0.0,0.39072347339531055
2024-10-16,79042.03758575147,0.0,0.0,0.0,0.5945359482495818
2024-10-17,79042.03758575147,0.0,0.0,0.0,1.0327077644047644
2024-10-18,79042.03758575147,0.0,0.0,0.0,0.9641852286596416
2024-10-21,79042.03758575147,0.0,0.0,0.0,1.0227998730499146
2024-10-22,79042.03758575147,0.0,0.0,0.0,1.0781331029867005
2024-10-23,79042.03758575147,0.0,0.0,0.0,1.028795608914777
2024-10-24,79042.03758575147,0.0,0.0,0.0,1.0616243447369853
2024-10-25,79042.03758575147,0.0,0.0,0.0,1.1246123384781304
2024-10-28,79042.03758575147,0.0,0.0,0.0,1.0148566438849278
2024-10-29,79042.03758575147,0.0,0.0,0.0,0.4981209304809765
2024-10-30,79042.03758575147,0.0,0.0,0.0,0.3482151990435021
2024-10-31,79042.03758575147,0.0,0.0,0.0,0.4897579928375329
2024-11-01,79042.03758575147,0.0,0.0,0.0,1.231201562840085
2024-11-04,79042.03758575147,0.0,0.0,0.0,1.543709128236236
2024-11-05,79042.03758575147,0.0,0.0,0.0,1.3962094556231768
2024-11-06,79042.03758575147,0.0,0.0,0.0,2.200381692416631
2024-11-07,79002.5165669586,-0.0004999999999999449,1.0005002501250626,-1.0005002501250626,1.930087506909275
2024-11-08,78938.01956806864,-0.0008163917010831634,1.0021149089258856,-1.0021149089258856,1.862356001174948
2024-11-11,79186.57790234748,0.003148778442110478,0.9958106601124693,-0.9958106601124693,1.6821005222706662
2024-11-12,79706.78510476206,0.0065693860777278346,0.982765350873025,-0.982765350873025,1.4168594983367886
2024-11-13,78141.68739621877,-0.0196356898159451,1.0224582137106402,-1.0224582137106402,1.9389724665059467
2024-11-14,76836.34179685538,-0.016704855536899377,1.0567964138027073,-1.0567964138027073,2.2824531368131353
2024-11-15,77131.05977695048,0.0038356586636345558,1.0489165012906543,-1.0489165012906543,2.0548999737624194
2024-11-18,76608.21705807166,-0.006778627447759589,1.0628791788786698,-1.0628791788786698,2.1115527233438494
2024-11-19,77282.82328250808,0.008805925138879456,1.044851282690558,-1.044851282690558,1.7986800586379055
2024-11-20,76361.79071792965,-0.011917687856868087,1.0694941366566064,-1.0694941366566064,1.9896350567497394
2024-11-21,76056.86556125077,-0.003993164039397978,1.0777697921510123,-1.0777697921510123,1.9771889919776193
2024-11-22,75760.4622722834,-0.003897127324142269,1.085877337396115,-1.085877337396115,1.9596333796962726
2024-11-25,76807.15089533848,0.013815763416190174,1.0574308148280058,-1.0574308148280058,1.5849193803730055
2024-11-26,76102.3037209112,-0.009176843122169043,1.076465229719646,-1.076465229719646,1.7051060429084006
2024-11-27,76312.94286226106,0.0027678418530185933,1.0707124666517824,-1.0707124666517824,1.5833786151890812
2024-11-29,76355.00777375142,0.0005512159525322691,1.069550453132472,-1.069550453132472,1.5188465862994478
2024-12-02,76246.4662553532,-0.0014215376510712252,1.072475333610967,-1.072475333610967,1.5069494640618541
2024-12-03,76387.69094591713,0.001852212928674879,1.0686225249532084,-1.0686225249532084,1.4224484152530446
2024-12-04,78285.48235725031,0.024844204450123142,1.0184544276515024,-1.0184544276515024,0.8542316874896746
2024-12-05,77800.28605392517,-0.006197781360163024,1.0310220508311032,-1.0310220508311032,0.9813562181690978
2024-12-06,79668.09348816378,0.024007719366789804,0.9833850425466323,-0.9833850425466323,0.3701489462451154
2024-12-09,78918.6695435512,-0.009406826645398825,0.0,0.0,0.5754293253152275
2024-12-10,78918.6695435512,0.0,0.0,0.0,0.5295220227814877
2024-12-11,78918.6695435512,0.0,0.0,0.0,0.35518165646569855
2024-12-12,78918.6695435512,0.0,0.0,0.0,0.09230342508792949
2024-12-13,78918.6695435512,0.0,0.0,0.0,-0.11171018330973681
2024-12-16,78918.6695435512,0.0,0.0,0.0,-0.987755008779622
2024-12-17,78918.6695435512,0.0,0.0,0.0,-1.221545465986062
2024-12-18,78918.6695435512,0.0,0.0,0.0,-1.9431272744004742
2024-12-19,78918.6695435512,0.0,0.0,0.0,-2.4311842953302905
2024-12-20,78879.21020877942,-0.0004999999999999449,1.0005002501250626,1.0005002501250626,-2.135871673517819
2024-12-23,78987.73632770112,0.001375851997433175,1.0004995628005855,1.0004995628005855,-2.0516262827038827
2024-12-24,79400.92828320288,0.005231089973100733,1.000496963141678,1.000496963141678,-1.853690592850687
2024-12-26,79476.57316838908,0.0009526952243730236,1.0004964901378948,1.0004964901378948,-1.763745720128033
2024-12-27,79484.55282133028,0.00010040257931476226,1.0004964402940086,1.0004964402940086,-1.695471300168683
2024-12-30,78966.96627490195,-0.006511787863885732,1.000499694196614,1.000499694196614,-1.792832437181723
2024-12-31,79966.44633875166,0.012656938856816291,0.0,0.0,-1.4056147962816117
