date,equity,return,gross_exposure,net_exposure,zscore
2012-01-03,100000.0,,0.0,0.0,
2012-01-04,100000.0,0.0,0.0,0.0,
2012-01-05,100000.0,0.0,0.0,0.0,
2012-01-06,100000.0,0.0,0.0,0.0,
2012-01-09,100000.0,0.0,0.0,0.0,
2012-01-10,100000.0,0.0,0.0,0.0,
2012-01-11,100000.0,0.0,0.0,0.0,
2012-01-12,100000.0,0.0,0.0,0.0,
2012-01-13,100000.0,0.0,0.0,0.0,
2012-01-17,100000.0,0.0,0.0,0.0,
2012-01-18,100000.0,0.0,0.0,0.0,
2012-01-19,100000.0,0.0,0.0,0.0,
2012-01-20,100000.0,0.0,0.0,0.0,
2012-01-23,100000.0,0.0,0.0,0.0,
2012-01-24,100000.0,0.0,0.0,0.0,
2012-01-25,100000.0,0.0,0.0,0.0,
2012-01-26,100000.0,0.0,0.0,0.0,
2012-01-27,100000.0,0.0,0.0,0.0,
2012-01-30,100000.0,0.0,0.0,0.0,
2012-01-31,100000.0,0.0,0.0,0.0,
2012-02-01,100000.0,0.0,0.0,0.0,
2012-02-02,100000.0,0.0,0.0,0.0,
2012-02-03,100000.0,0.0,0.0,0.0,
2012-02-06,100000.0,0.0,0.0,0.0,
2012-02-07,100000.0,0.0,0.0,0.0,
2012-02-08,100000.0,0.0,0.0,0.0,
2012-02-09,100000.0,0.0,0.0,0.0,
2012-02-10,100000.0,0.0,0.0,0.0,
2012-02-13,100000.0,0.0,0.0,0.0,
2012-02-14,100000.0,0.0,0.0,0.0,
2012-02-15,100000.0,0.0,0.0,0.0,
2012-02-16,100000.0,0.0,0.0,0.0,
2012-02-17,100000.0,0.0,0.0,0.0,
2012-02-21,100000.0,0.0,0.0,0.0,
2012-02-22,100000.0,0.0,0.0,0.0,
2012-02-23,100000.0,0.0,0.0,0.0,
2012-02-24,100000.0,0.0,0.0,0.0,
2012-02-27,100000.0,0.0,0.0,0.0,
2012-02-28,100000.0,0.0,0.0,0.0,
2012-02-29,100000.0,0.0,0.0,0.0,
2012-03-01,100000.0,0.0,0.0,0.0,
2012-03-02,100000.0,0.0,0.0,0.0,
2012-03-05,100000.0,0.0,0.0,0.0,
2012-03-06,100000.0,0.0,0.0,0.0,
2012-03-07,100000.0,0.0,0.0,0.0,
2012-03-08,100000.0,0.0,0.0,0.0,
2012-03-09,100000.0,0.0,0.0,0.0,
2012-03-12,100000.0,0.0,0.0,0.0,
2012-03-13,100000.0,0.0,0.0,0.0,
2012-03-14,100000.0,0.0,0.0,0.0,
2012-03-15,100000.0,0.0,0.0,0.0,
2012-03-16,100000.0,0.0,0.0,0.0,
2012-03-19,100000.0,0.0,0.0,0.0,
2012-03-20,100000.0,0.0,0.0,0.0,
2012-03-21,100000.0,0.0,0.0,0.0,
2012-03-22,100000.0,0.0,0.0,0.0,
2012-03-23,100000.0,0.0,0.0,0.0,
2012-03-26,100000.0,0.0,0.0,0.0,
2012-03-27,100000.0,0.0,0.0,0.0,
2012-03-28,100000.0,0.0,0.0,0.0,
2012-03-29,100000.0,0.0,0.0,0.0,
2012-03-30,100000.0,0.0,0.0,0.0,
2012-04-02,100000.0,0.0,0.0,0.0,
2012-04-03,100000.0,0.0,0.0,0.0,
2012-04-04,100000.0,0.0,0.0,0.0,
2012-04-05,100000.0,0.0,0.0,0.0,
2012-04-09,100000.0,0.0,0.0,0.0,
2012-04-10,100000.0,0.0,0.0,0.0,
2012-04-11,100000.0,0.0,0.0,0.0,
2012-04-12,100000.0,0.0,0.0,0.0,
2012-04-13,100000.0,0.0,0.0,0.0,
2012-04-16,100000.0,0.0,0.0,0.0,
2012-04-17,100000.0,0.0,0.0,0.0,
2012-04-18,100000.0,0.0,0.0,0.0,
2012-04-19,100000.0,0.0,0.0,0.0,
2012-04-20,100000.0,0.0,0.0,0.0,
2012-04-23,100000.0,0.0,0.0,0.0,
2012-04-24,100000.0,0.0,0.0,0.0,
2012-04-25,100000.0,0.0,0.0,0.0,
2012-04-26,100000.0,0.0,0.0,0.0,
2012-04-27,100000.0,0.0,0.0,0.0,
2012-04-30,100000.0,0.0,0.0,0.0,
2012-05-01,100000.0,0.0,0.0,0.0,
2012-05-02,100000.0,0.0,0.0,0.0,
2012-05-03,100000.0,0.0,0.0,0.0,
2012-05-04,100000.0,0.0,0.0,0.0,
2012-05-07,100000.0,0.0,0.0,0.0,
2012-05-08,100000.0,0.0,0.0,0.0,
2012-05-09,100000.0,0.0,0.0,0.0,
2012-05-10,100000.0,0.0,0.0,0.0,
2012-05-11,100000.0,0.0,0.0,0.0,
2012-05-14,100000.0,0.0,0.0,0.0,
2012-05-15,100000.0,0.0,0.0,0.0,
2012-05-16,100000.0,0.0,0.0,0.0,
2012-05-17,100000.0,0.0,0.0,0.0,
2012-05-18,100000.0,0.0,0.0,0.0,
2012-05-21,100000.0,0.0,0.0,0.0,
2012-05-22,100000.0,0.0,0.0,0.0,
2012-05-23,100000.0,0.0,0.0,0.0,
2012-05-24,100000.0,0.0,0.0,0.0,
2012-05-25,100000.0,0.0,0.0,0.0,
2012-05-29,100000.0,0.0,0.0,0.0,
2012-05-30,100000.0,0.0,0.0,0.0,
2012-05-31,100000.0,0.0,0.0,0.0,
2012-06-01,100000.0,0.0,0.0,0.0,
2012-06-04,100000.0,0.0,0.0,0.0,
2012-06-05,100000.0,0.0,0.0,0.0,
2012-06-06,100000.0,0.0,0.0,0.0,
2012-06-07,100000.0,0.0,0.0,0.0,
2012-06-08,100000.0,0.0,0.0,0.0,
2012-06-11,100000.0,0.0,0.0,0.0,
2012-06-12,100000.0,0.0,0.0,0.0,
2012-06-13,100000.0,0.0,0.0,0.0,
2012-06-14,100000.0,0.0,0.0,0.0,
2012-06-15,100000.0,0.0,0.0,0.0,
2012-06-18,100000.0,0.0,0.0,0.0,
2012-06-19,100000.0,0.0,0.0,0.0,
2012-06-20,100000.0,0.0,0.0,0.0,
2012-06-21,100000.0,0.0,0.0,0.0,
2012-06-22,100000.0,0.0,0.0,0.0,
2012-06-25,100000.0,0.0,0.0,0.0,
2012-06-26,100000.0,0.0,0.0,0.0,
2012-06-27,100000.0,0.0,0.0,0.0,
2012-06-28,100000.0,0.0,0.0,0.0,
2012-06-29,100000.0,0.0,0.0,0.0,
2012-07-02,100000.0,0.0,0.0,0.0,
2012-07-03,100000.0,0.0,0.0,0.0,0.5980612613022958
2012-07-05,100000.0,0.0,0.0,0.0,0.6136365258972019
2012-07-06,100000.0,0.0,0.0,0.0,0.6496788090664436
2012-07-09,100000.0,0.0,0.0,0.0,0.6193105026471356
2012-07-10,100000.0,0.0,0.0,0.0,0.33879761093159044
2012-07-11,100000.0,0.0,0.0,0.0,0.6394919562571478
2012-07-12,100000.0,0.0,0.0,0.0,0.231051468500037
2012-07-13,100000.0,0.0,0.0,0.0,0.7374602934128365
2012-07-16,100000.0,0.0,0.0,0.0,0.8108501736225663
2012-07-17,100000.0,0.0,0.0,0.0,1.3190952651561947
2012-07-18,99950.0,-0.0004999999999999449,1.0005002501250626,-0.24639779970566855,1.5132858767700408
2012-07-19,99278.74250655365,-0.00671593290091399,1.0218978049165892,-0.25481266736255664,1.9899726599977956
2012-07-20,99683.72024892893,0.0040791989518658145,1.006691247495767,-0.2497022176078517,1.6618006965291396
2012-07-23,100449.75785620819,0.007684681163246276,0.9832951749847474,-0.24015952286220793,1.069229773671362
2012-07-24,100420.26209681087,-0.0002936369387723792,0.9760711029500034,-0.24051164545689213,1.0841424466348488
2012-07-25,99911.32733027967,-0.0050680485780902895,0.9910573786358999,-0.24681851297541607,1.4519189962594334
2012-07-26,99432.75308037354,-0.004789989910994774,1.0146224003758817,-0.25280716614688387,1.7789462884822924
2012-07-27,98307.51326905328,-0.011316591127781717,1.0494646208419722,-0.26713423245355933,2.5329250632162945
2012-07-30,98351.8267373511,0.00045076380048936215,1.050591548485779,-0.2665502559501158,2.442214113685293
2012-07-31,97929.1343675486,-0.004297758199563573,1.0502525591293894,-0.2720039544924325,2.668911867392481
2012-08-01,97921.49891851385,-7.796912618551755e-05,1.0468466412786093,-0.2720900206156261,2.609207121983828
2012-08-02,97668.50604158685,-0.0025836295371410856,1.044121591053473,-0.27537202476053485,2.7131002009682104
2012-08-03,97135.08561558892,-0.005461539728792486,1.0702559441387107,-0.2823626088812149,2.950872930904747
2012-08-06,97220.75096299309,0.000881919718928259,1.070207445642834,-0.2812192575188871,2.827966425130915
2012-08-07,97635.88368792171,0.004270001216989616,1.0756438310722751,-0.27575836075493493,2.511108781219593
2012-08-08,97057.23114807201,-0.005926638014557062,1.0853172969869347,-0.2833509102780291,2.822162160976227
2012-08-09,97402.72225887694,0.003559663785152045,1.084454538046026,-0.2787852865469108,2.575764415179738
2012-08-10,97603.27354374512,0.002058990551980333,1.083722315540221,-0.27614419350491065,2.4046488977432037
2012-08-13,98010.31676783142,0.004170384960539897,1.0691394251803006,-0.2708308489060656,2.1261905245554718
2012-08-14,98294.68123399737,0.002901372789555934,1.066679221871963,-0.26714110682230985,1.9206935964409095
2012-08-15,98678.39973238457,0.003903756475629905,1.0630363165831225,-0.2622005509036453,1.6660476070737087
2012-08-16,98320.67473448461,-0.0036251601046440873,1.082028180076506,-0.2667796828802507,1.8470931271453808
2012-08-17,98601.84308464975,0.0028597072886697994,1.0778417885503206,-0.2631540510034968,1.6646952843347083
2012-08-20,98198.17785279817,-0.0040938913434410695,1.0878460461236195,-0.26833316564075854,1.8661987871768952
2012-08-21,97668.29130557414,-0.005396093479640207,1.1003469699824735,-0.27520081428108556,2.1243108303502742
2012-08-22,97468.25131039448,-0.0020481570067996113,1.102859408738491,-0.2778043118282918,2.1902578358151343
2012-08-23,97956.99214810513,0.005014359354352349,1.0852513633894576,-0.27141528165673,1.8917377843865486
2012-08-24,98227.87734029522,0.0027653482028167087,1.0833238458095138,-0.2678956497059619,1.7165131812643184
2012-08-27,98615.48242731985,0.003945978448478771,1.0739464162384182,-0.26289887301512344,1.484506034418718
2012-08-28,98376.25636866754,-0.0024258468626223717,1.0786819404444625,-0.2659566275742805,1.5918453826853642
2012-08-29,98499.03472974342,0.0012480487224046932,1.0751945011231472,-0.2643652984106127,1.5045076721027557
2012-08-30,99291.83009156298,0.008048762751785343,1.0498528764014416,-0.25425679376406535,1.0586296130252248
2012-08-31,98842.91317788699,-0.004521186821332734,1.0664820163745072,-0.2599402815648083,1.292476005417338
2012-09-04,100058.21966776467,0.012295332571698792,1.0422389076091878,-0.2446240559191768,0.6151836846055188
2012-09-05,100210.02135377744,0.001517133589991948,1.038843179211678,-0.24272590820303455,0.5218212373721146
2012-09-06,99427.32724404581,-0.00781053730113912,1.0706245804171655,-0.25249585985692774,0.9533410871273508
2012-09-07,99619.02427771484,0.0019280115334741055,1.0805949711682876,-0.25007257931149135,0.8483855447699495
2012-09-10,100240.31823938948,0.006236699929349054,1.0645051322755614,-0.2423114544841117,0.49738844266406607
2012-09-11,99421.94948220848,-0.008164067827743815,1.085276153267581,-0.2525241824149714,0.9388692009007733
2012-09-12,99198.23509149594,-0.002250150916147331,1.0905500226033544,-0.2553356051482411,1.0497806148410818
2012-09-13,98735.10013090106,-0.004668782263794302,1.1153165510310055,-0.26121057065145065,1.2993244045717878
2012-09-14,98721.70840277118,-0.00013563290169482656,1.124399478879345,-0.26136799763004154,1.2984534858054528
2012-09-17,99183.53640141082,0.0046780794833436445,1.1080637489848986,-0.2554810099822963,1.0310328054108822
2012-09-18,99249.39080952077,0.0006639651145672332,1.1051912988325352,-0.2546344492467104,0.9824772594745862
2012-09-19,98758.71848440052,-0.004943832109377322,1.115343510913965,-0.2608544114364176,1.23690361182434
2012-09-20,99015.84539830271,0.0026035869829841296,1.1060305718082573,-0.25756657471508704,1.0822189827544857
2012-09-21,98897.47781207885,-0.00119544084835832,1.1056063234018927,-0.2590581765403133,1.1320167550883093
2012-09-24,98940.34309805058,0.00043343153859987105,1.0982345334212278,-0.25849916497261965,1.0908333323986907
2012-09-25,99512.87267795805,0.005786614054290151,1.0791578466503864,-0.25124523206766713,0.7566868245229224
2012-09-26,99575.56826237266,0.0006300248674109277,1.0746332990499456,-0.2504442226688341,0.7093472889660446
2012-09-27,98910.59629246972,-0.006678063520067501,1.0999980198245833,-0.25883767501369515,1.0767600907186121
2012-09-28,99359.01393664771,0.004533565269913664,1.084380187149042,-0.2531429889678292,0.8132645134779733
2012-10-01,99019.6633150592,-0.0034153984439185825,1.0976581583072726,-0.2574243249715543,0.9949276773934705
2012-10-02,99145.61245375469,0.001271960886139789,1.0958572773154849,-0.25581353599487994,0.9152702634299988
2012-10-03,99357.13990833164,0.002133502929094533,1.0855463908466105,-0.25312657733892935,0.7835987209081061
2012-10-04,99364.60101885854,7.509385368553723e-05,1.0979216376413583,-0.25301920281245266,0.7802466242797824
2012-10-05,99332.15612472214,-0.00032652366943275446,1.0968421812116007,-0.25341507030965493,0.7886555789177314
2012-10-08,99229.3749547375,-0.001034722027533408,1.0969558990252628,-0.25469994056686296,0.8363730008995761
2012-10-09,99049.85975952297,-0.001809093278038132,1.0948892436052864,-0.25696049005606003,0.9232778759426999
2012-10-10,98559.9701490631,-0.00494588898610504,1.0976413874417605,-0.2631946996004448,1.1761811713280415
2012-10-11,98385.01068781903,-0.0017751574090318911,1.1057776830247315,-0.2654275323019972,1.2591309183115114
2012-10-12,98375.20176879903,-9.969932362074996e-05,1.1012591759243568,-0.26554010256789573,1.2497989460303949
2012-10-15,97819.51230239228,-0.0056486742229279185,1.1155532348178667,-0.272715699415649,1.5299586506218223
2012-10-16,97748.12272172258,-0.0007298092066643225,1.1247953136696447,-0.2736314348534337,1.550370304937501
2012-10-17,97095.48430573179,-0.006676736062223632,1.1498119234233117,-0.28217832785196933,1.862646498357024
2012-10-18,97086.68688213396,-9.060589852083467e-05,1.1458121896907059,-0.282280303758554,1.8392473557957036
2012-10-19,97304.18209461513,0.002240216650355009,1.130574135883168,-0.27940000298514206,1.7053156743997089
2012-10-22,97148.7041399101,-0.0015978548029297324,1.1336716325717626,-0.28143355991480795,1.759813214703504
2012-10-23,97501.63218171545,0.0036328641223775104,1.113149384032848,-0.27678114874541376,1.560175177047311
2012-10-24,96893.96438133568,-0.006232385928137574,1.1230971803450998,-0.2847745707073384,1.8402050807553711
2012-10-25,96795.6927370717,-0.0010142184282729838,1.1336242325582595,-0.2860649545024936,1.8552791504433612
2012-10-26,96942.12132909673,0.0015127593788990534,1.1270979804938128,-0.2841083233746609,1.7562741793314485
2012-10-31,97124.2494490272,0.001878730498502179,1.132049794175777,-0.2816863800204632,1.6408994715644112
2012-11-01,97412.77207149117,0.0029706548477925754,1.1316726652947557,-0.2778762256553827,1.4805771718494933
2012-11-02,98037.9484632296,0.0064178072181295676,1.109194567319629,-0.2697134657897313,1.1621791027078274
2012-11-05,97488.24222526343,-0.005607076102498665,1.1189923170569063,-0.27685923303836973,1.4106741850256632
2012-11-06,96713.28224958616,-0.007949266065199856,1.1407536541888188,-0.28707670044287775,1.7533948936246364
2012-11-07,96761.10225875066,0.0004944513106388548,1.1279971715990837,-0.28642646020990953,1.7082643027733038
2012-11-08,96647.70467465649,-0.001171933570898509,1.1223813533453681,-0.28792178700832194,1.7385323230514615
2012-11-09,96410.53573805426,-0.002453953121810959,1.1284907014875996,-0.29107603597471443,1.8193249909524212
2012-11-12,96368.8774748803,-0.0004320924352826383,1.130298979036263,-0.29162005222519255,1.808485686940582
2012-11-13,96931.08543873671,0.005833916286956509,1.1128446739090319,-0.28411452921926694,1.5298798347328395
2012-11-14,97208.39572145841,0.0028609014483487183,1.0906996711251578,-0.2804374650985931,1.3903677903291838
2012-11-15,97097.13861474385,-0.0011445215805573339,1.0862146625043045,-0.28189101447763065,1.4274548205955377
2012-11-16,97299.82629636097,0.002087473271703111,1.0866224796502828,-0.2792071313051051,1.3138856428961823
2012-11-19,96908.11959054328,-0.004025769836675908,1.1111968533810281,-0.28436413580540465,1.4671679617874849
2012-11-20,97185.01740071134,0.0028573231153179446,1.1045712015387141,-0.28069094311896925,1.3240201867187225
2012-11-21,97443.51843743933,0.0026598856865163167,1.103734374990598,-0.2772797822285364,1.1900507256004778
2012-11-23,96709.2206727372,-0.0075356244979348785,1.1316842312217275,-0.2869641603459294,1.4988224515986437
2012-11-26,96772.92837194333,0.0006587551710475203,1.1275707269801547,-0.2861028595439325,1.4516761726512581
2012-11-27,96327.54245104222,-0.0046023813518309975,1.1310740856156285,-0.29203527405560514,1.6290637839530882
2012-11-28,96041.88614782726,-0.0029654686079024772,1.1425294196358975,-0.2958639999190666,1.7251413792272738
2012-11-29,95810.00200705485,-0.002414406360319643,1.1516341474758822,-0.2989860102281401,1.7944138904528424
2012-11-30,95455.77344354517,-0.0036971981639619678,1.1574785596053228,-0.30379199653090944,1.914320590790954
2012-12-03,95311.56375106136,-0.0015107487717240797,1.158903131888645,-0.3057501602499779,1.9434748371237582
2012-12-04,95098.05218238437,-0.002240143381076476,1.1622116801645406,-0.3086672321976203,1.9999243182439286
2012-12-05,95157.82335097452,0.0006285214809185202,1.16388535157145,-0.30783064049396436,1.940617355174885
2012-12-06,94892.67394342899,-0.0027864173244859236,1.1708335028180388,-0.31147034382347955,2.0128600187048225
2012-12-07,94305.81365324139,-0.006184463624003933,1.1849427288298726,-0.3196167602797514,2.204971483290114
2012-12-10,94513.65819285442,0.002203941958204947,1.1880976017203775,-0.31669990392970865,2.076350587917451
2012-12-11,94253.77555167343,-0.002749683444171591,1.1981140046215135,-0.320315424847814,2.1329440404737485
2012-12-12,94347.82094131196,0.0009977890974455228,1.2026678317555426,-0.3189842929166176,2.052656199903154
2012-12-13,94506.56061432455,0.0016824943218489707,1.194658789259463,-0.3167537664261272,1.960148371140348
2012-12-14,94247.39962136257,-0.002742253990382859,1.1969872933181787,-0.3203595334533001,2.023881803875308
2012-12-17,94112.6968351078,-0.0014292467144551013,1.203813354752906,-0.32223427940896876,2.034145027263337
2012-12-18,94066.51978133619,-0.0004906570029813428,1.2091582470529176,-0.32286821460103426,2.0118074373925365
2012-12-19,94341.09586909562,0.002918956589418764,1.2042702969812773,-0.3190029037085767,1.8784670386465747
2012-12-20,94065.82858091236,-0.002917787689950213,1.2122668259190537,-0.32284758025662136,1.9429640015788952
2012-12-21,94408.18200715694,0.003639508963130922,1.1992508609688874,-0.31803534947888423,1.7951468828152244
2012-12-24,94608.01294346902,0.0021166696790848594,1.1927276393277026,-0.31523637607824606,1.6988406197054275
2012-12-26,94648.90428830737,0.0004322186204543943,1.1902133901326053,-0.3146531985259328,1.6603638853864842
2012-12-27,94140.82923502625,-0.005367997200828478,1.2017070445914462,-0.32173333011017574,1.8107920912029822
2012-12-28,94106.08436753807,-0.00036907331038515956,1.1962612180459142,-0.32220620763645924,1.798813217653834
2012-12-31,93390.01068052859,-0.007609217744230068,1.2256685531299947,-0.33232912590145397,1.9984717990460086
2013-01-02,93080.71762742657,-0.0033118429995694365,1.2481971912197234,-0.33674074505401963,2.0509738271002362
2013-01-03,92986.95136807211,-0.0010073650240833842,0.0,0.0,2.031765876052034
2013-01-04,92986.95136807211,0.0,0.0,0.0,
2013-01-07,92986.95136807211,0.0,0.0,0.0,
2013-01-08,92986.95136807211,0.0,0.0,0.0,
2013-01-09,92986.95136807211,0.0,0.0,0.0,
2013-01-10,92986.95136807211,0.0,0.0,0.0,
2013-01-11,92986.95136807211,0.0,0.0,0.0,
2013-01-14,92986.95136807211,0.0,0.0,0.0,
2013-01-15,92986.95136807211,0.0,0.0,0.0,
2013-01-16,92986.95136807211,0.0,0.0,0.0,
2013-01-17,92986.95136807211,0.0,0.0,0.0,
2013-01-18,92986.95136807211,0.0,0.0,0.0,
2013-01-22,92986.95136807211,0.0,0.0,0.0,
2013-01-23,92986.95136807211,0.0,0.0,0.0,
2013-01-24,92986.95136807211,0.0,0.0,0.0,
2013-01-25,92986.95136807211,0.0,0.0,0.0,
2013-01-28,92986.95136807211,0.0,0.0,0.0,
2013-01-29,92986.95136807211,0.0,0.0,0.0,
2013-01-30,92986.95136807211,0.0,0.0,0.0,
2013-01-31,92986.95136807211,0.0,0.0,0.0,
2013-02-01,92986.95136807211,0.0,0.0,0.0,
2013-02-04,92986.95136807211,0.0,0.0,0.0,
2013-02-05,92986.95136807211,0.0,0.0,0.0,
2013-02-06,92986.95136807211,0.0,0.0,0.0,
2013-02-07,92986.95136807211,0.0,0.0,0.0,
2013-02-08,92986.95136807211,0.0,0.0,0.0,
2013-02-11,92986.95136807211,0.0,0.0,0.0,
2013-02-12,92986.95136807211,0.0,0.0,0.0,
2013-02-13,92986.95136807211,0.0,0.0,0.0,
2013-02-14,92986.95136807211,0.0,0.0,0.0,
2013-02-15,92986.95136807211,0.0,0.0,0.0,
2013-02-19,92986.95136807211,0.0,0.0,0.0,
2013-02-20,92986.95136807211,0.0,0.0,0.0,
2013-02-21,92986.95136807211,0.0,0.0,0.0,
2013-02-22,92986.95136807211,0.0,0.0,0.0,
2013-02-25,92986.95136807211,0.0,0.0,0.0,
2013-02-26,92986.95136807211,0.0,0.0,0.0,
2013-02-27,92986.95136807211,0.0,0.0,0.0,
2013-02-28,92986.95136807211,0.0,0.0,0.0,
2013-03-01,92986.95136807211,0.0,0.0,0.0,
2013-03-04,92986.95136807211,0.0,0.0,0.0,
2013-03-05,92986.95136807211,0.0,0.0,0.0,
2013-03-06,92986.95136807211,0.0,0.0,0.0,
2013-03-07,92986.95136807211,0.0,0.0,0.0,
2013-03-08,92986.95136807211,0.0,0.0,0.0,
2013-03-11,92986.95136807211,0.0,0.0,0.0,
2013-03-12,92986.95136807211,0.0,0.0,0.0,
2013-03-13,92986.95136807211,0.0,0.0,0.0,
2013-03-14,92986.95136807211,0.0,0.0,0.0,
2013-03-15,92986.95136807211,0.0,0.0,0.0,
2013-03-18,92986.95136807211,0.0,0.0,0.0,
2013-03-19,92986.95136807211,0.0,0.0,0.0,
2013-03-20,92986.95136807211,0.0,0.0,0.0,
2013-03-21,92986.95136807211,0.0,0.0,0.0,
2013-03-22,92986.95136807211,0.0,0.0,0.0,
2013-03-25,92986.95136807211,0.0,0.0,0.0,
2013-03-26,92986.95136807211,0.0,0.0,0.0,
2013-03-27,92986.95136807211,0.0,0.0,0.0,
2013-03-28,92986.95136807211,0.0,0.0,0.0,
2013-04-01,92986.95136807211,0.0,0.0,0.0,
2013-04-02,92986.95136807211,0.0,0.0,0.0,
2013-04-03,92986.95136807211,0.0,0.0,0.0,
2013-04-04,92986.95136807211,0.0,0.0,0.0,
2013-04-05,92986.95136807211,0.0,0.0,0.0,
2013-04-08,92986.95136807211,0.0,0.0,0.0,
2013-04-09,92986.95136807211,0.0,0.0,0.0,
2013-04-10,92986.95136807211,0.0,0.0,0.0,
2013-04-11,92986.95136807211,0.0,0.0,0.0,
2013-04-12,92986.95136807211,0.0,0.0,0.0,
2013-04-15,92986.95136807211,0.0,0.0,0.0,
2013-04-16,92986.95136807211,0.0,0.0,0.0,
2013-04-17,92986.95136807211,0.0,0.0,0.0,
2013-04-18,92986.95136807211,0.0,0.0,0.0,
2013-04-19,92986.95136807211,0.0,0.0,0.0,
2013-04-22,92986.95136807211,0.0,0.0,0.0,
2013-04-23,92986.95136807211,0.0,0.0,0.0,
2013-04-24,92986.95136807211,0.0,0.0,0.0,
2013-04-25,92986.95136807211,0.0,0.0,0.0,
2013-04-26,92986.95136807211,0.0,0.0,0.0,
2013-04-29,92986.95136807211,0.0,0.0,0.0,
2013-04-30,92986.95136807211,0.0,0.0,0.0,
2013-05-01,92986.95136807211,0.0,0.0,0.0,
2013-05-02,92986.95136807211,0.0,0.0,0.0,
2013-05-03,92986.95136807211,0.0,0.0,0.0,
2013-05-06,92986.95136807211,0.0,0.0,0.0,
2013-05-07,92986.95136807211,0.0,0.0,0.0,
2013-05-08,92986.95136807211,0.0,0.0,0.0,
2013-05-09,92986.95136807211,0.0,0.0,0.0,
2013-05-10,92986.95136807211,0.0,0.0,0.0,
2013-05-13,92986.95136807211,0.0,0.0,0.0,
2013-05-14,92986.95136807211,0.0,0.0,0.0,
2013-05-15,92986.95136807211,0.0,0.0,0.0,
2013-05-16,92986.95136807211,0.0,0.0,0.0,
2013-05-17,92986.95136807211,0.0,0.0,0.0,
2013-05-20,92986.95136807211,0.0,0.0,0.0,
2013-05-21,92986.95136807211,0.0,0.0,0.0,
2013-05-22,92986.95136807211,0.0,0.0,0.0,
2013-05-23,92986.95136807211,0.0,0.0,0.0,
2013-05-24,92986.95136807211,0.0,0.0,0.0,
2013-05-28,92986.95136807211,0.0,0.0,0.0,
2013-05-29,92986.95136807211,0.0,0.0,0.0,
2013-05-30,92986.95136807211,0.0,0.0,0.0,
2013-05-31,92986.95136807211,0.0,0.0,0.0,
2013-06-03,92986.95136807211,0.0,0.0,0.0,
2013-06-04,92986.95136807211,0.0,0.0,0.0,
2013-06-05,92986.95136807211,0.0,0.0,0.0,
2013-06-06,92986.95136807211,0.0,0.0,0.0,
2013-06-07,92986.95136807211,0.0,0.0,0.0,
2013-06-10,92986.95136807211,0.0,0.0,0.0,
2013-06-11,92986.95136807211,0.0,0.0,0.0,
2013-06-12,92986.95136807211,0.0,0.0,0.0,
2013-06-13,92986.95136807211,0.0,0.0,0.0,
2013-06-14,92986.95136807211,0.0,0.0,0.0,
2013-06-17,92986.95136807211,0.0,0.0,0.0,
2013-06-18,92986.95136807211,0.0,0.0,0.0,
2013-06-19,92986.95136807211,0.0,0.0,0.0,
2013-06-20,92986.95136807211,0.0,0.0,0.0,
2013-06-21,92986.95136807211,0.0,0.0,0.0,
2013-06-24,92986.95136807211,0.0,0.0,0.0,
2013-06-25,92986.95136807211,0.0,0.0,0.0,
2013-06-26,92986.95136807211,0.0,0.0,0.0,
2013-06-27,92986.95136807211,0.0,0.0,0.0,
2013-06-28,92986.95136807211,0.0,0.0,0.0,
2013-07-01,92986.95136807211,0.0,0.0,0.0,
2013-07-02,92986.95136807211,0.0,0.0,0.0,
2013-07-03,92986.95136807211,0.0,0.0,0.0,
2013-07-05,92986.95136807211,0.0,0.0,0.0,
2013-07-08,92986.95136807211,0.0,0.0,0.0,
2013-07-09,92986.95136807211,0.0,0.0,0.0,
2013-07-10,92986.95136807211,0.0,0.0,0.0,
2013-07-11,92986.95136807211,0.0,0.0,0.0,
2013-07-12,92986.95136807211,0.0,0.0,0.0,
2013-07-15,92986.95136807211,0.0,0.0,0.0,
2013-07-16,92986.95136807211,0.0,0.0,0.0,
2013-07-17,92986.95136807211,0.0,0.0,0.0,
2013-07-18,92986.95136807211,0.0,0.0,0.0,
2013-07-19,92986.95136807211,0.0,0.0,0.0,
2013-07-22,92986.95136807211,0.0,0.0,0.0,
2013-07-23,92986.95136807211,0.0,0.0,0.0,
2013-07-24,92986.95136807211,0.0,0.0,0.0,
2013-07-25,92986.95136807211,0.0,0.0,0.0,
2013-07-26,92986.95136807211,0.0,0.0,0.0,
2013-07-29,92986.95136807211,0.0,0.0,0.0,
2013-07-30,92986.95136807211,0.0,0.0,0.0,
2013-07-31,92986.95136807211,0.0,0.0,0.0,
2013-08-01,92986.95136807211,0.0,0.0,0.0,
2013-08-02,92986.95136807211,0.0,0.0,0.0,
2013-08-05,92986.95136807211,0.0,0.0,0.0,
2013-08-06,92986.95136807211,0.0,0.0,0.0,
2013-08-07,92986.95136807211,0.0,0.0,0.0,
2013-08-08,92986.95136807211,0.0,0.0,0.0,
2013-08-09,92986.95136807211,0.0,0.0,0.0,
2013-08-12,92986.95136807211,0.0,0.0,0.0,
2013-08-13,92986.95136807211,0.0,0.0,0.0,
2013-08-14,92986.95136807211,0.0,0.0,0.0,
2013-08-15,92986.95136807211,0.0,0.0,0.0,
2013-08-16,92986.95136807211,0.0,0.0,0.0,
2013-08-19,92986.95136807211,0.0,0.0,0.0,
2013-08-20,92986.95136807211,0.0,0.0,0.0,
2013-08-21,92986.95136807211,0.0,0.0,0.0,
2013-08-22,92986.95136807211,0.0,0.0,0.0,
2013-08-23,92986.95136807211,0.0,0.0,0.0,
2013-08-26,92986.95136807211,0.0,0.0,0.0,
2013-08-27,92986.95136807211,0.0,0.0,0.0,
2013-08-28,92986.95136807211,0.0,0.0,0.0,
2013-08-29,92986.95136807211,0.0,0.0,0.0,
2013-08-30,92986.95136807211,0.0,0.0,0.0,
2013-09-03,92986.95136807211,0.0,0.0,0.0,
2013-09-04,92986.95136807211,0.0,0.0,0.0,
2013-09-05,92986.95136807211,0.0,0.0,0.0,
2013-09-06,92986.95136807211,0.0,0.0,0.0,
2013-09-09,92986.95136807211,0.0,0.0,0.0,
2013-09-10,92986.95136807211,0.0,0.0,0.0,
2013-09-11,92986.95136807211,0.0,0.0,0.0,
2013-09-12,92986.95136807211,0.0,0.0,0.0,
2013-09-13,92986.95136807211,0.0,0.0,0.0,
2013-09-16,92986.95136807211,0.0,0.0,0.0,
2013-09-17,92986.95136807211,0.0,0.0,0.0,
2013-09-18,92986.95136807211,0.0,0.0,0.0,
2013-09-19,92986.95136807211,0.0,0.0,0.0,
2013-09-20,92986.95136807211,0.0,0.0,0.0,
2013-09-23,92986.95136807211,0.0,0.0,0.0,
2013-09-24,92986.95136807211,0.0,0.0,0.0,
2013-09-25,92986.95136807211,0.0,0.0,0.0,
2013-09-26,92986.95136807211,0.0,0.0,0.0,
2013-09-27,92986.95136807211,0.0,0.0,0.0,
2013-09-30,92986.95136807211,0.0,0.0,0.0,
2013-10-01,92986.95136807211,0.0,0.0,0.0,
2013-10-02,92986.95136807211,0.0,0.0,0.0,
2013-10-03,92986.95136807211,0.0,0.0,0.0,
2013-10-04,92986.95136807211,0.0,0.0,0.0,
2013-10-07,92986.95136807211,0.0,0.0,0.0,
2013-10-08,92986.95136807211,0.0,0.0,0.0,
2013-10-09,92986.95136807211,0.0,0.0,0.0,
2013-10-10,92986.95136807211,0.0,0.0,0.0,
2013-10-11,92986.95136807211,0.0,0.0,0.0,
2013-10-14,92986.95136807211,0.0,0.0,0.0,
2013-10-15,92986.95136807211,0.0,0.0,0.0,
2013-10-16,92986.95136807211,0.0,0.0,0.0,
2013-10-17,92986.95136807211,0.0,0.0,0.0,
2013-10-18,92986.95136807211,0.0,0.0,0.0,
2013-10-21,92986.95136807211,0.0,0.0,0.0,
2013-10-22,92986.95136807211,0.0,0.0,0.0,
2013-10-23,92986.95136807211,0.0,0.0,0.0,
2013-10-24,92986.95136807211,0.0,0.0,0.0,
2013-10-25,92986.95136807211,0.0,0.0,0.0,
2013-10-28,92986.95136807211,0.0,0.0,0.0,
2013-10-29,92986.95136807211,0.0,0.0,0.0,
2013-10-30,92986.95136807211,0.0,0.0,0.0,
2013-10-31,92986.95136807211,0.0,0.0,0.0,
2013-11-01,92986.95136807211,0.0,0.0,0.0,
2013-11-04,92986.95136807211,0.0,0.0,0.0,
2013-11-05,92986.95136807211,0.0,0.0,0.0,
2013-11-06,92986.95136807211,0.0,0.0,0.0,
2013-11-07,92986.95136807211,0.0,0.0,0.0,
2013-11-08,92986.95136807211,0.0,0.0,0.0,
2013-11-11,92986.95136807211,0.0,0.0,0.0,
2013-11-12,92986.95136807211,0.0,0.0,0.0,
2013-11-13,92986.95136807211,0.0,0.0,0.0,
2013-11-14,92986.95136807211,0.0,0.0,0.0,
2013-11-15,92986.95136807211,0.0,0.0,0.0,
2013-11-18,92986.95136807211,0.0,0.0,0.0,
2013-11-19,92986.95136807211,0.0,0.0,0.0,
2013-11-20,92986.95136807211,0.0,0.0,0.0,
2013-11-21,92986.95136807211,0.0,0.0,0.0,
2013-11-22,92986.95136807211,0.0,0.0,0.0,
2013-11-25,92986.95136807211,0.0,0.0,0.0,
2013-11-26,92986.95136807211,0.0,0.0,0.0,
2013-11-27,92986.95136807211,0.0,0.0,0.0,
2013-11-29,92986.95136807211,0.0,0.0,0.0,
2013-12-02,92986.95136807211,0.0,0.0,0.0,
2013-12-03,92986.95136807211,0.0,0.0,0.0,
2013-12-04,92986.95136807211,0.0,0.0,0.0,
2013-12-05,92986.95136807211,0.0,0.0,0.0,
2013-12-06,92986.95136807211,0.0,0.0,0.0,
2013-12-09,92986.95136807211,0.0,0.0,0.0,
2013-12-10,92986.95136807211,0.0,0.0,0.0,
2013-12-11,92986.95136807211,0.0,0.0,0.0,
2013-12-12,92986.95136807211,0.0,0.0,0.0,
2013-12-13,92986.95136807211,0.0,0.0,0.0,
2013-12-16,92986.95136807211,0.0,0.0,0.0,
2013-12-17,92986.95136807211,0.0,0.0,0.0,
2013-12-18,92986.95136807211,0.0,0.0,0.0,
2013-12-19,92986.95136807211,0.0,0.0,0.0,
2013-12-20,92986.95136807211,0.0,0.0,0.0,
2013-12-23,92986.95136807211,0.0,0.0,0.0,
2013-12-24,92986.95136807211,0.0,0.0,0.0,
2013-12-26,92986.95136807211,0.0,0.0,0.0,
2013-12-27,92986.95136807211,0.0,0.0,0.0,
2013-12-30,92986.95136807211,0.0,0.0,0.0,
2013-12-31,92986.95136807211,0.0,0.0,0.0,
2014-01-02,92986.95136807211,0.0,0.0,0.0,
2014-01-03,92986.95136807211,0.0,0.0,0.0,
2014-01-06,92986.95136807211,0.0,0.0,0.0,
2014-01-07,92986.95136807211,0.0,0.0,0.0,
2014-01-08,92986.95136807211,0.0,0.0,0.0,
2014-01-09,92986.95136807211,0.0,0.0,0.0,
2014-01-10,92986.95136807211,0.0,0.0,0.0,
2014-01-13,92986.95136807211,0.0,0.0,0.0,
2014-01-14,92986.95136807211,0.0,0.0,0.0,
2014-01-15,92986.95136807211,0.0,0.0,0.0,
2014-01-16,92986.95136807211,0.0,0.0,0.0,
2014-01-17,92986.95136807211,0.0,0.0,0.0,
2014-01-21,92986.95136807211,0.0,0.0,0.0,
2014-01-22,92986.95136807211,0.0,0.0,0.0,
2014-01-23,92986.95136807211,0.0,0.0,0.0,
2014-01-24,92986.95136807211,0.0,0.0,0.0,
2014-01-27,92986.95136807211,0.0,0.0,0.0,
2014-01-28,92986.95136807211,0.0,0.0,0.0,
2014-01-29,92986.95136807211,0.0,0.0,0.0,
2014-01-30,92986.95136807211,0.0,0.0,0.0,
2014-01-31,92986.95136807211,0.0,0.0,0.0,
2014-02-03,92986.95136807211,0.0,0.0,0.0,
2014-02-04,92986.95136807211,0.0,0.0,0.0,
2014-02-05,92986.95136807211,0.0,0.0,0.0,
2014-02-06,92986.95136807211,0.0,0.0,0.0,
2014-02-07,92986.95136807211,0.0,0.0,0.0,
2014-02-10,92986.95136807211,0.0,0.0,0.0,
2014-02-11,92986.95136807211,0.0,0.0,0.0,
2014-02-12,92986.95136807211,0.0,0.0,0.0,
2014-02-13,92986.95136807211,0.0,0.0,0.0,
2014-02-14,92986.95136807211,0.0,0.0,0.0,
2014-02-18,92986.95136807211,0.0,0.0,0.0,
2014-02-19,92986.95136807211,0.0,0.0,0.0,
2014-02-20,92986.95136807211,0.0,0.0,0.0,
2014-02-21,92986.95136807211,0.0,0.0,0.0,
2014-02-24,92986.95136807211,0.0,0.0,0.0,
2014-02-25,92986.95136807211,0.0,0.0,0.0,
2014-02-26,92986.95136807211,0.0,0.0,0.0,
2014-02-27,92986.95136807211,0.0,0.0,0.0,
2014-02-28,92986.95136807211,0.0,0.0,0.0,
2014-03-03,92986.95136807211,0.0,0.0,0.0,
2014-03-04,92986.95136807211,0.0,0.0,0.0,
2014-03-05,92986.95136807211,0.0,0.0,0.0,
2014-03-06,92986.95136807211,0.0,0.0,0.0,
2014-03-07,92986.95136807211,0.0,0.0,0.0,
2014-03-10,92986.95136807211,0.0,0.0,0.0,
2014-03-11,92986.95136807211,0.0,0.0,0.0,
2014-03-12,92986.95136807211,0.0,0.0,0.0,
2014-03-13,92986.95136807211,0.0,0.0,0.0,
2014-03-14,92986.95136807211,0.0,0.0,0.0,
2014-03-17,92986.95136807211,0.0,0.0,0.0,
2014-03-18,92986.95136807211,0.0,0.0,0.0,
2014-03-19,92986.95136807211,0.0,0.0,0.0,
2014-03-20,92986.95136807211,0.0,0.0,0.0,
2014-03-21,92986.95136807211,0.0,0.0,0.0,
2014-03-24,92986.95136807211,0.0,0.0,0.0,
2014-03-25,92986.95136807211,0.0,0.0,0.0,
2014-03-26,92986.95136807211,0.0,0.0,0.0,
2014-03-27,92986.95136807211,0.0,0.0,0.0,
2014-03-28,92986.95136807211,0.0,0.0,0.0,
2014-03-31,92986.95136807211,0.0,0.0,0.0,
2014-04-01,92986.95136807211,0.0,0.0,0.0,
2014-04-02,92986.95136807211,0.0,0.0,0.0,
2014-04-03,92986.95136807211,0.0,0.0,0.0,
2014-04-04,92986.95136807211,0.0,0.0,0.0,
2014-04-07,92986.95136807211,0.0,0.0,0.0,
2014-04-08,92986.95136807211,0.0,0.0,0.0,
2014-04-09,92986.95136807211,0.0,0.0,0.0,
2014-04-10,92986.95136807211,0.0,0.0,0.0,
2014-04-11,92986.95136807211,0.0,0.0,0.0,
2014-04-14,92986.95136807211,0.0,0.0,0.0,
2014-04-15,92986.95136807211,0.0,0.0,0.0,
2014-04-16,92986.95136807211,0.0,0.0,0.0,
2014-04-17,92986.95136807211,0.0,0.0,0.0,
2014-04-21,92986.95136807211,0.0,0.0,0.0,
2014-04-22,92986.95136807211,0.0,0.0,0.0,
2014-04-23,92986.95136807211,0.0,0.0,0.0,
2014-04-24,92986.95136807211,0.0,0.0,0.0,
2014-04-25,92986.95136807211,0.0,0.0,0.0,
2014-04-28,92986.95136807211,0.0,0.0,0.0,
2014-04-29,92986.95136807211,0.0,0.0,0.0,
2014-04-30,92986.95136807211,0.0,0.0,0.0,
2014-05-01,92986.95136807211,0.0,0.0,0.0,
2014-05-02,92986.95136807211,0.0,0.0,0.0,
2014-05-05,92986.95136807211,0.0,0.0,0.0,
2014-05-06,92986.95136807211,0.0,0.0,0.0,
2014-05-07,92986.95136807211,0.0,0.0,0.0,
2014-05-08,92986.95136807211,0.0,0.0,0.0,
2014-05-09,92986.95136807211,0.0,0.0,0.0,
2014-05-12,92986.95136807211,0.0,0.0,0.0,
2014-05-13,92986.95136807211,0.0,0.0,0.0,
2014-05-14,92986.95136807211,0.0,0.0,0.0,
2014-05-15,92986.95136807211,0.0,0.0,0.0,
2014-05-16,92986.95136807211,0.0,0.0,0.0,
2014-05-19,92986.95136807211,0.0,0.0,0.0,
2014-05-20,92986.95136807211,0.0,0.0,0.0,
2014-05-21,92986.95136807211,0.0,0.0,0.0,
2014-05-22,92986.95136807211,0.0,0.0,0.0,
2014-05-23,92986.95136807211,0.0,0.0,0.0,
2014-05-27,92986.95136807211,0.0,0.0,0.0,
2014-05-28,92986.95136807211,0.0,0.0,0.0,
2014-05-29,92986.95136807211,0.0,0.0,0.0,
2014-05-30,92986.95136807211,0.0,0.0,0.0,
2014-06-02,92986.95136807211,0.0,0.0,0.0,
2014-06-03,92986.95136807211,0.0,0.0,0.0,
2014-06-04,92986.95136807211,0.0,0.0,0.0,
2014-06-05,92986.95136807211,0.0,0.0,0.0,
2014-06-06,92986.95136807211,0.0,0.0,0.0,
2014-06-09,92986.95136807211,0.0,0.0,0.0,
2014-06-10,92986.95136807211,0.0,0.0,0.0,
2014-06-11,92986.95136807211,0.0,0.0,0.0,
2014-06-12,92986.95136807211,0.0,0.0,0.0,
2014-06-13,92986.95136807211,0.0,0.0,0.0,
2014-06-16,92986.95136807211,0.0,0.0,0.0,
2014-06-17,92986.95136807211,0.0,0.0,0.0,
2014-06-18,92986.95136807211,0.0,0.0,0.0,
2014-06-19,92986.95136807211,0.0,0.0,0.0,
2014-06-20,92986.95136807211,0.0,0.0,0.0,
2014-06-23,92986.95136807211,0.0,0.0,0.0,
2014-06-24,92986.95136807211,0.0,0.0,0.0,
2014-06-25,92986.95136807211,0.0,0.0,0.0,
2014-06-26,92986.95136807211,0.0,0.0,0.0,
2014-06-27,92986.95136807211,0.0,0.0,0.0,
2014-06-30,92986.95136807211,0.0,0.0,0.0,
2014-07-01,92986.95136807211,0.0,0.0,0.0,
2014-07-02,92986.95136807211,0.0,0.0,0.0,
2014-07-03,92986.95136807211,0.0,0.0,0.0,
2014-07-07,92986.95136807211,0.0,0.0,0.0,
2014-07-08,92986.95136807211,0.0,0.0,0.0,
2014-07-09,92986.95136807211,0.0,0.0,0.0,
2014-07-10,92986.95136807211,0.0,0.0,0.0,
2014-07-11,92986.95136807211,0.0,0.0,0.0,
2014-07-14,92986.95136807211,0.0,0.0,0.0,
2014-07-15,92986.95136807211,0.0,0.0,0.0,
2014-07-16,92986.95136807211,0.0,0.0,0.0,
2014-07-17,92986.95136807211,0.0,0.0,0.0,
2014-07-18,92986.95136807211,0.0,0.0,0.0,
2014-07-21,92986.95136807211,0.0,0.0,0.0,
2014-07-22,92986.95136807211,0.0,0.0,0.0,
2014-07-23,92986.95136807211,0.0,0.0,0.0,
2014-07-24,92986.95136807211,0.0,0.0,0.0,
2014-07-25,92986.95136807211,0.0,0.0,0.0,
2014-07-28,92986.95136807211,0.0,0.0,0.0,
2014-07-29,92986.95136807211,0.0,0.0,0.0,
2014-07-30,92986.95136807211,0.0,0.0,0.0,
2014-07-31,92986.95136807211,0.0,0.0,0.0,
2014-08-01,92986.95136807211,0.0,0.0,0.0,
2014-08-04,92986.95136807211,0.0,0.0,0.0,
2014-08-05,92986.95136807211,0.0,0.0,0.0,
2014-08-06,92986.95136807211,0.0,0.0,0.0,
2014-08-07,92986.95136807211,0.0,0.0,0.0,
2014-08-08,92986.95136807211,0.0,0.0,0.0,
2014-08-11,92986.95136807211,0.0,0.0,0.0,
2014-08-12,92986.95136807211,0.0,0.0,0.0,
2014-08-13,92986.95136807211,0.0,0.0,0.0,
2014-08-14,92986.95136807211,0.0,0.0,0.0,
2014-08-15,92986.95136807211,0.0,0.0,0.0,
2014-08-18,92986.95136807211,0.0,0.0,0.0,
2014-08-19,92986.95136807211,0.0,0.0,0.0,
2014-08-20,92986.95136807211,0.0,0.0,0.0,
2014-08-21,92986.95136807211,0.0,0.0,0.0,
2014-08-22,92986.95136807211,0.0,0.0,0.0,
2014-08-25,92986.95136807211,0.0,0.0,0.0,
2014-08-26,92986.95136807211,0.0,0.0,0.0,
2014-08-27,92986.95136807211,0.0,0.0,0.0,
2014-08-28,92986.95136807211,0.0,0.0,0.0,
2014-08-29,92986.95136807211,0.0,0.0,0.0,
2014-09-02,92986.95136807211,0.0,0.0,0.0,
2014-09-03,92986.95136807211,0.0,0.0,0.0,
2014-09-04,92986.95136807211,0.0,0.0,0.0,
2014-09-05,92986.95136807211,0.0,0.0,0.0,
2014-09-08,92986.95136807211,0.0,0.0,0.0,
2014-09-09,92986.95136807211,0.0,0.0,0.0,
2014-09-10,92986.95136807211,0.0,0.0,0.0,
2014-09-11,92986.95136807211,0.0,0.0,0.0,
2014-09-12,92986.95136807211,0.0,0.0,0.0,
2014-09-15,92986.95136807211,0.0,0.0,0.0,
2014-09-16,92986.95136807211,0.0,0.0,0.0,
2014-09-17,92986.95136807211,0.0,0.0,0.0,
2014-09-18,92986.95136807211,0.0,0.0,0.0,
2014-09-19,92986.95136807211,0.0,0.0,0.0,
2014-09-22,92986.95136807211,0.0,0.0,0.0,
2014-09-23,92986.95136807211,0.0,0.0,0.0,
2014-09-24,92986.95136807211,0.0,0.0,0.0,
2014-09-25,92986.95136807211,0.0,0.0,0.0,
2014-09-26,92986.95136807211,0.0,0.0,0.0,
2014-09-29,92986.95136807211,0.0,0.0,0.0,
2014-09-30,92986.95136807211,0.0,0.0,0.0,
2014-10-01,92986.95136807211,0.0,0.0,0.0,
2014-10-02,92986.95136807211,0.0,0.0,0.0,
2014-10-03,92986.95136807211,0.0,0.0,0.0,
2014-10-06,92986.95136807211,0.0,0.0,0.0,
2014-10-07,92986.95136807211,0.0,0.0,0.0,
2014-10-08,92986.95136807211,0.0,0.0,0.0,
2014-10-09,92986.95136807211,0.0,0.0,0.0,
2014-10-10,92986.95136807211,0.0,0.0,0.0,
2014-10-13,92986.95136807211,0.0,0.0,0.0,
2014-10-14,92986.95136807211,0.0,0.0,0.0,
2014-10-15,92986.95136807211,0.0,0.0,0.0,
2014-10-16,92986.95136807211,0.0,0.0,0.0,
2014-10-17,92986.95136807211,0.0,0.0,0.0,
2014-10-20,92986.95136807211,0.0,0.0,0.0,
2014-10-21,92986.95136807211,0.0,0.0,0.0,
2014-10-22,92986.95136807211,0.0,0.0,0.0,
2014-10-23,92986.95136807211,0.0,0.0,0.0,
2014-10-24,92986.95136807211,0.0,0.0,0.0,
2014-10-27,92986.95136807211,0.0,0.0,0.0,
2014-10-28,92986.95136807211,0.0,0.0,0.0,
2014-10-29,92986.95136807211,0.0,0.0,0.0,
2014-10-30,92986.95136807211,0.0,0.0,0.0,
2014-10-31,92986.95136807211,0.0,0.0,0.0,
2014-11-03,92986.95136807211,0.0,0.0,0.0,
2014-11-04,92986.95136807211,0.0,0.0,0.0,
2014-11-05,92986.95136807211,0.0,0.0,0.0,
2014-11-06,92986.95136807211,0.0,0.0,0.0,
2014-11-07,92986.95136807211,0.0,0.0,0.0,
2014-11-10,92986.95136807211,0.0,0.0,0.0,
2014-11-11,92986.95136807211,0.0,0.0,0.0,
2014-11-12,92986.95136807211,0.0,0.0,0.0,
2014-11-13,92986.95136807211,0.0,0.0,0.0,
2014-11-14,92986.95136807211,0.0,0.0,0.0,
2014-11-17,92986.95136807211,0.0,0.0,0.0,
2014-11-18,92986.95136807211,0.0,0.0,0.0,
2014-11-19,92986.95136807211,0.0,0.0,0.0,
2014-11-20,92986.95136807211,0.0,0.0,0.0,
2014-11-21,92986.95136807211,0.0,0.0,0.0,
2014-11-24,92986.95136807211,0.0,0.0,0.0,
2014-11-25,92986.95136807211,0.0,0.0,0.0,
2014-11-26,92986.95136807211,0.0,0.0,0.0,
2014-11-28,92986.95136807211,0.0,0.0,0.0,
2014-12-01,92986.95136807211,0.0,0.0,0.0,
2014-12-02,92986.95136807211,0.0,0.0,0.0,
2014-12-03,92986.95136807211,0.0,0.0,0.0,
2014-12-04,92986.95136807211,0.0,0.0,0.0,
2014-12-05,92986.95136807211,0.0,0.0,0.0,
2014-12-08,92986.95136807211,0.0,0.0,0.0,
2014-12-09,92986.95136807211,0.0,0.0,0.0,
2014-12-10,92986.95136807211,0.0,0.0,0.0,
2014-12-11,92986.95136807211,0.0,0.0,0.0,
2014-12-12,92986.95136807211,0.0,0.0,0.0,
2014-12-15,92986.95136807211,0.0,0.0,0.0,
2014-12-16,92986.95136807211,0.0,0.0,0.0,
2014-12-17,92986.95136807211,0.0,0.0,0.0,
2014-12-18,92986.95136807211,0.0,0.0,0.0,
2014-12-19,92986.95136807211,0.0,0.0,0.0,
2014-12-22,92986.95136807211,0.0,0.0,0.0,
2014-12-23,92986.95136807211,0.0,0.0,0.0,
2014-12-24,92986.95136807211,0.0,0.0,0.0,
2014-12-26,92986.95136807211,0.0,0.0,0.0,
2014-12-29,92986.95136807211,0.0,0.0,0.0,
2014-12-30,92986.95136807211,0.0,0.0,0.0,
2014-12-31,92986.95136807211,0.0,0.0,0.0,
2015-01-02,92986.95136807211,0.0,0.0,0.0,
2015-01-05,92986.95136807211,0.0,0.0,0.0,
2015-01-06,92986.95136807211,0.0,0.0,0.0,
2015-01-07,92986.95136807211,0.0,0.0,0.0,
2015-01-08,92986.95136807211,0.0,0.0,0.0,
2015-01-09,92986.95136807211,0.0,0.0,0.0,
2015-01-12,92986.95136807211,0.0,0.0,0.0,
2015-01-13,92986.95136807211,0.0,0.0,0.0,
2015-01-14,92986.95136807211,0.0,0.0,0.0,
2015-01-15,92986.95136807211,0.0,0.0,0.0,
2015-01-16,92986.95136807211,0.0,0.0,0.0,
2015-01-20,92986.95136807211,0.0,0.0,0.0,
2015-01-21,92986.95136807211,0.0,0.0,0.0,
2015-01-22,92986.95136807211,0.0,0.0,0.0,
2015-01-23,92986.95136807211,0.0,0.0,0.0,
2015-01-26,92986.95136807211,0.0,0.0,0.0,
2015-01-27,92986.95136807211,0.0,0.0,0.0,
2015-01-28,92986.95136807211,0.0,0.0,0.0,
2015-01-29,92986.95136807211,0.0,0.0,0.0,
2015-01-30,92986.95136807211,0.0,0.0,0.0,
2015-02-02,92986.95136807211,0.0,0.0,0.0,
2015-02-03,92986.95136807211,0.0,0.0,0.0,
2015-02-04,92986.95136807211,0.0,0.0,0.0,
2015-02-05,92986.95136807211,0.0,0.0,0.0,
2015-02-06,92986.95136807211,0.0,0.0,0.0,
2015-02-09,92986.95136807211,0.0,0.0,0.0,
2015-02-10,92986.95136807211,0.0,0.0,0.0,
2015-02-11,92986.95136807211,0.0,0.0,0.0,
2015-02-12,92986.95136807211,0.0,0.0,0.0,
2015-02-13,92986.95136807211,0.0,0.0,0.0,
2015-02-17,92986.95136807211,0.0,0.0,0.0,
2015-02-18,92986.95136807211,0.0,0.0,0.0,
2015-02-19,92986.95136807211,0.0,0.0,0.0,
2015-02-20,92986.95136807211,0.0,0.0,0.0,
2015-02-23,92986.95136807211,0.0,0.0,0.0,
2015-02-24,92986.95136807211,0.0,0.0,0.0,
2015-02-25,92986.95136807211,0.0,0.0,0.0,
2015-02-26,92986.95136807211,0.0,0.0,0.0,
2015-02-27,92986.95136807211,0.0,0.0,0.0,
2015-03-02,92986.95136807211,0.0,0.0,0.0,
2015-03-03,92986.95136807211,0.0,0.0,0.0,
2015-03-04,92986.95136807211,0.0,0.0,0.0,
2015-03-05,92986.95136807211,0.0,0.0,0.0,
2015-03-06,92986.95136807211,0.0,0.0,0.0,
2015-03-09,92986.95136807211,0.0,0.0,0.0,
2015-03-10,92986.95136807211,0.0,0.0,0.0,
2015-03-11,92986.95136807211,0.0,0.0,0.0,
2015-03-12,92986.95136807211,0.0,0.0,0.0,
2015-03-13,92986.95136807211,0.0,0.0,0.0,
2015-03-16,92986.95136807211,0.0,0.0,0.0,
2015-03-17,92986.95136807211,0.0,0.0,0.0,
2015-03-18,92986.95136807211,0.0,0.0,0.0,
2015-03-19,92986.95136807211,0.0,0.0,0.0,
2015-03-20,92986.95136807211,0.0,0.0,0.0,
2015-03-23,92986.95136807211,0.0,0.0,0.0,
2015-03-24,92986.95136807211,0.0,0.0,0.0,
2015-03-25,92986.95136807211,0.0,0.0,0.0,
2015-03-26,92986.95136807211,0.0,0.0,0.0,
2015-03-27,92986.95136807211,0.0,0.0,0.0,
2015-03-30,92986.95136807211,0.0,0.0,0.0,
2015-03-31,92986.95136807211,0.0,0.0,0.0,
2015-04-01,92986.95136807211,0.0,0.0,0.0,
2015-04-02,92986.95136807211,0.0,0.0,0.0,
2015-04-06,92986.95136807211,0.0,0.0,0.0,
2015-04-07,92986.95136807211,0.0,0.0,0.0,
2015-04-08,92986.95136807211,0.0,0.0,0.0,
2015-04-09,92986.95136807211,0.0,0.0,0.0,
2015-04-10,92986.95136807211,0.0,0.0,0.0,
2015-04-13,92986.95136807211,0.0,0.0,0.0,
2015-04-14,92986.95136807211,0.0,0.0,0.0,
2015-04-15,92986.95136807211,0.0,0.0,0.0,
2015-04-16,92986.95136807211,0.0,0.0,0.0,
2015-04-17,92986.95136807211,0.0,0.0,0.0,
2015-04-20,92986.95136807211,0.0,0.0,0.0,
2015-04-21,92986.95136807211,0.0,0.0,0.0,
2015-04-22,92986.95136807211,0.0,0.0,0.0,
2015-04-23,92986.95136807211,0.0,0.0,0.0,
2015-04-24,92986.95136807211,0.0,0.0,0.0,
2015-04-27,92986.95136807211,0.0,0.0,0.0,
2015-04-28,92986.95136807211,0.0,0.0,0.0,
2015-04-29,92986.95136807211,0.0,0.0,0.0,
2015-04-30,92986.95136807211,0.0,0.0,0.0,
2015-05-01,92986.95136807211,0.0,0.0,0.0,
2015-05-04,92986.95136807211,0.0,0.0,0.0,
2015-05-05,92986.95136807211,0.0,0.0,0.0,
2015-05-06,92986.95136807211,0.0,0.0,0.0,
2015-05-07,92986.95136807211,0.0,0.0,0.0,
2015-05-08,92986.95136807211,0.0,0.0,0.0,
2015-05-11,92986.95136807211,0.0,0.0,0.0,
2015-05-12,92986.95136807211,0.0,0.0,0.0,
2015-05-13,92986.95136807211,0.0,0.0,0.0,
2015-05-14,92986.95136807211,0.0,0.0,0.0,
2015-05-15,92986.95136807211,0.0,0.0,0.0,
2015-05-18,92986.95136807211,0.0,0.0,0.0,
2015-05-19,92986.95136807211,0.0,0.0,0.0,
2015-05-20,92986.95136807211,0.0,0.0,0.0,
2015-05-21,92986.95136807211,0.0,0.0,0.0,
2015-05-22,92986.95136807211,0.0,0.0,0.0,
2015-05-26,92986.95136807211,0.0,0.0,0.0,
2015-05-27,92986.95136807211,0.0,0.0,0.0,
2015-05-28,92986.95136807211,0.0,0.0,0.0,
2015-05-29,92986.95136807211,0.0,0.0,0.0,
2015-06-01,92986.95136807211,0.0,0.0,0.0,
2015-06-02,92986.95136807211,0.0,0.0,0.0,
2015-06-03,92986.95136807211,0.0,0.0,0.0,
2015-06-04,92986.95136807211,0.0,0.0,0.0,
2015-06-05,92986.95136807211,0.0,0.0,0.0,
2015-06-08,92986.95136807211,0.0,0.0,0.0,
2015-06-09,92986.95136807211,0.0,0.0,0.0,
2015-06-10,92986.95136807211,0.0,0.0,0.0,
2015-06-11,92986.95136807211,0.0,0.0,0.0,
2015-06-12,92986.95136807211,0.0,0.0,0.0,
2015-06-15,92986.95136807211,0.0,0.0,0.0,
2015-06-16,92986.95136807211,0.0,0.0,0.0,
2015-06-17,92986.95136807211,0.0,0.0,0.0,
2015-06-18,92986.95136807211,0.0,0.0,0.0,
2015-06-19,92986.95136807211,0.0,0.0,0.0,
2015-06-22,92986.95136807211,0.0,0.0,0.0,
2015-06-23,92986.95136807211,0.0,0.0,0.0,
2015-06-24,92986.95136807211,0.0,0.0,0.0,
2015-06-25,92986.95136807211,0.0,0.0,0.0,
2015-06-26,92986.95136807211,0.0,0.0,0.0,
2015-06-29,92986.95136807211,0.0,0.0,0.0,
2015-06-30,92986.95136807211,0.0,0.0,0.0,
2015-07-01,92986.95136807211,0.0,0.0,0.0,
2015-07-02,92986.95136807211,0.0,0.0,0.0,
2015-07-06,92986.95136807211,0.0,0.0,0.0,
2015-07-07,92986.95136807211,0.0,0.0,0.0,
2015-07-08,92986.95136807211,0.0,0.0,0.0,-0.8765304854127115
2015-07-09,92986.95136807211,0.0,0.0,0.0,-0.4085897613608465
2015-07-10,92986.95136807211,0.0,0.0,0.0,-0.3114702224895316
2015-07-13,92986.95136807211,0.0,0.0,0.0,-0.4352760015571143
2015-07-14,92986.95136807211,0.0,0.0,0.0,-0.17066064682011098
2015-07-15,92986.95136807211,0.0,0.0,0.0,0.012956412950102959
2015-07-16,92986.95136807211,0.0,0.0,0.0,0.3691122059743838
2015-07-17,92986.95136807211,0.0,0.0,0.0,0.40195397481885975
2015-07-20,92986.95136807211,0.0,0.0,0.0,1.051299767347511
2015-07-21,92986.95136807211,0.0,0.0,0.0,1.168988031640424
2015-07-22,92986.95136807211,0.0,0.0,0.0,0.8075230363552454
2015-07-23,92986.95136807211,0.0,0.0,0.0,0.573704626671995
2015-07-24,92986.95136807211,0.0,0.0,0.0,0.15286157467315242
2015-07-27,92986.95136807211,0.0,0.0,0.0,0.5910005775481447
2015-07-28,92986.95136807211,0.0,0.0,0.0,0.8572496825592807
2015-07-29,92986.95136807211,0.0,0.0,0.0,0.4985066557658333
2015-07-30,92986.95136807211,0.0,0.0,0.0,0.5567955682583218
2015-07-31,92986.95136807211,0.0,0.0,0.0,0.6425463747953997
2015-08-03,92986.95136807211,0.0,0.0,0.0,0.7345711243863607
2015-08-04,92986.95136807211,0.0,0.0,0.0,1.0814988284220506
2015-08-05,92986.95136807211,0.0,0.0,0.0,0.9833220856934699
2015-08-06,92986.95136807211,0.0,0.0,0.0,0.1844797401437775
2015-08-07,92986.95136807211,0.0,0.0,0.0,0.17351644827656393
2015-08-10,92986.95136807211,0.0,0.0,0.0,0.0342134936916693
2015-08-11,92986.95136807211,0.0,0.0,0.0,-0.733938639350705
2015-08-12,92986.95136807211,0.0,0.0,0.0,-0.8627730309725882
2015-08-13,92986.95136807211,0.0,0.0,0.0,-0.5780175731560215
2015-08-14,92986.95136807211,0.0,0.0,0.0,-0.6507105684896486
2015-08-17,92986.95136807211,0.0,0.0,0.0,-0.49704046307507954
2015-08-18,92986.95136807211,0.0,0.0,0.0,-0.8026163558470988
2015-08-19,92986.95136807211,0.0,0.0,0.0,-0.05543183543337915
2015-08-20,92986.95136807211,0.0,0.0,0.0,-0.39580531028333543
2015-08-21,92986.95136807211,0.0,0.0,0.0,-0.3661175140543018
2015-08-24,92986.95136807211,0.0,0.0,0.0,-2.0147727649598077
2015-08-25,92986.95136807211,0.0,0.0,0.0,-0.0905333909893605
2015-08-26,92986.95136807211,0.0,0.0,0.0,0.1741785447456632
2015-08-27,92986.95136807211,0.0,0.0,0.0,-0.32900803087323394
2015-08-28,92986.95136807211,0.0,0.0,0.0,-0.7419253544994019
2015-08-31,92986.95136807211,0.0,0.0,0.0,-1.76674024074715
2015-09-01,92986.95136807211,0.0,0.0,0.0,-2.324915009569563
2015-09-02,92986.95136807211,0.0,0.0,0.0,-1.603871552335334
2015-09-03,92986.95136807211,0.0,0.0,0.0,-2.310990149726795
2015-09-04,92986.95136807211,0.0,0.0,0.0,-2.533492095822787
2015-09-08,92940.45789238808,-0.000500000000000056,1.0005002501250626,0.03000556766885355,-1.570256478840974
2015-09-09,93181.33346112308,0.0025917191952498086,0.9919569429922633,0.03252262527533435,-1.4026554279336163
2015-09-10,93134.20106550901,-0.0005058137060651724,0.0,0.0,-1.4070464940783292
2015-09-11,93134.20106550901,0.0,0.0,0.0,-1.147780742370168
2015-09-14,93134.20106550901,0.0,0.0,0.0,-0.6941520074626683
2015-09-15,93134.20106550901,0.0,0.0,0.0,-1.0069920997633452
2015-09-16,93134.20106550901,0.0,0.0,0.0,-1.1153743516536474
2015-09-17,93134.20106550901,0.0,0.0,0.0,-1.4532629045317838
2015-09-18,93134.20106550901,0.0,0.0,0.0,-1.221892756705663
2015-09-21,93134.20106550901,0.0,0.0,0.0,-1.6956279781855086
2015-09-22,93134.20106550901,0.0,0.0,0.0,-1.3604357338449204
2015-09-23,93134.20106550901,0.0,0.0,0.0,-1.6213394899819014
2015-09-24,93134.20106550901,0.0,0.0,0.0,-1.0775699537849945
2015-09-25,93134.20106550901,0.0,0.0,0.0,-1.340784574151936
2015-09-28,93134.20106550901,0.0,0.0,0.0,-0.784728300253597
2015-09-29,93134.20106550901,0.0,0.0,0.0,-1.2251192808807259
2015-09-30,93134.20106550901,0.0,0.0,0.0,-1.3343257191573308
2015-10-01,93134.20106550901,0.0,0.0,0.0,-1.03522303123431
2015-10-02,93134.20106550901,0.0,0.0,0.0,-1.173277998482391
2015-10-05,93134.20106550901,0.0,0.0,0.0,-0.8708097336318908
2015-10-06,93134.20106550901,0.0,0.0,0.0,-1.0382067771114782
2015-10-07,93134.20106550901,0.0,0.0,0.0,-0.980552691823533
2015-10-08,93134.20106550901,0.0,0.0,0.0,-0.8559760209933458
2015-10-09,93134.20106550901,0.0,0.0,0.0,-0.717516004249391
2015-10-12,93134.20106550901,0.0,0.0,0.0,-0.5528172696269811
2015-10-13,93134.20106550901,0.0,0.0,0.0,-1.0099220541902592
2015-10-14,93134.20106550901,0.0,0.0,0.0,-1.1823477257850867
2015-10-15,93134.20106550901,0.0,0.0,0.0,-0.6139899131893418
2015-10-16,93134.20106550901,0.0,0.0,0.0,-0.5909055464983327
2015-10-19,93134.20106550901,0.0,0.0,0.0,-0.3879962894197074
2015-10-20,93134.20106550901,0.0,0.0,0.0,-0.8884110175843998
2015-10-21,93134.20106550901,0.0,0.0,0.0,-0.38482901028022126
2015-10-22,93134.20106550901,0.0,0.0,0.0,-0.2236005202119102
2015-10-23,93134.20106550901,0.0,0.0,0.0,0.22682527485563908
2015-10-26,93134.20106550901,0.0,0.0,0.0,0.4810756642995832
2015-10-27,93134.20106550901,0.0,0.0,0.0,0.5560905624718299
2015-10-28,93134.20106550901,0.0,0.0,0.0,-0.2742251635659791
2015-10-29,93134.20106550901,0.0,0.0,0.0,-1.1517879488853702
2015-10-30,93134.20106550901,0.0,0.0,0.0,-0.4426670527525833
2015-11-02,93134.20106550901,0.0,0.0,0.0,-0.7508797172509334
2015-11-03,93134.20106550901,0.0,0.0,0.0,-0.5500067733297109
2015-11-04,93134.20106550901,0.0,0.0,0.0,-0.5359087511769353
2015-11-05,93134.20106550901,0.0,0.0,0.0,-0.5431363192795771
2015-11-06,93134.20106550901,0.0,0.0,0.0,-0.5318191601628792
2015-11-09,93134.20106550901,0.0,0.0,0.0,-1.2606501755294846
2015-11-10,93134.20106550901,0.0,0.0,0.0,-1.1628854952735892
2015-11-11,93134.20106550901,0.0,0.0,0.0,-0.6236831153793113
2015-11-12,93134.20106550901,0.0,0.0,0.0,0.012358111544550231
2015-11-13,93134.20106550901,0.0,0.0,0.0,-0.14844833489328757
2015-11-16,93134.20106550901,0.0,0.0,0.0,-0.5020459417902545
2015-11-17,93134.20106550901,0.0,0.0,0.0,-0.07972544550267384
2015-11-18,93134.20106550901,0.0,0.0,0.0,0.12696315794355553
2015-11-19,93134.20106550901,0.0,0.0,0.0,0.7630134442345466
2015-11-20,93134.20106550901,0.0,0.0,0.0,1.2947795618411655
2015-11-23,93134.20106550901,0.0,0.0,0.0,1.3263624304973751
2015-11-24,93134.20106550901,0.0,0.0,0.0,1.262614441556619
2015-11-25,93134.20106550901,0.0,0.0,0.0,0.955066924540677
2015-11-27,93134.20106550901,0.0,0.0,0.0,0.8995895070744883
2015-11-30,93134.20106550901,0.0,0.0,0.0,0.8083620086131373
2015-12-01,93134.20106550901,0.0,0.0,0.0,1.3611834222547803
2015-12-02,93134.20106550901,0.0,0.0,0.0,1.4628826809311692
2015-12-03,93134.20106550901,0.0,0.0,0.0,1.55643967825302
2015-12-04,93134.20106550901,0.0,0.0,0.0,1.691888974793306
2015-12-07,93134.20106550901,0.0,0.0,0.0,2.210805149961767
2015-12-08,93134.20106550901,0.0,0.0,0.0,2.0250267032180593
2015-12-09,93134.20106550901,0.0,0.0,0.0,1.8075539996260226
2015-12-10,93134.20106550901,0.0,0.0,0.0,1.85563426638946
2015-12-11,93134.20106550901,0.0,0.0,0.0,1.6240652068141666
2015-12-14,93134.20106550901,0.0,0.0,0.0,1.9168788031391497
2015-12-15,93134.20106550901,0.0,0.0,0.0,1.2927283973003123
2015-12-16,93134.20106550901,0.0,0.0,0.0,1.9199708249561638
2015-12-17,93134.20106550901,0.0,0.0,0.0,2.035124457782963
2015-12-18,93134.20106550901,0.0,0.0,0.0,2.4817780122838684
2015-12-21,93087.63396497625,-0.000500000000000056,1.0005002501250626,-0.030005567668853605,2.915897953154896
2015-12-22,92972.6655182765,-0.0012350560627957252,1.0084303578105573,-0.03126901945169892,2.9384664881501514
2015-12-23,93072.97155764421,0.001078876665615125,1.0276435210202242,-0.03014730308630367,2.8079132959895348
2015-12-24,93172.75786449363,0.0010721298050273553,1.028188932548943,-0.029033551588683926,2.6805231242879635
2015-12-28,92578.12330061368,-0.006382064645384489,1.0261079881468573,-0.0356325370708386,3.0537674165537703
2015-12-29,91765.47561203766,-0.00877796675503173,1.0555788439576421,-0.04479316358655483,3.5039394636440266
2015-12-30,91361.42182212247,-0.004403113341050258,1.053532702863239,-0.049402887049696136,3.6385718897841257
2015-12-31,91547.52789566797,0.0020370312746209596,1.0419452586883895,-0.04725864661260061,3.385180645265048
2016-01-04,91573.71574708934,0.00028605743948895146,1.0270123830583864,-0.0469483536529789,3.2627396965461677
2016-01-05,92050.71268414486,0.005208884811149339,0.0,0.0,2.8396352554156246
2016-01-06,92050.71268414486,0.0,0.0,0.0,
2016-01-07,92050.71268414486,0.0,0.0,0.0,
2016-01-08,92050.71268414486,0.0,0.0,0.0,
2016-01-11,92050.71268414486,0.0,0.0,0.0,
2016-01-12,92050.71268414486,0.0,0.0,0.0,
2016-01-13,92050.71268414486,0.0,0.0,0.0,
2016-01-14,92050.71268414486,0.0,0.0,0.0,
2016-01-15,92050.71268414486,0.0,0.0,0.0,
2016-01-19,92050.71268414486,0.0,0.0,0.0,
2016-01-20,92050.71268414486,0.0,0.0,0.0,
2016-01-21,92050.71268414486,0.0,0.0,0.0,
2016-01-22,92050.71268414486,0.0,0.0,0.0,
2016-01-25,92050.71268414486,0.0,0.0,0.0,
2016-01-26,92050.71268414486,0.0,0.0,0.0,
2016-01-27,92050.71268414486,0.0,0.0,0.0,
2016-01-28,92050.71268414486,0.0,0.0,0.0,
2016-01-29,92050.71268414486,0.0,0.0,0.0,
2016-02-01,92050.71268414486,0.0,0.0,0.0,
2016-02-02,92050.71268414486,0.0,0.0,0.0,
2016-02-03,92050.71268414486,0.0,0.0,0.0,
2016-02-04,92050.71268414486,0.0,0.0,0.0,
2016-02-05,92050.71268414486,0.0,0.0,0.0,
2016-02-08,92050.71268414486,0.0,0.0,0.0,
2016-02-09,92050.71268414486,0.0,0.0,0.0,
2016-02-10,92050.71268414486,0.0,0.0,0.0,
2016-02-11,92050.71268414486,0.0,0.0,0.0,
2016-02-12,92050.71268414486,0.0,0.0,0.0,
2016-02-16,92050.71268414486,0.0,0.0,0.0,
2016-02-17,92050.71268414486,0.0,0.0,0.0,
2016-02-18,92050.71268414486,0.0,0.0,0.0,
2016-02-19,92050.71268414486,0.0,0.0,0.0,
2016-02-22,92050.71268414486,0.0,0.0,0.0,
2016-02-23,92050.71268414486,0.0,0.0,0.0,
2016-02-24,92050.71268414486,0.0,0.0,0.0,
2016-02-25,92050.71268414486,0.0,0.0,0.0,
2016-02-26,92050.71268414486,0.0,0.0,0.0,
2016-02-29,92050.71268414486,0.0,0.0,0.0,
2016-03-01,92050.71268414486,0.0,0.0,0.0,
2016-03-02,92050.71268414486,0.0,0.0,0.0,
2016-03-03,92050.71268414486,0.0,0.0,0.0,
2016-03-04,92050.71268414486,0.0,0.0,0.0,
2016-03-07,92050.71268414486,0.0,0.0,0.0,
2016-03-08,92050.71268414486,0.0,0.0,0.0,
2016-03-09,92050.71268414486,0.0,0.0,0.0,
2016-03-10,92050.71268414486,0.0,0.0,0.0,
2016-03-11,92050.71268414486,0.0,0.0,0.0,
2016-03-14,92050.71268414486,0.0,0.0,0.0,
2016-03-15,92050.71268414486,0.0,0.0,0.0,
2016-03-16,92050.71268414486,0.0,0.0,0.0,
2016-03-17,92050.71268414486,0.0,0.0,0.0,
2016-03-18,92050.71268414486,0.0,0.0,0.0,
2016-03-21,92050.71268414486,0.0,0.0,0.0,
2016-03-22,92050.71268414486,0.0,0.0,0.0,
2016-03-23,92050.71268414486,0.0,0.0,0.0,
2016-03-24,92050.71268414486,0.0,0.0,0.0,
2016-03-28,92050.71268414486,0.0,0.0,0.0,
2016-03-29,92050.71268414486,0.0,0.0,0.0,
2016-03-30,92050.71268414486,0.0,0.0,0.0,
2016-03-31,92050.71268414486,0.0,0.0,0.0,
2016-04-01,92050.71268414486,0.0,0.0,0.0,
2016-04-04,92050.71268414486,0.0,0.0,0.0,
2016-04-05,92050.71268414486,0.0,0.0,0.0,
2016-04-06,92050.71268414486,0.0,0.0,0.0,
2016-04-07,92050.71268414486,0.0,0.0,0.0,
2016-04-08,92050.71268414486,0.0,0.0,0.0,
2016-04-11,92050.71268414486,0.0,0.0,0.0,
2016-04-12,92050.71268414486,0.0,0.0,0.0,
2016-04-13,92050.71268414486,0.0,0.0,0.0,
2016-04-14,92050.71268414486,0.0,0.0,0.0,
2016-04-15,92050.71268414486,0.0,0.0,0.0,
2016-04-18,92050.71268414486,0.0,0.0,0.0,
2016-04-19,92050.71268414486,0.0,0.0,0.0,
2016-04-20,92050.71268414486,0.0,0.0,0.0,
2016-04-21,92050.71268414486,0.0,0.0,0.0,
2016-04-22,92050.71268414486,0.0,0.0,0.0,
2016-04-25,92050.71268414486,0.0,0.0,0.0,
2016-04-26,92050.71268414486,0.0,0.0,0.0,
2016-04-27,92050.71268414486,0.0,0.0,0.0,
2016-04-28,92050.71268414486,0.0,0.0,0.0,
2016-04-29,92050.71268414486,0.0,0.0,0.0,
2016-05-02,92050.71268414486,0.0,0.0,0.0,
2016-05-03,92050.71268414486,0.0,0.0,0.0,
2016-05-04,92050.71268414486,0.0,0.0,0.0,
2016-05-05,92050.71268414486,0.0,0.0,0.0,
2016-05-06,92050.71268414486,0.0,0.0,0.0,
2016-05-09,92050.71268414486,0.0,0.0,0.0,
2016-05-10,92050.71268414486,0.0,0.0,0.0,
2016-05-11,92050.71268414486,0.0,0.0,0.0,
2016-05-12,92050.71268414486,0.0,0.0,0.0,
2016-05-13,92050.71268414486,0.0,0.0,0.0,
2016-05-16,92050.71268414486,0.0,0.0,0.0,
2016-05-17,92050.71268414486,0.0,0.0,0.0,
2016-05-18,92050.71268414486,0.0,0.0,0.0,
2016-05-19,92050.71268414486,0.0,0.0,0.0,
2016-05-20,92050.71268414486,0.0,0.0,0.0,
2016-05-23,92050.71268414486,0.0,0.0,0.0,
2016-05-24,92050.71268414486,0.0,0.0,0.0,
2016-05-25,92050.71268414486,0.0,0.0,0.0,
2016-05-26,92050.71268414486,0.0,0.0,0.0,
2016-05-27,92050.71268414486,0.0,0.0,0.0,
2016-05-31,92050.71268414486,0.0,0.0,0.0,
2016-06-01,92050.71268414486,0.0,0.0,0.0,
2016-06-02,92050.71268414486,0.0,0.0,0.0,
2016-06-03,92050.71268414486,0.0,0.0,0.0,
2016-06-06,92050.71268414486,0.0,0.0,0.0,
2016-06-07,92050.71268414486,0.0,0.0,0.0,
2016-06-08,92050.71268414486,0.0,0.0,0.0,
2016-06-09,92050.71268414486,0.0,0.0,0.0,
2016-06-10,92050.71268414486,0.0,0.0,0.0,
2016-06-13,92050.71268414486,0.0,0.0,0.0,
2016-06-14,92050.71268414486,0.0,0.0,0.0,
2016-06-15,92050.71268414486,0.0,0.0,0.0,
2016-06-16,92050.71268414486,0.0,0.0,0.0,
2016-06-17,92050.71268414486,0.0,0.0,0.0,
2016-06-20,92050.71268414486,0.0,0.0,0.0,
2016-06-21,92050.71268414486,0.0,0.0,0.0,
2016-06-22,92050.71268414486,0.0,0.0,0.0,
2016-06-23,92050.71268414486,0.0,0.0,0.0,
2016-06-24,92050.71268414486,0.0,0.0,0.0,
2016-06-27,92050.71268414486,0.0,0.0,0.0,
2016-06-28,92050.71268414486,0.0,0.0,0.0,
2016-06-29,92050.71268414486,0.0,0.0,0.0,
2016-06-30,92050.71268414486,0.0,0.0,0.0,
2016-07-01,92050.71268414486,0.0,0.0,0.0,
2016-07-05,92050.71268414486,0.0,0.0,0.0,
2016-07-06,92050.71268414486,0.0,0.0,0.0,
2016-07-07,92050.71268414486,0.0,0.0,0.0,-0.42306505710677655
2016-07-08,92050.71268414486,0.0,0.0,0.0,0.8942555758137015
2016-07-11,92050.71268414486,0.0,0.0,0.0,1.5799497728232537
2016-07-12,92050.71268414486,0.0,0.0,0.0,1.8738332874086308
2016-07-13,92004.68732780279,-0.0004999999999999449,1.0005002501250626,-0.09122392138927665,1.6043450411640638
2016-07-14,91915.02645323114,-0.0009745250723172116,1.01185005025082,-0.09227754264357226,1.7044526512159552
2016-07-15,91871.50516100528,-0.0004734948561213592,1.008085186316992,-0.09278401660753276,1.7363532454619064
2016-07-18,91788.68307636159,-0.000901499159054242,1.0135102835192742,-0.09375911821135056,1.8192606335090606
2016-07-19,92158.28065635219,0.004026613822132319,0.998927387011842,-0.08936169453932376,1.2691148631932483
2016-07-20,91884.32820925466,-0.002972629753359546,1.0048763455698235,-0.09259878969137879,1.5657150752650966
2016-07-21,91733.91148167283,-0.001637022662224652,1.0059771887113356,-0.0943794259626005,1.6815496251681368
2016-07-22,91732.63219737001,-1.3945598548614768e-05,1.004906231506597,-0.09438377156308025,1.6154926679150177
2016-07-25,91050.54476390014,-0.0074356029815246805,1.0082240810844925,-0.10257114721788435,2.328122949256304
2016-07-26,90910.4406858651,-0.0015387505741819574,1.0175279148839291,-0.10425930706674741,2.3342625012661675
2016-07-27,90917.62867664656,7.906672464930153e-05,1.016991671914046,-0.10416087584132115,2.195758003267584
2016-07-28,90792.81270777097,-0.0013728467261229227,1.020852295478967,-0.10566766553100876,2.190892448133207
2016-07-29,90529.45616620092,-0.0029006320403102137,1.0362732722217807,-0.1088729220641163,2.304381223326558
2016-08-01,90583.56259651096,0.0005976665783864465,1.0236622246072051,-0.1081992278461147,2.1618194682372223
2016-08-02,90582.25293368463,-1.445806268585148e-05,1.0225783348029007,-0.10820402154507629,2.05674011201777
2016-08-03,91112.39297025131,0.00585258170775238,1.0181005120051387,-0.10174475228232457,1.5122607542336401
2016-08-04,90913.14575041656,-0.0021868289629909388,1.0236099423066254,-0.10414822602639953,1.6183775416248505
2016-08-05,90506.65998893612,-0.004471143948712952,1.0319520509037166,-0.1090959656647566,1.8744529205271203
2016-08-08,90598.58917909894,0.0010157174087968013,1.037956424998796,-0.10795927222292268,1.7093816469434873
2016-08-09,90574.08920448468,-0.0002704233568783243,1.0440049434471723,-0.10824760004789816,1.6488229146724207
2016-08-10,90631.40515801398,0.0006328073959418479,1.0445363265717593,-0.1075353124341027,1.5391341721198921
2016-08-11,90963.80793220835,0.003667633461214015,1.0476581943572658,-0.10347673495517694,1.236341465809168
2016-08-12,91408.57946168719,0.004889543870132407,1.0344081546275634,-0.09809612578514984,0.8742342658992274
2016-08-15,91228.83699305846,-0.0019663632198120284,0.0,0.0,0.9428278554871548
2016-08-16,91228.83699305846,0.0,0.0,0.0,0.8574800743732378
2016-08-17,91228.83699305846,0.0,0.0,0.0,0.8649050666747469
2016-08-18,91228.83699305846,0.0,0.0,0.0,0.6371578689776343
2016-08-19,91228.83699305846,0.0,0.0,0.0,0.47783166729966325
2016-08-22,91228.83699305846,0.0,0.0,0.0,0.5916419192088325
2016-08-23,91228.83699305846,0.0,0.0,0.0,0.6191932487250403
2016-08-24,91228.83699305846,0.0,0.0,0.0,0.8532830646571175
2016-08-25,91228.83699305846,0.0,0.0,0.0,0.8544257996189399
2016-08-26,91228.83699305846,0.0,0.0,0.0,0.4151325153765215
2016-08-29,91228.83699305846,0.0,0.0,0.0,0.29218218907036164
2016-08-30,91228.83699305846,0.0,0.0,0.0,0.07537202915489175
2016-08-31,91228.83699305846,0.0,0.0,0.0,-0.16353090512407983
2016-09-01,91228.83699305846,0.0,0.0,0.0,-0.22261947414208583
2016-09-02,91228.83699305846,0.0,0.0,0.0,-0.7681393372475923
2016-09-06,91228.83699305846,0.0,0.0,0.0,-0.46860275025240106
2016-09-07,91228.83699305846,0.0,0.0,0.0,-0.48371023677446146
2016-09-08,91228.83699305846,0.0,0.0,0.0,-1.0071480692368706
2016-09-09,91228.83699305846,0.0,0.0,0.0,-1.547389445852517
2016-09-12,91228.83699305846,0.0,0.0,0.0,-1.2204579362848524
2016-09-13,91228.83699305846,0.0,0.0,0.0,-1.8039053003112864
2016-09-14,91228.83699305846,0.0,0.0,0.0,-1.3255092624216303
2016-09-15,91228.83699305846,0.0,0.0,0.0,-0.9868331949355724
2016-09-16,91228.83699305846,0.0,0.0,0.0,-0.7996515534087427
2016-09-19,91228.83699305846,0.0,0.0,0.0,-0.7751311248745232
2016-09-20,91228.83699305846,0.0,0.0,0.0,-0.5257012163269202
2016-09-21,91228.83699305846,0.0,0.0,0.0,-0.2654950506528847
2016-09-22,91228.83699305846,0.0,0.0,0.0,-0.35298862277220844
2016-09-23,91228.83699305846,0.0,0.0,0.0,0.14675892515221176
2016-09-26,91228.83699305846,0.0,0.0,0.0,0.5028556606395761
2016-09-27,91228.83699305846,0.0,0.0,0.0,1.153031556599221
2016-09-28,91228.83699305846,0.0,0.0,0.0,0.8247263594344988
2016-09-29,91228.83699305846,0.0,0.0,0.0,0.24835802852579247
2016-09-30,91228.83699305846,0.0,0.0,0.0,0.5480371592784946
2016-10-03,91228.83699305846,0.0,0.0,0.0,0.7421416189218689
2016-10-04,91228.83699305846,0.0,0.0,0.0,1.0591816059851187
2016-10-05,91228.83699305846,0.0,0.0,0.0,0.9421933289160728
2016-10-06,91228.83699305846,0.0,0.0,0.0,1.131208124084563
2016-10-07,91228.83699305846,0.0,0.0,0.0,1.2662716701014043
2016-10-10,91228.83699305846,0.0,0.0,0.0,1.1538962889889357
2016-10-11,91228.83699305846,0.0,0.0,0.0,0.3920555739474233
2016-10-12,91228.83699305846,0.0,0.0,0.0,0.6708880518404898
2016-10-13,91228.83699305846,0.0,0.0,0.0,0.30199186434953146
2016-10-14,91228.83699305846,0.0,0.0,0.0,0.31946564767142793
2016-10-17,91228.83699305846,0.0,0.0,0.0,0.03174682791121792
2016-10-18,91228.83699305846,0.0,0.0,0.0,0.3009795645966185
2016-10-19,91228.83699305846,0.0,0.0,0.0,0.4276581276587093
2016-10-20,91228.83699305846,0.0,0.0,0.0,0.1978201400770032
2016-10-21,91228.83699305846,0.0,0.0,0.0,-0.04929845496658137
2016-10-24,91228.83699305846,0.0,0.0,0.0,0.08133796337735696
2016-10-25,91228.83699305846,0.0,0.0,0.0,0.6304523199308965
2016-10-26,91228.83699305846,0.0,0.0,0.0,0.09386877518029313
2016-10-27,91228.83699305846,0.0,0.0,0.0,-1.0264401657797733
2016-10-28,91228.83699305846,0.0,0.0,0.0,-1.1751836927301653
2016-10-31,91228.83699305846,0.0,0.0,0.0,-0.5646788167809756
2016-11-01,91228.83699305846,0.0,0.0,0.0,-0.8514229589447881
2016-11-02,91228.83699305846,0.0,0.0,0.0,-0.8999369486791329
2016-11-03,91228.83699305846,0.0,0.0,0.0,-0.5898600450547551
2016-11-04,91228.83699305846,0.0,0.0,0.0,-0.7781941777829363
2016-11-07,91228.83699305846,0.0,0.0,0.0,0.38822645586007515
2016-11-08,91228.83699305846,0.0,0.0,0.0,0.6669531872381901
2016-11-09,91228.83699305846,0.0,0.0,0.0,0.11657487646890494
2016-11-10,91228.83699305846,0.0,0.0,0.0,0.30762554359987077
2016-11-11,91228.83699305846,0.0,0.0,0.0,1.0569280627282327
2016-11-14,91228.83699305846,0.0,0.0,0.0,1.1165677387001565
2016-11-15,91228.83699305846,0.0,0.0,0.0,0.36881880414466733
2016-11-16,91228.83699305846,0.0,0.0,0.0,-0.754741460282932
2016-11-17,91228.83699305846,0.0,0.0,0.0,-0.8159834960889325
2016-11-18,91228.83699305846,0.0,0.0,0.0,-1.3843530222448175
2016-11-21,91228.83699305846,0.0,0.0,0.0,-1.8246359415498477
2016-11-22,91228.83699305846,0.0,0.0,0.0,-1.1504364720270086
2016-11-23,91228.83699305846,0.0,0.0,0.0,-0.5208211146005537
2016-11-25,91228.83699305846,0.0,0.0,0.0,0.19778878738337397
2016-11-28,91228.83699305846,0.0,0.0,0.0,-0.08432298756526554
2016-11-29,91228.83699305846,0.0,0.0,0.0,0.07745295750091814
2016-11-30,91228.83699305846,0.0,0.0,0.0,-1.293970490862138
2016-12-01,91228.83699305846,0.0,0.0,0.0,-0.8513041645877918
2016-12-02,91228.83699305846,0.0,0.0,0.0,-1.079041685634645
2016-12-05,91228.83699305846,0.0,0.0,0.0,-1.1860026212638204
2016-12-06,91228.83699305846,0.0,0.0,0.0,-1.224007785812378
2016-12-07,91228.83699305846,0.0,0.0,0.0,-0.9049352222873117
2016-12-08,91228.83699305846,0.0,0.0,0.0,-1.1639442460252296
2016-12-09,91228.83699305846,0.0,0.0,0.0,-1.1579346000531137
2016-12-12,91228.83699305846,0.0,0.0,0.0,-1.1002998475010275
2016-12-13,91228.83699305846,0.0,0.0,0.0,-1.0532733229074358
2016-12-14,91228.83699305846,0.0,0.0,0.0,-1.0649382798942744
2016-12-15,91228.83699305846,0.0,0.0,0.0,-1.3589393683310207
2016-12-16,91228.83699305846,0.0,0.0,0.0,-2.0555639729423083
2016-12-19,91183.22257456194,-0.0004999999999999449,1.0005002501250626,0.09122392138927665,-1.7891864132562059
2016-12-20,91447.78224596643,0.0029014073415551955,1.0053084357953086,0.09386201738300289,-1.392837641992659
2016-12-21,91448.97009418171,1.2989360552051465e-05,1.004728849430097,0.09388282939280128,-1.337801787762836
2016-12-22,91640.45845775146,0.0020939367974570633,1.0016173942266355,0.0957852341346842,-1.0594668795240638
2016-12-23,91442.35528240138,-0.0021617436084894193,0.0,0.0,-1.2094455980870402
2016-12-27,91442.35528240138,0.0,0.0,0.0,-0.8952953507941639
2016-12-28,91442.35528240138,0.0,0.0,0.0,-0.5103097538150689
2016-12-29,91442.35528240138,0.0,0.0,0.0,-0.27353443736674277
2016-12-30,91442.35528240138,0.0,0.0,0.0,-0.7188751074618097
2017-01-03,91442.35528240138,0.0,0.0,0.0,0.2368833618715294
2017-01-04,91442.35528240138,0.0,0.0,0.0,0.1789750841512342
2017-01-05,91442.35528240138,0.0,0.0,0.0,0.5302639512282722
2017-01-06,91442.35528240138,0.0,0.0,0.0,0.2731497025024666
2017-01-09,91442.35528240138,0.0,0.0,0.0,1.6306461979804345
2017-01-10,91396.63410476017,-0.0004999999999999449,1.0005002501250626,-0.08869343796205097,1.6440464538138457
2017-01-11,91268.91837815964,-0.001397378884370637,1.011825507284361,-0.09020606340172387,1.7995718314087952
2017-01-12,91072.29493099067,-0.0021543308572398168,1.016500044868517,-0.09254884223270367,2.0779002661228945
2017-01-13,91485.06798227565,0.004532366858634118,1.0118194272872614,-0.08760839949852625,1.4252276179274923
2017-01-17,91648.1528476977,0.0017826391674502506,1.009248834305381,-0.08566214860770896,1.1340698796179727
2017-01-18,91368.35566391105,-0.0030529495149959063,1.0000415051888027,-0.08897587476428075,1.4866842515848224
2017-01-19,91015.91007897687,-0.0038574141164432474,1.0046937965939722,-0.09318192641522662,1.9070307199932917
2017-01-20,91342.15742541784,0.0035845089738473224,1.0046878844543135,-0.0892665490709339,1.3776697038740238
2017-01-23,91466.39626791714,0.001360147887909724,1.00161323619927,-0.08777615990196984,1.1573851331415081
2017-01-24,91837.89435214948,0.0040615799833654265,1.0097945973254594,-0.08336517814525483,0.6286320399618681
2017-01-25,91999.97467102218,0.0017648522978022108,0.0,0.0,0.3332922324195236
2017-01-26,91999.97467102218,0.0,0.0,0.0,0.10689345797819838
2017-01-27,91999.97467102218,0.0,0.0,0.0,0.7687216696560234
2017-01-30,91999.97467102218,0.0,0.0,0.0,0.7465709919232536
2017-01-31,91999.97467102218,0.0,0.0,0.0,0.4191391993833187
2017-02-01,91999.97467102218,0.0,0.0,0.0,0.9927631807226748
2017-02-02,91999.97467102218,0.0,0.0,0.0,1.594971505178249
2017-02-03,91999.97467102218,0.0,0.0,0.0,1.414628895805589
2017-02-06,91999.97467102218,0.0,0.0,0.0,1.125025936649557
2017-02-07,91999.97467102218,0.0,0.0,0.0,1.0945784135232164
2017-02-08,91999.97467102218,0.0,0.0,0.0,1.1939210950460566
2017-02-09,91999.97467102218,0.0,0.0,0.0,1.1103688722451892
2017-02-10,91999.97467102218,0.0,0.0,0.0,1.3591140437936364
2017-02-13,91999.97467102218,0.0,0.0,0.0,1.4595337405719078
2017-02-14,91999.97467102218,0.0,0.0,0.0,1.2966118083272424
2017-02-15,91999.97467102218,0.0,0.0,0.0,1.9931640798041586
2017-02-16,91953.97468368667,-0.000500000000000056,1.0005002501250626,-0.08869343796205094,1.8758632776105615
2017-02-17,91952.5484196329,-1.551062973259576e-05,0.9985553801385006,-0.08869951888424117,1.7869833828983224
2017-02-21,91824.55275800757,-0.00139197514180045,1.00297014261248,-0.09020627265629481,1.843935421961639
2017-02-22,91507.78351708731,-0.0034497226657347335,1.004956219935022,-0.09396931840549703,2.09636560121715
2017-02-23,91386.32580291027,-0.00132729380506047,1.0049737235665708,-0.09541235039308964,2.104978918646997
2017-02-24,91464.92170589347,0.0008600400803147057,0.9907276126281759,-0.09446015426560214,1.9149652937118395
2017-02-27,91433.60969376817,-0.00034233902507441183,0.9897517461818828,-0.09482418955962825,1.8472483698693412
2017-02-28,90957.0569564613,-0.00521200835122837,0.984272674769164,-0.10054950307871241,2.230431330278486
2017-03-01,90680.28000333172,-0.003042940948079109,0.9966285541187142,-0.10389783688428328,2.3377129379870536
2017-03-02,90940.03182509501,0.0028644797055517035,0.9842913812890158,-0.1007338890772628,1.9708402484791738
2017-03-03,91112.577291058,0.0018973543608917787,0.9858115005432927,-0.09863861816445739,1.7105763746942546
2017-03-06,91306.68249214915,0.002130388656124582,0.9828985376375651,-0.0962923309850131,1.4596822175414639
2017-03-07,91028.12895267275,-0.0030507464719282673,0.987301537701511,-0.09963633640007248,1.6547370144345224
2017-03-08,90867.37741943936,-0.0017659544921214687,0.9798690694516492,-0.10157087732544519,1.764397809548136
2017-03-09,90866.40254233817,-1.072857090056445e-05,0.9798795821592204,-0.10157196704749517,1.7111902647512236
2017-03-10,90483.53679351835,-0.004213501779620099,0.9892448702733992,-0.10622230802500991,1.9905617199898822
2017-03-13,90520.98154978394,0.00041382949420998294,0.9927363703587482,-0.10575384673994932,1.8747851118137406
2017-03-14,90345.16541342615,-0.0019422694423734121,0.9852694543940174,-0.10789477919453623,1.9722389755738468
2017-03-15,89613.85893326065,-0.008094583443607473,1.019271278619099,-0.11692497673570297,2.4690490869741653
2017-03-16,90092.50905952977,0.005341251140915437,1.0092006436036625,-0.11097968344571707,1.9518393668912792
2017-03-17,89760.65166417586,-0.003683518183899448,1.0112492535500572,-0.11507597316924545,2.1398269111832757
2017-03-20,89519.17308707212,-0.0026902498213492443,1.0132992240003929,-0.11807269417362531,2.221391771459673
2017-03-21,89763.1896138959,0.0027258576951603164,0.9977495543446896,-0.11502207873227965,1.9503637658258475
2017-03-22,90272.84608905908,0.0056777892737034374,0.9917976474753991,-0.1087159836118231,1.4448187879872723
2017-03-23,90602.2490279787,0.003648970351445957,0.9878693827423475,-0.10467414262342208,1.1170065793540385
2017-03-24,90203.90236605187,-0.004396653131687911,0.9953015283325427,-0.10954157333109622,1.4062956558556472
2017-03-27,90338.43695164869,0.0014914497274283178,0.9953194698530109,-0.10787826784543825,1.2426732199936785
2017-03-28,89934.41038525113,-0.004472366138167816,1.0113047273439624,-0.11284437090492304,1.5076257018439965
2017-03-29,89665.24491194717,-0.0029929086336468735,1.024384657669562,-0.11617382490934476,1.6381002508398204
2017-03-30,89355.84220400579,-0.00345064253429761,1.0259901507040603,-0.12002732376800283,1.8013688318820877
2017-03-31,89736.93209274675,0.004264856995817912,1.0173749657472284,-0.11525953212927185,1.4354008253307735
2017-04-03,89742.69120818963,6.417776169276301e-05,1.0138785406177988,-0.11517672612974514,1.3787553439250388
2017-04-04,90027.12509025566,0.0031694378476592178,1.0108498032961333,-0.11164224418286851,1.1091527622577297
2017-04-05,89927.92123215181,-0.0011019329785816323,1.009373100210629,-0.1128574026214715,1.1477704179041608
2017-04-06,90205.16671457308,0.003082974438000763,1.0078603903113168,-0.10942593757595441,0.8902519623282563
2017-04-07,90391.17845665722,0.002062096317306583,1.0023849106315545,-0.10713184089431263,0.7168619707371413
2017-04-10,90511.15028428443,0.0013272515047997313,0.0,0.0,0.5497083140399243
2017-04-11,90511.15028428443,0.0,0.0,0.0,0.8399442875256579
2017-04-12,90511.15028428443,0.0,0.0,0.0,0.7287333320178074
2017-04-13,90511.15028428443,0.0,0.0,0.0,1.0572466100267057
2017-04-17,90511.15028428443,0.0,0.0,0.0,0.8217655284556274
2017-04-18,90511.15028428443,0.0,0.0,0.0,0.5204586592461953
2017-04-19,90511.15028428443,0.0,0.0,0.0,0.48336501027955564
2017-04-20,90511.15028428443,0.0,0.0,0.0,0.7080116549678955
2017-04-21,90511.15028428443,0.0,0.0,0.0,0.929740474268627
2017-04-24,90511.15028428443,0.0,0.0,0.0,1.0554960967587586
2017-04-25,90511.15028428443,0.0,0.0,0.0,1.1888584477977542
2017-04-26,90511.15028428443,0.0,0.0,0.0,1.1561079941750205
2017-04-27,90511.15028428443,0.0,0.0,0.0,1.582365697936758
2017-04-28,90511.15028428443,0.0,0.0,0.0,1.6205993551664928
2017-05-01,90465.89470914229,-0.000500000000000056,1.0005002501250626,-0.08869343796205094,2.183984713418807
2017-05-02,90508.35795857526,0.0004693840653375858,0.9995508873077916,-0.08817186193677184,2.072842359778201
2017-05-03,91451.96203890034,0.010425601586507183,0.975812935590345,-0.07693339255054416,0.9243083070502301
2017-05-04,91295.22180911734,-0.0017139077859951168,0.9681676302515319,-0.07877186413581348,1.087051936698422
2017-05-05,91832.07176266832,0.005880372958328994,0.9730950369801983,-0.07245504220211682,0.36308227809916455
2017-05-08,92137.86737552314,0.003329943526104051,0.0,0.0,-0.17229510116101876
2017-05-09,92137.86737552314,0.0,0.0,0.0,-0.6772668939177076
2017-05-10,92137.86737552314,0.0,0.0,0.0,-0.6454579357556343
2017-05-11,92137.86737552314,0.0,0.0,0.0,-0.2548424882263156
2017-05-12,92137.86737552314,0.0,0.0,0.0,-0.566488869248505
2017-05-15,92137.86737552314,0.0,0.0,0.0,-0.739557134836269
2017-05-16,92137.86737552314,0.0,0.0,0.0,-0.25672457070138177
2017-05-17,92137.86737552314,0.0,0.0,0.0,-0.9905300178088094
2017-05-18,92137.86737552314,0.0,0.0,0.0,-0.8385074766654459
2017-05-19,92137.86737552314,0.0,0.0,0.0,-1.4186038162732477
2017-05-22,92137.86737552314,0.0,0.0,0.0,-1.2451945559058264
2017-05-23,92137.86737552314,0.0,0.0,0.0,-1.1586126795133023
2017-05-24,92137.86737552314,0.0,0.0,0.0,-1.105402517942559
2017-05-25,92137.86737552314,0.0,0.0,0.0,-1.1243031194479423
2017-05-26,92137.86737552314,0.0,0.0,0.0,-1.871771149878657
2017-05-30,92091.79844183539,-0.0004999999999999449,1.0005002501250624,0.08869343796205094,-1.9864949111526151
2017-05-31,92135.7480054057,0.0004772364566001386,0.9960023442878037,0.08913718060892746,-1.8198293973384085
2017-06-01,91738.4428216045,-0.004312171902895678,1.0026092274577534,0.08520140850408128,-2.329796325007527
2017-06-02,92381.63078317713,0.0070111061599702484,1.0022544075504716,0.09157954204076738,-1.226589371510094
2017-06-05,92388.09754424647,7.000050783378953e-05,1.0026089509995766,0.0916521613236367,-1.1695300448845067
2017-06-06,91605.40006321343,-0.008471843255114075,1.0075217779439607,0.08390014420908232,-2.2653801669122853
2017-06-07,92099.63225337691,0.005395229864423312,0.9967397451265401,0.08882530405339328,-1.4383837872640495
2017-06-08,92139.76271925929,0.000435728839524252,1.0009100814454714,0.08923115939109573,-1.3277437249112132
2017-06-09,91757.05348754587,-0.004153573011464129,1.0082327061633465,0.08544151839825963,-1.815051183842467
2017-06-12,91597.89612690061,-0.0017345517820802625,1.0106969705732027,0.08386158354985566,-1.9302950294237884
2017-06-13,92418.88775613003,0.008962996574637616,1.0164864098633455,0.09200909769254559,-0.7719983661732863
2017-06-14,93433.53357314982,0.010978771132770904,1.0050354685727463,0.1018785390635036,0.6132911601479073
2017-06-15,93150.27316356233,-0.0030316782289488975,0.0,0.0,0.31201181981772236
2017-06-16,93150.27316356233,0.0,0.0,0.0,0.14314336008528866
2017-06-19,93150.27316356233,0.0,0.0,0.0,0.23352445779505904
2017-06-20,93150.27316356233,0.0,0.0,0.0,-0.3563622561438895
2017-06-21,93150.27316356233,0.0,0.0,0.0,-0.7651045685789792
2017-06-22,93150.27316356233,0.0,0.0,0.0,-1.1945092305047285
2017-06-23,93150.27316356233,0.0,0.0,0.0,-0.8908074718243253
2017-06-26,93150.27316356233,0.0,0.0,0.0,-0.9546345490838319
2017-06-27,93150.27316356233,0.0,0.0,0.0,-1.3806780700805952
2017-06-28,93150.27316356233,0.0,0.0,0.0,-0.8403334717807766
2017-06-29,93150.27316356233,0.0,0.0,0.0,-0.3195337909638126
2017-06-30,93150.27316356233,0.0,0.0,0.0,-0.6079477607040514
2017-07-03,93150.27316356233,0.0,0.0,0.0,-1.2608994917855298
2017-07-05,93150.27316356233,0.0,0.0,0.0,-0.551538609735615
2017-07-06,93150.27316356233,0.0,0.0,0.0,-0.9177560291685121
2017-07-07,93150.27316356233,0.0,0.0,0.0,
2017-07-10,93150.27316356233,0.0,0.0,0.0,
2017-07-11,93150.27316356233,0.0,0.0,0.0,
2017-07-12,93150.27316356233,0.0,0.0,0.0,
2017-07-13,93150.27316356233,0.0,0.0,0.0,
2017-07-14,93150.27316356233,0.0,0.0,0.0,
2017-07-17,93150.27316356233,0.0,0.0,0.0,
2017-07-18,93150.27316356233,0.0,0.0,0.0,
2017-07-19,93150.27316356233,0.0,0.0,0.0,
2017-07-20,93150.27316356233,0.0,0.0,0.0,
2017-07-21,93150.27316356233,0.0,0.0,0.0,
2017-07-24,93150.27316356233,0.0,0.0,0.0,
2017-07-25,93150.27316356233,0.0,0.0,0.0,
2017-07-26,93150.27316356233,0.0,0.0,0.0,
2017-07-27,93150.27316356233,0.0,0.0,0.0,
2017-07-28,93150.27316356233,0.0,0.0,0.0,
2017-07-31,93150.27316356233,0.0,0.0,0.0,
2017-08-01,93150.27316356233,0.0,0.0,0.0,
2017-08-02,93150.27316356233,0.0,0.0,0.0,
2017-08-03,93150.27316356233,0.0,0.0,0.0,
2017-08-04,93150.27316356233,0.0,0.0,0.0,
2017-08-07,93150.27316356233,0.0,0.0,0.0,
2017-08-08,93150.27316356233,0.0,0.0,0.0,
2017-08-09,93150.27316356233,0.0,0.0,0.0,
2017-08-10,93150.27316356233,0.0,0.0,0.0,
2017-08-11,93150.27316356233,0.0,0.0,0.0,
2017-08-14,93150.27316356233,0.0,0.0,0.0,
2017-08-15,93150.27316356233,0.0,0.0,0.0,
2017-08-16,93150.27316356233,0.0,0.0,0.0,
2017-08-17,93150.27316356233,0.0,0.0,0.0,
2017-08-18,93150.27316356233,0.0,0.0,0.0,
2017-08-21,93150.27316356233,0.0,0.0,0.0,
2017-08-22,93150.27316356233,0.0,0.0,0.0,
2017-08-23,93150.27316356233,0.0,0.0,0.0,
2017-08-24,93150.27316356233,0.0,0.0,0.0,
2017-08-25,93150.27316356233,0.0,0.0,0.0,
2017-08-28,93150.27316356233,0.0,0.0,0.0,
2017-08-29,93150.27316356233,0.0,0.0,0.0,
2017-08-30,93150.27316356233,0.0,0.0,0.0,
2017-08-31,93150.27316356233,0.0,0.0,0.0,
2017-09-01,93150.27316356233,0.0,0.0,0.0,
2017-09-05,93150.27316356233,0.0,0.0,0.0,
2017-09-06,93150.27316356233,0.0,0.0,0.0,
2017-09-07,93150.27316356233,0.0,0.0,0.0,
2017-09-08,93150.27316356233,0.0,0.0,0.0,
2017-09-11,93150.27316356233,0.0,0.0,0.0,
2017-09-12,93150.27316356233,0.0,0.0,0.0,
2017-09-13,93150.27316356233,0.0,0.0,0.0,
2017-09-14,93150.27316356233,0.0,0.0,0.0,
2017-09-15,93150.27316356233,0.0,0.0,0.0,
2017-09-18,93150.27316356233,0.0,0.0,0.0,
2017-09-19,93150.27316356233,0.0,0.0,0.0,
2017-09-20,93150.27316356233,0.0,0.0,0.0,
2017-09-21,93150.27316356233,0.0,0.0,0.0,
2017-09-22,93150.27316356233,0.0,0.0,0.0,
2017-09-25,93150.27316356233,0.0,0.0,0.0,
2017-09-26,93150.27316356233,0.0,0.0,0.0,
2017-09-27,93150.27316356233,0.0,0.0,0.0,
2017-09-28,93150.27316356233,0.0,0.0,0.0,
2017-09-29,93150.27316356233,0.0,0.0,0.0,
2017-10-02,93150.27316356233,0.0,0.0,0.0,
2017-10-03,93150.27316356233,0.0,0.0,0.0,
2017-10-04,93150.27316356233,0.0,0.0,0.0,
2017-10-05,93150.27316356233,0.0,0.0,0.0,
2017-10-06,93150.27316356233,0.0,0.0,0.0,
2017-10-09,93150.27316356233,0.0,0.0,0.0,
2017-10-10,93150.27316356233,0.0,0.0,0.0,
2017-10-11,93150.27316356233,0.0,0.0,0.0,
2017-10-12,93150.27316356233,0.0,0.0,0.0,
2017-10-13,93150.27316356233,0.0,0.0,0.0,
2017-10-16,93150.27316356233,0.0,0.0,0.0,
2017-10-17,93150.27316356233,0.0,0.0,0.0,
2017-10-18,93150.27316356233,0.0,0.0,0.0,
2017-10-19,93150.27316356233,0.0,0.0,0.0,
2017-10-20,93150.27316356233,0.0,0.0,0.0,
2017-10-23,93150.27316356233,0.0,0.0,0.0,
2017-10-24,93150.27316356233,0.0,0.0,0.0,
2017-10-25,93150.27316356233,0.0,0.0,0.0,
2017-10-26,93150.27316356233,0.0,0.0,0.0,
2017-10-27,93150.27316356233,0.0,0.0,0.0,
2017-10-30,93150.27316356233,0.0,0.0,0.0,
2017-10-31,93150.27316356233,0.0,0.0,0.0,
2017-11-01,93150.27316356233,0.0,0.0,0.0,
2017-11-02,93150.27316356233,0.0,0.0,0.0,
2017-11-03,93150.27316356233,0.0,0.0,0.0,
2017-11-06,93150.27316356233,0.0,0.0,0.0,
2017-11-07,93150.27316356233,0.0,0.0,0.0,
2017-11-08,93150.27316356233,0.0,0.0,0.0,
2017-11-09,93150.27316356233,0.0,0.0,0.0,
2017-11-10,93150.27316356233,0.0,0.0,0.0,
2017-11-13,93150.27316356233,0.0,0.0,0.0,
2017-11-14,93150.27316356233,0.0,0.0,0.0,
2017-11-15,93150.27316356233,0.0,0.0,0.0,
2017-11-16,93150.27316356233,0.0,0.0,0.0,
2017-11-17,93150.27316356233,0.0,0.0,0.0,
2017-11-20,93150.27316356233,0.0,0.0,0.0,
2017-11-21,93150.27316356233,0.0,0.0,0.0,
2017-11-22,93150.27316356233,0.0,0.0,0.0,
2017-11-24,93150.27316356233,0.0,0.0,0.0,
2017-11-27,93150.27316356233,0.0,0.0,0.0,
2017-11-28,93150.27316356233,0.0,0.0,0.0,
2017-11-29,93150.27316356233,0.0,0.0,0.0,
2017-11-30,93150.27316356233,0.0,0.0,0.0,
2017-12-01,93150.27316356233,0.0,0.0,0.0,
2017-12-04,93150.27316356233,0.0,0.0,0.0,
2017-12-05,93150.27316356233,0.0,0.0,0.0,
2017-12-06,93150.27316356233,0.0,0.0,0.0,
2017-12-07,93150.27316356233,0.0,0.0,0.0,
2017-12-08,93150.27316356233,0.0,0.0,0.0,
2017-12-11,93150.27316356233,0.0,0.0,0.0,
2017-12-12,93150.27316356233,0.0,0.0,0.0,
2017-12-13,93150.27316356233,0.0,0.0,0.0,
2017-12-14,93150.27316356233,0.0,0.0,0.0,
2017-12-15,93150.27316356233,0.0,0.0,0.0,
2017-12-18,93150.27316356233,0.0,0.0,0.0,
2017-12-19,93150.27316356233,0.0,0.0,0.0,
2017-12-20,93150.27316356233,0.0,0.0,0.0,
2017-12-21,93150.27316356233,0.0,0.0,0.0,
2017-12-22,93150.27316356233,0.0,0.0,0.0,
2017-12-26,93150.27316356233,0.0,0.0,0.0,
2017-12-27,93150.27316356233,0.0,0.0,0.0,
2017-12-28,93150.27316356233,0.0,0.0,0.0,
2017-12-29,93150.27316356233,0.0,0.0,0.0,
2018-01-02,93150.27316356233,0.0,0.0,0.0,
2018-01-03,93150.27316356233,0.0,0.0,0.0,
2018-01-04,93150.27316356233,0.0,0.0,0.0,
2018-01-05,93150.27316356233,0.0,0.0,0.0,
2018-01-08,93150.27316356233,0.0,0.0,0.0,
2018-01-09,93150.27316356233,0.0,0.0,0.0,
2018-01-10,93150.27316356233,0.0,0.0,0.0,
2018-01-11,93150.27316356233,0.0,0.0,0.0,
2018-01-12,93150.27316356233,0.0,0.0,0.0,
2018-01-16,93150.27316356233,0.0,0.0,0.0,
2018-01-17,93150.27316356233,0.0,0.0,0.0,
2018-01-18,93150.27316356233,0.0,0.0,0.0,
2018-01-19,93150.27316356233,0.0,0.0,0.0,
2018-01-22,93150.27316356233,0.0,0.0,0.0,
2018-01-23,93150.27316356233,0.0,0.0,0.0,
2018-01-24,93150.27316356233,0.0,0.0,0.0,
2018-01-25,93150.27316356233,0.0,0.0,0.0,
2018-01-26,93150.27316356233,0.0,0.0,0.0,
2018-01-29,93150.27316356233,0.0,0.0,0.0,
2018-01-30,93150.27316356233,0.0,0.0,0.0,
2018-01-31,93150.27316356233,0.0,0.0,0.0,
2018-02-01,93150.27316356233,0.0,0.0,0.0,
2018-02-02,93150.27316356233,0.0,0.0,0.0,
2018-02-05,93150.27316356233,0.0,0.0,0.0,
2018-02-06,93150.27316356233,0.0,0.0,0.0,
2018-02-07,93150.27316356233,0.0,0.0,0.0,
2018-02-08,93150.27316356233,0.0,0.0,0.0,
2018-02-09,93150.27316356233,0.0,0.0,0.0,
2018-02-12,93150.27316356233,0.0,0.0,0.0,
2018-02-13,93150.27316356233,0.0,0.0,0.0,
2018-02-14,93150.27316356233,0.0,0.0,0.0,
2018-02-15,93150.27316356233,0.0,0.0,0.0,
2018-02-16,93150.27316356233,0.0,0.0,0.0,
2018-02-20,93150.27316356233,0.0,0.0,0.0,
2018-02-21,93150.27316356233,0.0,0.0,0.0,
2018-02-22,93150.27316356233,0.0,0.0,0.0,
2018-02-23,93150.27316356233,0.0,0.0,0.0,
2018-02-26,93150.27316356233,0.0,0.0,0.0,
2018-02-27,93150.27316356233,0.0,0.0,0.0,
2018-02-28,93150.27316356233,0.0,0.0,0.0,
2018-03-01,93150.27316356233,0.0,0.0,0.0,
2018-03-02,93150.27316356233,0.0,0.0,0.0,
2018-03-05,93150.27316356233,0.0,0.0,0.0,
2018-03-06,93150.27316356233,0.0,0.0,0.0,
2018-03-07,93150.27316356233,0.0,0.0,0.0,
2018-03-08,93150.27316356233,0.0,0.0,0.0,
2018-03-09,93150.27316356233,0.0,0.0,0.0,
2018-03-12,93150.27316356233,0.0,0.0,0.0,
2018-03-13,93150.27316356233,0.0,0.0,0.0,
2018-03-14,93150.27316356233,0.0,0.0,0.0,
2018-03-15,93150.27316356233,0.0,0.0,0.0,
2018-03-16,93150.27316356233,0.0,0.0,0.0,
2018-03-19,93150.27316356233,0.0,0.0,0.0,
2018-03-20,93150.27316356233,0.0,0.0,0.0,
2018-03-21,93150.27316356233,0.0,0.0,0.0,
2018-03-22,93150.27316356233,0.0,0.0,0.0,
2018-03-23,93150.27316356233,0.0,0.0,0.0,
2018-03-26,93150.27316356233,0.0,0.0,0.0,
2018-03-27,93150.27316356233,0.0,0.0,0.0,
2018-03-28,93150.27316356233,0.0,0.0,0.0,
2018-03-29,93150.27316356233,0.0,0.0,0.0,
2018-04-02,93150.27316356233,0.0,0.0,0.0,
2018-04-03,93150.27316356233,0.0,0.0,0.0,
2018-04-04,93150.27316356233,0.0,0.0,0.0,
2018-04-05,93150.27316356233,0.0,0.0,0.0,
2018-04-06,93150.27316356233,0.0,0.0,0.0,
2018-04-09,93150.27316356233,0.0,0.0,0.0,
2018-04-10,93150.27316356233,0.0,0.0,0.0,
2018-04-11,93150.27316356233,0.0,0.0,0.0,
2018-04-12,93150.27316356233,0.0,0.0,0.0,
2018-04-13,93150.27316356233,0.0,0.0,0.0,
2018-04-16,93150.27316356233,0.0,0.0,0.0,
2018-04-17,93150.27316356233,0.0,0.0,0.0,
2018-04-18,93150.27316356233,0.0,0.0,0.0,
2018-04-19,93150.27316356233,0.0,0.0,0.0,
2018-04-20,93150.27316356233,0.0,0.0,0.0,
2018-04-23,93150.27316356233,0.0,0.0,0.0,
2018-04-24,93150.27316356233,0.0,0.0,0.0,
2018-04-25,93150.27316356233,0.0,0.0,0.0,
2018-04-26,93150.27316356233,0.0,0.0,0.0,
2018-04-27,93150.27316356233,0.0,0.0,0.0,
2018-04-30,93150.27316356233,0.0,0.0,0.0,
2018-05-01,93150.27316356233,0.0,0.0,0.0,
2018-05-02,93150.27316356233,0.0,0.0,0.0,
2018-05-03,93150.27316356233,0.0,0.0,0.0,
2018-05-04,93150.27316356233,0.0,0.0,0.0,
2018-05-07,93150.27316356233,0.0,0.0,0.0,
2018-05-08,93150.27316356233,0.0,0.0,0.0,
2018-05-09,93150.27316356233,0.0,0.0,0.0,
2018-05-10,93150.27316356233,0.0,0.0,0.0,
2018-05-11,93150.27316356233,0.0,0.0,0.0,
2018-05-14,93150.27316356233,0.0,0.0,0.0,
2018-05-15,93150.27316356233,0.0,0.0,0.0,
2018-05-16,93150.27316356233,0.0,0.0,0.0,
2018-05-17,93150.27316356233,0.0,0.0,0.0,
2018-05-18,93150.27316356233,0.0,0.0,0.0,
2018-05-21,93150.27316356233,0.0,0.0,0.0,
2018-05-22,93150.27316356233,0.0,0.0,0.0,
2018-05-23,93150.27316356233,0.0,0.0,0.0,
2018-05-24,93150.27316356233,0.0,0.0,0.0,
2018-05-25,93150.27316356233,0.0,0.0,0.0,
2018-05-29,93150.27316356233,0.0,0.0,0.0,
2018-05-30,93150.27316356233,0.0,0.0,0.0,
2018-05-31,93150.27316356233,0.0,0.0,0.0,
2018-06-01,93150.27316356233,0.0,0.0,0.0,
2018-06-04,93150.27316356233,0.0,0.0,0.0,
2018-06-05,93150.27316356233,0.0,0.0,0.0,
2018-06-06,93150.27316356233,0.0,0.0,0.0,
2018-06-07,93150.27316356233,0.0,0.0,0.0,
2018-06-08,93150.27316356233,0.0,0.0,0.0,
2018-06-11,93150.27316356233,0.0,0.0,0.0,
2018-06-12,93150.27316356233,0.0,0.0,0.0,
2018-06-13,93150.27316356233,0.0,0.0,0.0,
2018-06-14,93150.27316356233,0.0,0.0,0.0,
2018-06-15,93150.27316356233,0.0,0.0,0.0,
2018-06-18,93150.27316356233,0.0,0.0,0.0,
2018-06-19,93150.27316356233,0.0,0.0,0.0,
2018-06-20,93150.27316356233,0.0,0.0,0.0,
2018-06-21,93150.27316356233,0.0,0.0,0.0,
2018-06-22,93150.27316356233,0.0,0.0,0.0,
2018-06-25,93150.27316356233,0.0,0.0,0.0,
2018-06-26,93150.27316356233,0.0,0.0,0.0,
2018-06-27,93150.27316356233,0.0,0.0,0.0,
2018-06-28,93150.27316356233,0.0,0.0,0.0,
2018-06-29,93150.27316356233,0.0,0.0,0.0,
2018-07-02,93150.27316356233,0.0,0.0,0.0,
2018-07-03,93150.27316356233,0.0,0.0,0.0,
2018-07-05,93150.27316356233,0.0,0.0,0.0,
2018-07-06,93150.27316356233,0.0,0.0,0.0,
2018-07-09,93150.27316356233,0.0,0.0,0.0,
2018-07-10,93150.27316356233,0.0,0.0,0.0,
2018-07-11,93150.27316356233,0.0,0.0,0.0,
2018-07-12,93150.27316356233,0.0,0.0,0.0,
2018-07-13,93150.27316356233,0.0,0.0,0.0,
2018-07-16,93150.27316356233,0.0,0.0,0.0,
2018-07-17,93150.27316356233,0.0,0.0,0.0,
2018-07-18,93150.27316356233,0.0,0.0,0.0,
2018-07-19,93150.27316356233,0.0,0.0,0.0,
2018-07-20,93150.27316356233,0.0,0.0,0.0,
2018-07-23,93150.27316356233,0.0,0.0,0.0,
2018-07-24,93150.27316356233,0.0,0.0,0.0,
2018-07-25,93150.27316356233,0.0,0.0,0.0,
2018-07-26,93150.27316356233,0.0,0.0,0.0,
2018-07-27,93150.27316356233,0.0,0.0,0.0,
2018-07-30,93150.27316356233,0.0,0.0,0.0,
2018-07-31,93150.27316356233,0.0,0.0,0.0,
2018-08-01,93150.27316356233,0.0,0.0,0.0,
2018-08-02,93150.27316356233,0.0,0.0,0.0,
2018-08-03,93150.27316356233,0.0,0.0,0.0,
2018-08-06,93150.27316356233,0.0,0.0,0.0,
2018-08-07,93150.27316356233,0.0,0.0,0.0,
2018-08-08,93150.27316356233,0.0,0.0,0.0,
2018-08-09,93150.27316356233,0.0,0.0,0.0,
2018-08-10,93150.27316356233,0.0,0.0,0.0,
2018-08-13,93150.27316356233,0.0,0.0,0.0,
2018-08-14,93150.27316356233,0.0,0.0,0.0,
2018-08-15,93150.27316356233,0.0,0.0,0.0,
2018-08-16,93150.27316356233,0.0,0.0,0.0,
2018-08-17,93150.27316356233,0.0,0.0,0.0,
2018-08-20,93150.27316356233,0.0,0.0,0.0,
2018-08-21,93150.27316356233,0.0,0.0,0.0,
2018-08-22,93150.27316356233,0.0,0.0,0.0,
2018-08-23,93150.27316356233,0.0,0.0,0.0,
2018-08-24,93150.27316356233,0.0,0.0,0.0,
2018-08-27,93150.27316356233,0.0,0.0,0.0,
2018-08-28,93150.27316356233,0.0,0.0,0.0,
2018-08-29,93150.27316356233,0.0,0.0,0.0,
2018-08-30,93150.27316356233,0.0,0.0,0.0,
2018-08-31,93150.27316356233,0.0,0.0,0.0,
2018-09-04,93150.27316356233,0.0,0.0,0.0,
2018-09-05,93150.27316356233,0.0,0.0,0.0,
2018-09-06,93150.27316356233,0.0,0.0,0.0,
2018-09-07,93150.27316356233,0.0,0.0,0.0,
2018-09-10,93150.27316356233,0.0,0.0,0.0,
2018-09-11,93150.27316356233,0.0,0.0,0.0,
2018-09-12,93150.27316356233,0.0,0.0,0.0,
2018-09-13,93150.27316356233,0.0,0.0,0.0,
2018-09-14,93150.27316356233,0.0,0.0,0.0,
2018-09-17,93150.27316356233,0.0,0.0,0.0,
2018-09-18,93150.27316356233,0.0,0.0,0.0,
2018-09-19,93150.27316356233,0.0,0.0,0.0,
2018-09-20,93150.27316356233,0.0,0.0,0.0,
2018-09-21,93150.27316356233,0.0,0.0,0.0,
2018-09-24,93150.27316356233,0.0,0.0,0.0,
2018-09-25,93150.27316356233,0.0,0.0,0.0,
2018-09-26,93150.27316356233,0.0,0.0,0.0,
2018-09-27,93150.27316356233,0.0,0.0,0.0,
2018-09-28,93150.27316356233,0.0,0.0,0.0,
2018-10-01,93150.27316356233,0.0,0.0,0.0,
2018-10-02,93150.27316356233,0.0,0.0,0.0,
2018-10-03,93150.27316356233,0.0,0.0,0.0,
2018-10-04,93150.27316356233,0.0,0.0,0.0,
2018-10-05,93150.27316356233,0.0,0.0,0.0,
2018-10-08,93150.27316356233,0.0,0.0,0.0,
2018-10-09,93150.27316356233,0.0,0.0,0.0,
2018-10-10,93150.27316356233,0.0,0.0,0.0,
2018-10-11,93150.27316356233,0.0,0.0,0.0,
2018-10-12,93150.27316356233,0.0,0.0,0.0,
2018-10-15,93150.27316356233,0.0,0.0,0.0,
2018-10-16,93150.27316356233,0.0,0.0,0.0,
2018-10-17,93150.27316356233,0.0,0.0,0.0,
2018-10-18,93150.27316356233,0.0,0.0,0.0,
2018-10-19,93150.27316356233,0.0,0.0,0.0,
2018-10-22,93150.27316356233,0.0,0.0,0.0,
2018-10-23,93150.27316356233,0.0,0.0,0.0,
2018-10-24,93150.27316356233,0.0,0.0,0.0,
2018-10-25,93150.27316356233,0.0,0.0,0.0,
2018-10-26,93150.27316356233,0.0,0.0,0.0,
2018-10-29,93150.27316356233,0.0,0.0,0.0,
2018-10-30,93150.27316356233,0.0,0.0,0.0,
2018-10-31,93150.27316356233,0.0,0.0,0.0,
2018-11-01,93150.27316356233,0.0,0.0,0.0,
2018-11-02,93150.27316356233,0.0,0.0,0.0,
2018-11-05,93150.27316356233,0.0,0.0,0.0,
2018-11-06,93150.27316356233,0.0,0.0,0.0,
2018-11-07,93150.27316356233,0.0,0.0,0.0,
2018-11-08,93150.27316356233,0.0,0.0,0.0,
2018-11-09,93150.27316356233,0.0,0.0,0.0,
2018-11-12,93150.27316356233,0.0,0.0,0.0,
2018-11-13,93150.27316356233,0.0,0.0,0.0,
2018-11-14,93150.27316356233,0.0,0.0,0.0,
2018-11-15,93150.27316356233,0.0,0.0,0.0,
2018-11-16,93150.27316356233,0.0,0.0,0.0,
2018-11-19,93150.27316356233,0.0,0.0,0.0,
2018-11-20,93150.27316356233,0.0,0.0,0.0,
2018-11-21,93150.27316356233,0.0,0.0,0.0,
2018-11-23,93150.27316356233,0.0,0.0,0.0,
2018-11-26,93150.27316356233,0.0,0.0,0.0,
2018-11-27,93150.27316356233,0.0,0.0,0.0,
2018-11-28,93150.27316356233,0.0,0.0,0.0,
2018-11-29,93150.27316356233,0.0,0.0,0.0,
2018-11-30,93150.27316356233,0.0,0.0,0.0,
2018-12-03,93150.27316356233,0.0,0.0,0.0,
2018-12-04,93150.27316356233,0.0,0.0,0.0,
2018-12-06,93150.27316356233,0.0,0.0,0.0,
2018-12-07,93150.27316356233,0.0,0.0,0.0,
2018-12-10,93150.27316356233,0.0,0.0,0.0,
2018-12-11,93150.27316356233,0.0,0.0,0.0,
2018-12-12,93150.27316356233,0.0,0.0,0.0,
2018-12-13,93150.27316356233,0.0,0.0,0.0,
2018-12-14,93150.27316356233,0.0,0.0,0.0,
2018-12-17,93150.27316356233,0.0,0.0,0.0,
2018-12-18,93150.27316356233,0.0,0.0,0.0,
2018-12-19,93150.27316356233,0.0,0.0,0.0,
2018-12-20,93150.27316356233,0.0,0.0,0.0,
2018-12-21,93150.27316356233,0.0,0.0,0.0,
2018-12-24,93150.27316356233,0.0,0.0,0.0,
2018-12-26,93150.27316356233,0.0,0.0,0.0,
2018-12-27,93150.27316356233,0.0,0.0,0.0,
2018-12-28,93150.27316356233,0.0,0.0,0.0,
2018-12-31,93150.27316356233,0.0,0.0,0.0,
2019-01-02,93150.27316356233,0.0,0.0,0.0,
2019-01-03,93150.27316356233,0.0,0.0,0.0,
2019-01-04,93150.27316356233,0.0,0.0,0.0,
2019-01-07,93150.27316356233,0.0,0.0,0.0,
2019-01-08,93150.27316356233,0.0,0.0,0.0,-0.013417991026311327
2019-01-09,93150.27316356233,0.0,0.0,0.0,0.03479367858053341
2019-01-10,93150.27316356233,0.0,0.0,0.0,0.11127658208294453
2019-01-11,93150.27316356233,0.0,0.0,0.0,0.186076334359763
2019-01-14,93150.27316356233,0.0,0.0,0.0,-0.15443926599166152
2019-01-15,93150.27316356233,0.0,0.0,0.0,-0.0140526894287252
2019-01-16,93150.27316356233,0.0,0.0,0.0,0.003953818257666933
2019-01-17,93150.27316356233,0.0,0.0,0.0,0.19590615774909567
2019-01-18,93150.27316356233,0.0,0.0,0.0,0.16044877505211438
2019-01-22,93150.27316356233,0.0,0.0,0.0,-0.7786942637136037
2019-01-23,93150.27316356233,0.0,0.0,0.0,-0.4705205233698002
2019-01-24,93150.27316356233,0.0,0.0,0.0,-0.6516378750629842
2019-01-25,93150.27316356233,0.0,0.0,0.0,-0.22969416937817855
2019-01-28,93150.27316356233,0.0,0.0,0.0,-0.40883035535091794
2019-01-29,93150.27316356233,0.0,0.0,0.0,-0.8066606892818032
2019-01-30,93150.27316356233,0.0,0.0,0.0,-0.2747404025381058
2019-01-31,93150.27316356233,0.0,0.0,0.0,-0.6502548417750296
2019-02-01,93150.27316356233,0.0,0.0,0.0,-0.8321895322387673
2019-02-04,93150.27316356233,0.0,0.0,0.0,-0.48507102866917196
2019-02-05,93150.27316356233,0.0,0.0,0.0,0.17023836254056396
2019-02-06,93150.27316356233,0.0,0.0,0.0,-0.21427955200692086
2019-02-07,93150.27316356233,0.0,0.0,0.0,0.03842066906753356
2019-02-08,93150.27316356233,0.0,0.0,0.0,0.027404815433554795
2019-02-11,93150.27316356233,0.0,0.0,0.0,0.24136581988366326
2019-02-12,93150.27316356233,0.0,0.0,0.0,0.355003830137248
2019-02-13,93150.27316356233,0.0,0.0,0.0,-0.07241884936949079
2019-02-14,93150.27316356233,0.0,0.0,0.0,-0.17049965165446243
2019-02-15,93150.27316356233,0.0,0.0,0.0,0.20464265159995138
2019-02-19,93150.27316356233,0.0,0.0,0.0,0.2717490560443758
2019-02-20,93150.27316356233,0.0,0.0,0.0,-0.3339262235835499
2019-02-21,93150.27316356233,0.0,0.0,0.0,-0.3672929236834535
2019-02-22,93150.27316356233,0.0,0.0,0.0,0.09867574028123344
2019-02-25,93150.27316356233,0.0,0.0,0.0,0.4634060584432506
2019-02-26,93150.27316356233,0.0,0.0,0.0,0.39654825206730565
2019-02-27,93150.27316356233,0.0,0.0,0.0,0.02757574057703878
2019-02-28,93150.27316356233,0.0,0.0,0.0,0.19118658539042496
2019-03-01,93150.27316356233,0.0,0.0,0.0,0.8647177429795481
2019-03-04,93150.27316356233,0.0,0.0,0.0,0.6557614154626561
2019-03-05,93150.27316356233,0.0,0.0,0.0,0.9021113019724863
2019-03-06,93150.27316356233,0.0,0.0,0.0,1.2084575284594068
2019-03-07,93150.27316356233,0.0,0.0,0.0,1.2796658941514134
2019-03-08,93150.27316356233,0.0,0.0,0.0,1.0183417261973184
2019-03-11,93150.27316356233,0.0,0.0,0.0,1.1857482228974479
2019-03-12,93150.27316356233,0.0,0.0,0.0,0.5292776033387875
2019-03-13,93150.27316356233,0.0,0.0,0.0,0.6096305001365809
2019-03-14,93150.27316356233,0.0,0.0,0.0,0.625246548717695
2019-03-15,93150.27316356233,0.0,0.0,0.0,0.8446830657389417
2019-03-18,93150.27316356233,0.0,0.0,0.0,0.7216235546335459
2019-03-19,93150.27316356233,0.0,0.0,0.0,0.5116417721944723
2019-03-20,93150.27316356233,0.0,0.0,0.0,0.5887489694891246
2019-03-21,93150.27316356233,0.0,0.0,0.0,1.057332797439251
2019-03-22,93150.27316356233,0.0,0.0,0.0,0.7169471892839885
2019-03-25,93150.27316356233,0.0,0.0,0.0,1.031551439573861
2019-03-26,93150.27316356233,0.0,0.0,0.0,0.9972538064654645
2019-03-27,93150.27316356233,0.0,0.0,0.0,0.5204884221188898
2019-03-28,93150.27316356233,0.0,0.0,0.0,0.8836218071455153
2019-03-29,93150.27316356233,0.0,0.0,0.0,1.2272954847883455
2019-04-01,93150.27316356233,0.0,0.0,0.0,1.338317490886465
2019-04-02,93150.27316356233,0.0,0.0,0.0,1.0093149205018432
2019-04-03,93150.27316356233,0.0,0.0,0.0,1.4738005628256396
2019-04-04,93103.69802698055,-0.000500000000000056,1.0005002501250626,-0.168214199173735,0.8563547966503389
2019-04-05,93445.75990811682,0.003673988127057326,0.0,0.0,0.40265485480334545
2019-04-08,93445.75990811682,0.0,0.0,0.0,0.47564078719168995
2019-04-09,93445.75990811682,0.0,0.0,0.0,0.4238939159679854
2019-04-10,93445.75990811682,0.0,0.0,0.0,0.6659852514854412
2019-04-11,93445.75990811682,0.0,0.0,0.0,0.5688517556220806
2019-04-12,93445.75990811682,0.0,0.0,0.0,0.812434039131485
2019-04-15,93445.75990811682,0.0,0.0,0.0,0.6727256193293297
2019-04-16,93445.75990811682,0.0,0.0,0.0,0.9436127708023584
2019-04-17,93445.75990811682,0.0,0.0,0.0,0.6967930448204076
2019-04-18,93445.75990811682,0.0,0.0,0.0,0.7208985937322469
2019-04-22,93445.75990811682,0.0,0.0,0.0,0.6321434617474536
2019-04-23,93445.75990811682,0.0,0.0,0.0,0.8868175098242023
2019-04-24,93445.75990811682,0.0,0.0,0.0,1.0058502595642342
2019-04-25,93445.75990811682,0.0,0.0,0.0,1.075317004978279
2019-04-26,93445.75990811682,0.0,0.0,0.0,1.037346725039652
2019-04-29,93445.75990811682,0.0,0.0,0.0,0.8526934187908992
2019-04-30,93445.75990811682,0.0,0.0,0.0,0.4317918449692783
2019-05-01,93445.75990811682,0.0,0.0,0.0,0.5106492510610657
2019-05-02,93445.75990811682,0.0,0.0,0.0,0.7036081972331537
2019-05-03,93445.75990811682,0.0,0.0,0.0,0.8554739720405906
2019-05-06,93445.75990811682,0.0,0.0,0.0,0.313882570068945
2019-05-07,93445.75990811682,0.0,0.0,0.0,0.16423789839315944
2019-05-08,93445.75990811682,0.0,0.0,0.0,0.10042092071808298
2019-05-09,93445.75990811682,0.0,0.0,0.0,0.35358131620352073
2019-05-10,93445.75990811682,0.0,0.0,0.0,1.1279167314052654
2019-05-13,93445.75990811682,0.0,0.0,0.0,0.4116095846572721
2019-05-14,93445.75990811682,0.0,0.0,0.0,-0.011233644814238762
2019-05-15,93445.75990811682,0.0,0.0,0.0,0.3183020610459644
2019-05-16,93445.75990811682,0.0,0.0,0.0,0.5226065840381412
2019-05-17,93445.75990811682,0.0,0.0,0.0,0.14435744982663903
2019-05-20,93445.75990811682,0.0,0.0,0.0,1.6011209151477301
2019-05-21,93399.03702816275,-0.000500000000000056,1.0005002501250626,-0.1682141991737351,1.7127369341394987
2019-05-22,93106.25106585606,-0.003134785663993611,0.9999820525329406,-0.1718761854504828,2.0221596560271573
2019-05-23,92901.03729755085,-0.0022040815300367056,0.99254057418379,-0.1744531503693475,2.2256840621680047
2019-05-24,92916.8564567748,0.0001702796834579523,0.9984087298225149,-0.1742416235586888,2.170077959241777
2019-05-28,93193.20469544183,0.002974145372595549,0.9909949202898584,-0.1707480153303732,1.8421166844392838
2019-05-29,93131.1817700798,-0.0006655305562752734,0.984627361414878,-0.17151616991108365,1.890247285494225
2019-05-30,92921.11204942825,-0.002255632503087579,0.986733405870836,-0.17415315826056899,2.093178964190721
2019-05-31,92793.44218943191,-0.0013739596651450858,0.9861934926868966,-0.1757570843386719,2.2018383945014017
2019-06-03,93111.25702546348,0.00342497086575122,0.9814712286874,-0.17173240769239853,1.836843883909959
2019-06-04,92844.42191423241,-0.0028657663934027466,0.9990093554862418,-0.17508849630210968,2.0895914839339045
2019-06-05,93107.17886823906,0.0028300779797991726,0.9942430827617357,-0.17176067442367998,1.80248633233951
2019-06-06,92993.78533072061,-0.001217881788459274,1.0016935704599916,-0.17317789892381125,1.9010642141678764
2019-06-07,92556.12480962016,-0.004706341607065068,1.0156065737951072,-0.17871367265330965,2.3195157682914505
2019-06-10,92623.81155506123,0.0007313048766928176,1.0156070087286568,-0.17784046376305018,2.221156249035119
2019-06-11,92053.91948021622,-0.006152759914292982,1.0280734178002697,-0.18512038520608595,2.7474174619101377
2019-06-12,92346.44593962813,0.0031777729950410727,1.0156777577425453,-0.1813542738442798,2.4314084961342948
2019-06-13,92458.18668047854,0.0012100166900137488,1.0162059330141293,-0.17991468206841096,2.2851824591296466
2019-06-14,92717.97045131862,0.002809743303076484,1.0081706563541588,-0.17659688058681813,2.0109044205498647
2019-06-17,93051.63325624674,0.0035986853821754483,1.0034349369697542,-0.17236615001400574,1.675766734500847
2019-06-18,92759.33172933834,-0.0031412831422684695,1.021410976784199,-0.17604878755150333,1.9421969191565063
2019-06-19,92696.53239125444,-0.0006770136967689799,1.0290591517444923,-0.17683364048377537,1.9916055523609786
2019-06-20,92508.87473391382,-0.0020244301755383276,1.0427683979420894,-0.1792089033488332,2.1432617905594213
2019-06-21,92585.8709546563,0.0008323117210533582,1.035658854676805,-0.17821613745700626,2.0471847616475314
2019-06-24,92264.33316742476,-0.0034728602098371697,1.044546911302587,-0.1823100927230768,2.3118259688577116
2019-06-25,92173.52489905058,-0.0009842185518146307,1.0402227513891764,-0.18346270747471743,2.3636597037997777
2019-06-26,91986.95544383419,-0.002024111103711479,1.0452540965741177,-0.18585086163440231,2.4882458763847257
2019-06-27,91621.22368415205,-0.003975908952715046,1.0537091867210144,-0.19057225517978632,2.754084304631595
2019-06-28,91940.61720344021,0.0034860211034641875,1.0507905493149112,-0.1864240119744632,2.435153800342725
2019-07-01,92137.61451929614,0.002142658183597268,1.0485031662749855,-0.1838750983526399,2.232351783136762
2019-07-02,92245.01783472984,0.001165683700343756,1.0479119527960625,-0.18248446950577998,2.1158977870482456
2019-07-03,91884.46613982857,-0.003908630551161529,1.0634906334521834,-0.18711224638594873,2.3767602505303356
2019-07-05,91802.5494713112,-0.0008915181418446272,1.0641095655599226,-0.1881591050088605,2.411026294536051
2019-07-08,92311.03004273094,0.005538850220915048,1.0479145925492297,-0.18160196540145973,1.9762333825797211
2019-07-09,92588.4023098849,0.0030047575790841385,0.0,0.0,1.691046678031087
2019-07-10,92588.4023098849,0.0,0.0,0.0,1.3828736062773266
2019-07-11,92588.4023098849,0.0,0.0,0.0,1.5274482028368408
2019-07-12,92588.4023098849,0.0,0.0,0.0,1.6220681746995693
2019-07-15,92588.4023098849,0.0,0.0,0.0,1.7018476193340908
2019-07-16,92588.4023098849,0.0,0.0,0.0,1.395121081218158
2019-07-17,92588.4023098849,0.0,0.0,0.0,1.7296757854467535
2019-07-18,92588.4023098849,0.0,0.0,0.0,1.8459957045126056
2019-07-19,92542.10810872995,-0.000500000000000056,1.0005002501250624,-0.07294367058346264,2.1752368437336838
2019-07-22,92628.4536242344,0.0009330402912692826,0.9986248034111044,-0.07193286478583652,2.027861426297331
2019-07-23,92430.98047794928,-0.002131884302918552,1.0028840999726136,-0.07421234060097752,2.2233054801195635
2019-07-24,92542.15389800355,0.0012027722683392028,1.003363035320032,-0.07291118729794346,2.0479209611643556
2019-07-25,92298.98263252838,-0.002627681064600984,0.9995980171656667,-0.0757271779103782,2.28978171337162
2019-07-26,92496.48738710993,0.0021398367451987976,0.9972491331888665,-0.07341956736842653,2.0192655196107814
2019-07-29,92180.90231319043,-0.003411860091494412,1.0024612389714784,-0.07708380490427524,2.3394899966943012
2019-07-30,92512.36891880023,0.0035958273057865586,0.9930230458037156,-0.073214002915379,1.9203779591914247
2019-07-31,92621.52744312823,0.0011799343763838621,0.9845557935120435,-0.07193860795398188,1.7710490281330318
2019-08-01,92659.2400879534,0.0004071693251692654,0.9789176935004328,-0.0714918482459546,1.7053716168858224
2019-08-02,92586.8088250239,-0.0007816949811022544,0.974667076893306,-0.07231965440836202,1.7687222727444036
2019-08-05,93580.16029335008,0.010728866033210993,0.9371510220142979,-0.06092672691115138,0.5606280597234781
2019-08-06,94011.84099087756,0.0046129510376373695,0.0,0.0,-0.02711031237599708
2019-08-07,94011.84099087756,0.0,0.0,0.0,-0.34133977011591615
2019-08-08,94011.84099087756,0.0,0.0,0.0,-0.052024816135857424
2019-08-09,94011.84099087756,0.0,0.0,0.0,-0.305364833429495
2019-08-12,94011.84099087756,0.0,0.0,0.0,-0.30996972267191075
2019-08-13,94011.84099087756,0.0,0.0,0.0,-0.0238925463604274
2019-08-14,94011.84099087756,0.0,0.0,0.0,-0.06754670376937343
2019-08-15,94011.84099087756,0.0,0.0,0.0,-0.18620536917151567
2019-08-16,94011.84099087756,0.0,0.0,0.0,-0.24530022552543174
2019-08-19,94011.84099087756,0.0,0.0,0.0,-0.3450323709394291
2019-08-20,94011.84099087756,0.0,0.0,0.0,0.19620096818483376
2019-08-21,94011.84099087756,0.0,0.0,0.0,-0.20685815247469932
2019-08-22,94011.84099087756,0.0,0.0,0.0,-0.20321024845889593
2019-08-23,94011.84099087756,0.0,0.0,0.0,-0.1393576744118867
2019-08-26,94011.84099087756,0.0,0.0,0.0,-0.2319939889577371
2019-08-27,94011.84099087756,0.0,0.0,0.0,-0.325846713597089
2019-08-28,94011.84099087756,0.0,0.0,0.0,-0.4543872581026453
2019-08-29,94011.84099087756,0.0,0.0,0.0,-0.4670306689512306
2019-08-30,94011.84099087756,0.0,0.0,0.0,0.10625436653509836
2019-09-03,94011.84099087756,0.0,0.0,0.0,0.16907181950249764
2019-09-04,94011.84099087756,0.0,0.0,0.0,0.24464544957447637
2019-09-05,94011.84099087756,0.0,0.0,0.0,0.430927279725862
2019-09-06,94011.84099087756,0.0,0.0,0.0,0.813696222740027
2019-09-09,94011.84099087756,0.0,0.0,0.0,0.9822431015632389
2019-09-10,94011.84099087756,0.0,0.0,0.0,0.7569691621671659
2019-09-11,94011.84099087756,0.0,0.0,0.0,0.9087180319916977
2019-09-12,94011.84099087756,0.0,0.0,0.0,1.1236911266273504
2019-09-13,94011.84099087756,0.0,0.0,0.0,1.2782551578381656
2019-09-16,94011.84099087756,0.0,0.0,0.0,0.8356631862206695
2019-09-17,94011.84099087756,0.0,0.0,0.0,0.930432393017403
2019-09-18,94011.84099087756,0.0,0.0,0.0,0.6530682991875109
2019-09-19,94011.84099087756,0.0,0.0,0.0,0.57757411961892
2019-09-20,94011.84099087756,0.0,0.0,0.0,0.2033996525873335
2019-09-23,94011.84099087756,0.0,0.0,0.0,0.26980533421695946
2019-09-24,94011.84099087756,0.0,0.0,0.0,0.24719561643685367
2019-09-25,94011.84099087756,0.0,0.0,0.0,0.29650979757163304
2019-09-26,94011.84099087756,0.0,0.0,0.0,0.27435971038143264
2019-09-27,94011.84099087756,0.0,0.0,0.0,0.43464331914318693
2019-09-30,94011.84099087756,0.0,0.0,0.0,0.28443209805822356
2019-10-01,94011.84099087756,0.0,0.0,0.0,0.1846065870629547
2019-10-02,94011.84099087756,0.0,0.0,0.0,-0.43600620576475513
2019-10-03,94011.84099087756,0.0,0.0,0.0,-0.04982825778060588
2019-10-04,94011.84099087756,0.0,0.0,0.0,0.19306278677749927
2019-10-07,94011.84099087756,0.0,0.0,0.0,0.0634841872442139
2019-10-08,94011.84099087756,0.0,0.0,0.0,0.09098618073164563
2019-10-09,94011.84099087756,0.0,0.0,0.0,0.10868068516503675
2019-10-10,94011.84099087756,0.0,0.0,0.0,0.2917805997102071
2019-10-11,94011.84099087756,0.0,0.0,0.0,0.5703701738579461
2019-10-14,94011.84099087756,0.0,0.0,0.0,0.2166284620264479
2019-10-15,94011.84099087756,0.0,0.0,0.0,0.8229970657000679
2019-10-16,94011.84099087756,0.0,0.0,0.0,1.0216906974099822
2019-10-17,94011.84099087756,0.0,0.0,0.0,0.8657865378699174
2019-10-18,94011.84099087756,0.0,0.0,0.0,0.9619464787160147
2019-10-21,94011.84099087756,0.0,0.0,0.0,1.0873668321451129
2019-10-22,94011.84099087756,0.0,0.0,0.0,1.1327780320953251
2019-10-23,94011.84099087756,0.0,0.0,0.0,1.4657680159880875
2019-10-24,94011.84099087756,0.0,0.0,0.0,1.362099361300611
2019-10-25,94011.84099087756,0.0,0.0,0.0,1.3572762045279494
2019-10-28,94011.84099087756,0.0,0.0,0.0,1.645019198398056
2019-10-29,94011.84099087756,0.0,0.0,0.0,1.5538543286638924
2019-10-30,94011.84099087756,0.0,0.0,0.0,1.5163424600566733
2019-10-31,94011.84099087756,0.0,0.0,0.0,1.059202417916373
2019-11-01,94011.84099087756,0.0,0.0,0.0,1.2216548299636276
2019-11-04,94011.84099087756,0.0,0.0,0.0,0.607226336889866
2019-11-05,94011.84099087756,0.0,0.0,0.0,0.7329685571341344
2019-11-06,94011.84099087756,0.0,0.0,0.0,0.21452767913762297
2019-11-07,94011.84099087756,0.0,0.0,0.0,0.6303782859032725
2019-11-08,94011.84099087756,0.0,0.0,0.0,0.3844931876510279
2019-11-11,94011.84099087756,0.0,0.0,0.0,0.7901882040777719
2019-11-12,94011.84099087756,0.0,0.0,0.0,0.6291780603520212
2019-11-13,94011.84099087756,0.0,0.0,0.0,-0.24081350307478722
2019-11-14,94011.84099087756,0.0,0.0,0.0,-0.27721213426462016
2019-11-15,94011.84099087756,0.0,0.0,0.0,-0.04915024148708511
2019-11-18,94011.84099087756,0.0,0.0,0.0,-0.3180515529073134
2019-11-19,94011.84099087756,0.0,0.0,0.0,0.3275992087286999
2019-11-20,94011.84099087756,0.0,0.0,0.0,-0.6548807071462153
2019-11-21,94011.84099087756,0.0,0.0,0.0,-0.8696074900198535
2019-11-22,94011.84099087756,0.0,0.0,0.0,-0.35963772200669647
2019-11-25,94011.84099087756,0.0,0.0,0.0,-0.31106007286203813
2019-11-26,94011.84099087756,0.0,0.0,0.0,-0.22584779410581612
2019-11-27,94011.84099087756,0.0,0.0,0.0,0.5232391873441921
2019-11-29,94011.84099087756,0.0,0.0,0.0,0.16055082159942483
2019-12-02,94011.84099087756,0.0,0.0,0.0,0.23250802889228356
2019-12-03,94011.84099087756,0.0,0.0,0.0,-0.5449398680918018
2019-12-04,94011.84099087756,0.0,0.0,0.0,-0.4502012772037674
2019-12-05,94011.84099087756,0.0,0.0,0.0,-0.5129213333532433
2019-12-06,94011.84099087756,0.0,0.0,0.0,-0.06976007053645329
2019-12-09,94011.84099087756,0.0,0.0,0.0,-0.4063047411242154
2019-12-10,94011.84099087756,0.0,0.0,0.0,-0.625941860867901
2019-12-11,94011.84099087756,0.0,0.0,0.0,-0.03197940352916043
2019-12-12,94011.84099087756,0.0,0.0,0.0,0.2854361954132834
2019-12-13,94011.84099087756,0.0,0.0,0.0,0.13199882527250548
2019-12-16,94011.84099087756,0.0,0.0,0.0,0.929864729820149
2019-12-17,94011.84099087756,0.0,0.0,0.0,0.17694506088800221
2019-12-18,94011.84099087756,0.0,0.0,0.0,0.2213183917360984
2019-12-19,94011.84099087756,0.0,0.0,0.0,0.0842067799232806
2019-12-20,94011.84099087756,0.0,0.0,0.0,-0.019478204094319895
2019-12-23,94011.84099087756,0.0,0.0,0.0,0.03542991639912514
2019-12-24,94011.84099087756,0.0,0.0,0.0,0.026047945884216012
2019-12-26,94011.84099087756,0.0,0.0,0.0,0.12889466700223465
2019-12-27,94011.84099087756,0.0,0.0,0.0,0.008805961186364062
2019-12-30,94011.84099087756,0.0,0.0,0.0,0.12146745986513055
2019-12-31,94011.84099087756,0.0,0.0,0.0,-0.5540582600166324
2020-01-02,94011.84099087756,0.0,0.0,0.0,-0.4225318473911215
2020-01-03,94011.84099087756,0.0,0.0,0.0,-0.9157665580676707
2020-01-06,94011.84099087756,0.0,0.0,0.0,-0.8568599560525334
2020-01-07,94011.84099087756,0.0,0.0,0.0,-1.0434837658037437
2020-01-08,94011.84099087756,0.0,0.0,0.0,-1.2533566279961024
2020-01-09,93964.83507038212,-0.000500000000000056,1.0005002501250628,-0.008918402930852663,-1.375163975073252
2020-01-10,94241.42865766505,0.002943586151944455,0.9998383864667708,-0.005947296325862826,-0.7312692774255779
2020-01-13,94356.72499789872,0.0012234146051890438,1.005204383712434,-0.004708143676369274,-0.4704129542954573
2020-01-14,94611.14336208276,0.0026963458533528772,1.0058681411311388,-0.0019963958757892126,0.1162072211989531
2020-01-15,94535.13713091594,-0.0008033539017273661,0.0,0.0,0.04307098946743488
2020-01-16,94535.13713091594,0.0,0.0,0.0,0.6667667664870178
2020-01-17,94535.13713091594,0.0,0.0,0.0,0.3075521307643077
2020-01-21,94535.13713091594,0.0,0.0,0.0,-0.6283441620629998
2020-01-22,94535.13713091594,0.0,0.0,0.0,0.571482079094386
2020-01-23,94535.13713091594,0.0,0.0,0.0,0.027912693762013416
2020-01-24,94535.13713091594,0.0,0.0,0.0,-0.35876406772319946
2020-01-27,94535.13713091594,0.0,0.0,0.0,-1.3283916722129803
2020-01-28,94487.86956235049,-0.0004999999999999449,1.0005002501250624,-0.008918402930852583,-1.2539264463010498
2020-01-29,94534.8683283241,0.0004974052880153401,0.995175299048518,-0.008406801981137612,-1.1339739857101303
2020-01-30,94434.71136088201,-0.001059471168820325,0.9968490141754442,-0.009466346299298942,-1.358427928792098
2020-01-31,94026.2227178644,-0.004325619649077739,0.9807548593435226,-0.013841857270860916,-2.2783542386418465
2020-02-03,94206.19752515784,0.001914091644768856,0.9791286331594892,-0.011895130225794609,-1.8120209967419378
2020-02-04,94387.0808669224,0.0019200790024058723,0.9922018731714558,-0.009946122297854907,-1.3651648691362268
2020-02-05,94325.31011120853,-0.0006544407894230053,0.9995583120149562,-0.010597556616196218,-1.4697069027993075
2020-02-06,94185.40677616515,-0.0014832003719725817,1.0042528842153895,-0.01208866551376992,-1.7304007066939622
2020-02-07,93970.49450123723,-0.0022818001459469217,0.9962225171322705,-0.014393225369997131,-2.134818397695346
2020-02-10,93975.31566260356,5.130505476125258e-05,0.99958685646655,-0.014331159104506865,-2.05700672152227
2020-02-11,93985.92061773989,0.00011284830555280401,1.0063041527605001,-0.014206648892226963,-1.9668657648251016
2020-02-12,94293.50933599993,0.00327271059578238,1.012310591793572,-0.010888180318252455,-1.302631619612466
2020-02-13,94200.43722046605,-0.000987046894206034,1.008652208185727,-0.011876799388939041,-1.4621353167024103
2020-02-14,94148.64429978987,-0.0005498161389098088,1.0123498301728722,-0.012423321774949488,-1.5344932325290834
2020-02-18,94146.58527432187,-2.1869942826158173e-05,1.0093470431043754,-0.01243529727669927,-1.5047012867757568
2020-02-19,93980.92137700747,-0.0017596378756775666,1.0180937497325548,-0.014209802529546317,-1.7837096701352022
2020-02-20,93675.41973787083,-0.003250677208314512,1.0168171189679969,-0.017507148720520015,-2.3080663234054817
2020-02-21,93480.24691551448,-0.0020835009109380076,1.0131534487287814,-0.019621269410699624,-2.581823173823623
2020-02-24,92617.3511963986,-0.009230781342455696,0.9891238120279494,-0.029110517796768976,-3.955227012512249
2020-02-25,92931.23353997762,0.003389023109864331,0.0,0.0,-3.161224036135417
2020-02-26,92931.23353997762,0.0,0.0,0.0,-3.161887327467873
2020-02-27,92931.23353997762,0.0,0.0,0.0,-2.1107507486510424
2020-02-28,92931.23353997762,0.0,0.0,0.0,-2.9826555678321895
2020-03-02,92931.23353997762,0.0,0.0,0.0,-3.2172157402861155
2020-03-03,92931.23353997762,0.0,0.0,0.0,-2.897024473404609
2020-03-04,92931.23353997762,0.0,0.0,0.0,-2.2869841947105347
2020-03-05,92931.23353997762,0.0,0.0,0.0,-2.9759696764868293
2020-03-06,92931.23353997762,0.0,0.0,0.0,-2.669347591933874
2020-03-09,92931.23353997762,0.0,0.0,0.0,-2.0872284131215344
2020-03-10,92931.23353997762,0.0,0.0,0.0,1.1069834252595985
2020-03-11,92931.23353997762,0.0,0.0,0.0,-0.8396931295659558
2020-03-12,92931.23353997762,0.0,0.0,0.0,-0.7361080831951626
2020-03-13,92931.23353997762,0.0,0.0,0.0,0.7833737835771982
2020-03-16,92931.23353997762,0.0,0.0,0.0,-2.0506293470726473
2020-03-17,92884.76792320763,-0.0004999999999999449,1.0005002501250626,-0.008918402930852604,2.7707105950929822
2020-03-18,89648.45748823306,-0.034842208333342506,0.0,0.0,-1.1515966793617805
2020-03-19,89603.63325948895,-0.0004999999999999449,1.0005002501250624,-0.008918402930852653,-1.3570441219605143
2020-03-20,88382.27227776608,-0.013630708234629862,0.9870591243404073,-0.022850566496452535,-2.6998401032085257
2020-03-23,89238.66449084437,0.009689637876550972,0.9280118019554798,-0.013024704999660396,-1.6879382009949375
2020-03-24,88837.38036770321,-0.004496751777166352,1.0492713631574009,-0.017591224467079187,-2.012103794792174
2020-03-25,87987.60224755532,-0.009565546807330572,1.112484286400463,-0.02740836330224745,-2.719098358896178
2020-03-26,88518.69099352842,0.006035949752089653,1.1494459322466997,-0.021232944107608776,-2.100769878940009
2020-03-27,87424.30869299202,-0.012363290602844579,1.0903743977837002,-0.03400503496190573,-3.096959172535584
2020-03-30,90095.61244736883,0.030555617703053484,1.1167510093600728,-0.0033363194008403964,-0.5314754178255519
2020-03-31,87903.32994412153,-0.02433284422732529,1.154315069436455,-0.02834783510652676,-2.4617499037085966
2020-04-01,88736.14450340926,0.009474209450508031,1.0960430584618033,-0.01868486853108982,-1.7075690821914318
2020-04-02,89423.46939077573,0.007745715020783583,1.115533984309522,-0.010844099397913502,-1.0422162814495786
2020-04-03,87637.58843151997,-0.01997105425927459,1.1092132760289584,-0.03143170352805731,-2.6316372381393878
2020-04-06,89024.24092120201,0.01582257698436762,1.1657785389044066,-0.015354857210968905,-1.2974474499798527
2020-04-07,87209.52596000893,-0.020384503618506966,1.1779687606527782,-0.03647108826701031,-2.76402511808967
2020-04-08,86480.55906855973,-0.008358798920469868,1.2058895771957223,-0.04519562027507114,-3.16013997516793
2020-04-09,88298.48986261933,0.021021265514928,1.2232161091013931,-0.023664485762163706,-1.6321609528691767
2020-04-13,87963.56885054389,-0.0037930548143749743,1.2273241696796997,-0.02754966813070502,-1.8398091712752218
2020-04-14,89254.32857881785,0.014673798995889387,1.2357762047282665,-0.0126773944516245,-0.842737648183794
2020-04-15,88528.92095795512,-0.008127422304478382,1.1936507199413986,-0.02096280487160788,-1.3811452708045957
2020-04-16,89258.78351442722,0.00824434036441879,1.1835506253390433,-0.012602515343896902,-0.8007704065880462
2020-04-17,88359.03812431174,-0.01008018880259609,1.2360479610633686,-0.022901690916209187,-1.4385705219344758
2020-04-20,86780.23869883288,-0.017868001497002073,1.2326795023460468,-0.04149870169738301,-2.5435540787219195
2020-04-21,86238.6258943462,-0.006241199754777327,1.1927750122541962,-0.048027006939306505,-2.885144035796623
2020-04-22,87174.0746782165,0.010847213463446748,1.219645502470282,-0.03676864657386977,-2.0742968582542223
2020-04-23,86640.41332118642,-0.006121789752285389,1.2259535084263298,-0.04314207863495315,-2.36093821719903
2020-04-24,86944.71263234268,0.003512209827856827,1.24159201840598,-0.039478621371127634,-2.059491291770032
2020-04-27,86652.73135420732,-0.003358240763530196,1.2638327842898935,-0.042968451505926,-2.1526535954260395
2020-04-28,85890.33680878046,-0.00879827483233575,1.2839143259249157,-0.05221314766329053,-2.5154987890456555
2020-04-29,85221.86368791402,-0.007782867615884093,1.3414257517123762,-0.06045325976399356,-2.7070312677455144
2020-04-30,86876.75953593923,0.019418677043786525,1.2894797308919825,-0.0402392815769152,-1.744359171253648
2020-05-01,85453.34936679473,-0.016384245645760465,1.264249074866887,-0.057553303020214074,-2.5439350431198617
2020-05-04,86107.143902024,0.007650894202203329,1.2744119188277445,-0.04951049613138262,-2.0690923385274145
2020-05-05,86211.1363235474,0.0012077095675326888,1.2834758731541287,-0.04823140288618663,-1.940335935273005
2020-05-06,85674.7789938778,-0.006221439045376531,1.2747124363778723,-0.05478044374147268,-2.187473378673285
2020-05-07,86057.69175498831,0.004469375533934672,1.2845608070147572,-0.050074078930787046,-1.9012846766254896
2020-05-08,85821.6823981221,-0.00274245511415927,1.308641138682311,-0.052948502510988926,-1.9397979214009433
2020-05-11,85789.43446177861,-0.0003757551173826368,1.3132075271200816,-0.053330789111552375,-1.8971618266708516
2020-05-12,85616.44716344972,-0.0020164172827827898,1.286623278202932,-0.05544545063149985,-1.9691903052963644
2020-05-13,86899.18484314869,0.014982374557660716,1.248459196025921,-0.039852674207835836,-1.3070054437076308
2020-05-14,86708.13369194117,-0.0021985378982825043,1.2556043475731202,-0.04213105796201402,-1.3712368423314838
2020-05-15,86962.54628351051,0.002934126024130901,1.2592462901089185,-0.03906942296802294,-1.2100945728056685
2020-05-18,87224.51758604498,0.003012461269020328,1.306482611676404,-0.035935826297908736,-1.015130886490699
2020-05-19,86863.10550417766,-0.004143468968008879,1.296268494732782,-0.04023268048577644,-1.1836390022431238
2020-05-20,87819.96949232681,0.011015769958893973,1.30822325774251,-0.028885456047673227,-0.6808387456084403
2020-05-21,87648.86931179777,-0.0019483060802474306,1.293096182980404,-0.030880662142335865,-0.7592328779108964
2020-05-22,87552.18060074565,-0.0011031370034925159,1.2934330144876554,-0.03200597142631751,-0.7914400196769769
2020-05-26,88282.98710483256,0.008347096543711796,1.3335931171250668,-0.023449986386004172,-0.3965487817643429
2020-05-27,88387.69070963138,0.001185999797157944,1.346668640575676,-0.022224166003272948,-0.329051850066634
2020-05-28,88855.73531023576,0.005295359533059596,1.34217874142142,-0.01682612579878057,-0.09374673678220972
2020-05-29,88056.12546016881,-0.00899896722789073,1.3323318556034385,-0.026045997917202947,-0.47286542489344036
2020-06-01,89675.94765884022,0.018395338089274738,1.3534006966689325,-0.00749923293196527,0.32422233254033284
2020-06-02,89474.0783598484,-0.0022510974710833187,0.0,0.0,0.2669965605007372
2020-06-03,89474.0783598484,0.0,0.0,0.0,0.739952812826187
2020-06-04,89474.0783598484,0.0,0.0,0.0,0.8441858345376271
2020-06-05,89474.0783598484,0.0,0.0,0.0,0.9144183811132948
2020-06-08,89474.0783598484,0.0,0.0,0.0,1.0221568357577113
2020-06-09,89429.34132066848,-0.0004999999999999449,1.0005002501250626,0.008918402930852665,0.8067567004299464
2020-06-10,89022.28074856864,-0.0045517563485146795,1.0010032393697987,0.0043964954800503765,1.0707855452281365
2020-06-11,89636.78842225355,0.006902852505211721,0.9298555450139643,0.011231704159730918,0.6621779093165684
2020-06-12,89606.79820042702,-0.0003345749257018804,0.9469035480031746,0.010909892742337163,0.6923192785634266
2020-06-15,89405.54511759533,-0.002245957749561933,0.9598860537015321,0.00869274418027379,0.8375369778373424
2020-06-16,89484.61875612682,0.000884437742955102,0.9698406088452536,0.009578147089997734,0.7938918286226339
2020-06-17,89229.5482338619,-0.002850439838829266,0.9682732420925267,0.006756492640272047,0.9759416032007459
2020-06-18,89534.79696218009,0.003420937731503093,0.9634387318161773,0.010152239050788336,0.7794082144051185
2020-06-19,89824.39552302101,0.003234480566960407,0.9522130038449345,0.013352986848545788,0.5886730944549518
2020-06-22,89326.04302273253,-0.0055480751903391745,0.9732996439935728,0.00785782153035956,0.9457404951313263
2020-06-23,89359.953338829,0.0003796240709761367,0.9748080604284218,0.00824389381666214,0.9350190915078722
2020-06-24,89531.84435757926,0.0019235799967183276,0.9476281278894939,0.01015752393374961,0.822770483921613
2020-06-25,89570.8521083416,0.00043568577238883854,0.9565704524686875,0.010597892658700427,0.8052526545603627
2020-06-26,89401.64586677788,-0.0018890770555476388,0.9406273711558064,0.008734700774383585,0.9299108050329888
2020-06-29,89210.41890654925,-0.002138964650758024,0.9584018081285287,0.006619139195350981,1.0695435512703502
2020-06-30,89584.9895750558,0.004198732312858278,0.9645244883116366,0.010782042884732767,0.8043904386860539
2020-07-01,89230.45138329615,-0.003957562460423336,0.9738341224814702,0.00686109536838623,1.0595724351179807
2020-07-02,88628.76367453385,-0.006743075927944209,0.9921764401590598,0.00012847876891599054,1.4672106566331127
2020-07-06,88853.64866842414,0.0025373815967479896,0.9932039077820125,0.002668930017403479,1.2981869463182796
2020-07-07,89095.84581873618,0.002725798590622386,0.9783026213484683,0.00538986366114519,1.1292108477105485
2020-07-08,89294.81522216574,0.0022332062915071393,0.0,0.0,0.957713089022828
2020-07-09,89294.81522216574,0.0,0.0,0.0,0.3444366561926414
2020-07-10,89294.81522216574,0.0,0.0,0.0,0.27156232558396776
2020-07-13,89294.81522216574,0.0,0.0,0.0,0.08324576699901098
2020-07-14,89294.81522216574,0.0,0.0,0.0,-0.17050591032272902
2020-07-15,89294.81522216574,0.0,0.0,0.0,-0.0701541506409035
2020-07-16,89294.81522216574,0.0,0.0,0.0,-0.2132190306006646
2020-07-17,89294.81522216574,0.0,0.0,0.0,-0.2177373282937184
2020-07-20,89294.81522216574,0.0,0.0,0.0,-0.3065008392042573
2020-07-21,89294.81522216574,0.0,0.0,0.0,0.20765228724185222
2020-07-22,89294.81522216574,0.0,0.0,0.0,-0.01639119002966973
2020-07-23,89294.81522216574,0.0,0.0,0.0,0.025580525811728566
2020-07-24,89294.81522216574,0.0,0.0,0.0,-0.04767043258500591
2020-07-27,89294.81522216574,0.0,0.0,0.0,-0.09721322581760643
2020-07-28,89294.81522216574,0.0,0.0,0.0,-0.26280644663733205
2020-07-29,89294.81522216574,0.0,0.0,0.0,-0.267916776158387
2020-07-30,89294.81522216574,0.0,0.0,0.0,-0.2703000296065901
2020-07-31,89294.81522216574,0.0,0.0,0.0,-0.7680088460669872
2020-08-03,89294.81522216574,0.0,0.0,0.0,-0.34209756697843463
2020-08-04,89294.81522216574,0.0,0.0,0.0,-0.7682012882856709
2020-08-05,89294.81522216574,0.0,0.0,0.0,-1.1661005394604753
2020-08-06,89294.81522216574,0.0,0.0,0.0,-1.0670750561947178
2020-08-07,89294.81522216574,0.0,0.0,0.0,-0.893802863546345
2020-08-10,89294.81522216574,0.0,0.0,0.0,-0.7919209512673967
2020-08-11,89294.81522216574,0.0,0.0,0.0,-0.717482002373991
2020-08-12,89294.81522216574,0.0,0.0,0.0,-0.6630366783203737
2020-08-13,89294.81522216574,0.0,0.0,0.0,-1.1691470678924165
2020-08-14,89294.81522216574,0.0,0.0,0.0,-1.0342195881611342
2020-08-17,89294.81522216574,0.0,0.0,0.0,-1.2792377506706192
2020-08-18,89294.81522216574,0.0,0.0,0.0,-1.029983012480331
2020-08-19,89294.81522216574,0.0,0.0,0.0,-0.7063052425433093
2020-08-20,89294.81522216574,0.0,0.0,0.0,-0.9637233588218104
2020-08-21,89294.81522216574,0.0,0.0,0.0,-1.1537993664429684
2020-08-24,89294.81522216574,0.0,0.0,0.0,-0.9049845726779532
2020-08-25,89294.81522216574,0.0,0.0,0.0,-1.2051199923411284
2020-08-26,89294.81522216574,0.0,0.0,0.0,-1.650492329340399
2020-08-27,89294.81522216574,0.0,0.0,0.0,-1.5636717761640728
2020-08-28,89294.81522216574,0.0,0.0,0.0,-1.3579431144993712
2020-08-31,89294.81522216574,0.0,0.0,0.0,-1.1715318530145522
2020-09-01,89294.81522216574,0.0,0.0,0.0,-1.5078598998147947
2020-09-02,89294.81522216574,0.0,0.0,0.0,-1.0441673761290062
2020-09-03,89294.81522216574,0.0,0.0,0.0,-1.1666708807335058
2020-09-04,89294.81522216574,0.0,0.0,0.0,-1.2683660343601695
2020-09-08,89294.81522216574,0.0,0.0,0.0,-0.5793810703251946
2020-09-09,89294.81522216574,0.0,0.0,0.0,-0.9879328736490185
2020-09-10,89294.81522216574,0.0,0.0,0.0,-1.243387912975593
2020-09-11,89294.81522216574,0.0,0.0,0.0,-1.0066806877614294
2020-09-14,89294.81522216574,0.0,0.0,0.0,-1.1272182753877875
2020-09-15,89294.81522216574,0.0,0.0,0.0,-0.9230229771329327
2020-09-16,89294.81522216574,0.0,0.0,0.0,-0.46586032092224006
2020-09-17,89294.81522216574,0.0,0.0,0.0,-0.7530137252856012
2020-09-18,89294.81522216574,0.0,0.0,0.0,-0.8087343878380723
2020-09-21,89294.81522216574,0.0,0.0,0.0,-0.8552623764849147
2020-09-22,89294.81522216574,0.0,0.0,0.0,-1.0016813566578218
2020-09-23,89294.81522216574,0.0,0.0,0.0,-0.3767315488975048
2020-09-24,89294.81522216574,0.0,0.0,0.0,-0.7546461549140417
2020-09-25,89294.81522216574,0.0,0.0,0.0,-0.3674202202566943
2020-09-28,89294.81522216574,0.0,0.0,0.0,-0.6804748991438705
2020-09-29,89294.81522216574,0.0,0.0,0.0,-0.8440677145073991
2020-09-30,89294.81522216574,0.0,0.0,0.0,-1.0625311006840223
2020-10-01,89294.81522216574,0.0,0.0,0.0,-1.0162883514725385
2020-10-02,89294.81522216574,0.0,0.0,0.0,-1.0023668487214035
2020-10-05,89294.81522216574,0.0,0.0,0.0,-1.1526674987667553
2020-10-06,89294.81522216574,0.0,0.0,0.0,-0.8458454487278649
2020-10-07,89294.81522216574,0.0,0.0,0.0,-0.8006322502088976
2020-10-08,89294.81522216574,0.0,0.0,0.0,-0.9304085144071417
2020-10-09,89294.81522216574,0.0,0.0,0.0,-0.907093087384003
2020-10-12,89294.81522216574,0.0,0.0,0.0,-0.7595018100619209
2020-10-13,89294.81522216574,0.0,0.0,0.0,-0.6041705701617265
2020-10-14,89294.81522216574,0.0,0.0,0.0,-0.48289812881543936
2020-10-15,89294.81522216574,0.0,0.0,0.0,-0.378743220735118
2020-10-16,89294.81522216574,0.0,0.0,0.0,-0.2312821759931486
2020-10-19,89294.81522216574,0.0,0.0,0.0,-0.06857705809479787
2020-10-20,89294.81522216574,0.0,0.0,0.0,-0.2862647348061714
2020-10-21,89294.81522216574,0.0,0.0,0.0,-0.056951334148770814
2020-10-22,89294.81522216574,0.0,0.0,0.0,0.14805558023637774
2020-10-23,89294.81522216574,0.0,0.0,0.0,0.30557743201016274
2020-10-26,89294.81522216574,0.0,0.0,0.0,0.704886045937954
2020-10-27,89294.81522216574,0.0,0.0,0.0,0.35887003272632356
2020-10-28,89294.81522216574,0.0,0.0,0.0,1.2839091547015624
2020-10-29,89294.81522216574,0.0,0.0,0.0,1.2459863443297101
2020-10-30,89294.81522216574,0.0,0.0,0.0,1.352186617818452
2020-11-02,89294.81522216574,0.0,0.0,0.0,0.8860509782721112
2020-11-03,89294.81522216574,0.0,0.0,0.0,1.0979704200793456
2020-11-04,89294.81522216574,0.0,0.0,0.0,0.8247348466894726
2020-11-05,89294.81522216574,0.0,0.0,0.0,0.9406938804104588
2020-11-06,89294.81522216574,0.0,0.0,0.0,1.1145493998038827
2020-11-09,89294.81522216574,0.0,0.0,0.0,2.1364843342373154
2020-11-10,89294.81522216574,0.0,0.0,0.0,1.432891644093271
2020-11-11,89294.81522216574,0.0,0.0,0.0,1.7018963181926952
2020-11-12,89294.81522216574,0.0,0.0,0.0,1.8033811745580803
2020-11-13,89294.81522216574,0.0,0.0,0.0,2.1490350950085997
2020-11-16,89294.81522216574,0.0,0.0,0.0,1.7222987710156568
2020-11-17,89294.81522216574,0.0,0.0,0.0,1.4822720735533352
2020-11-18,89294.81522216574,0.0,0.0,0.0,1.7215929072718754
2020-11-19,89294.81522216574,0.0,0.0,0.0,1.8129486674463289
2020-11-20,89294.81522216574,0.0,0.0,0.0,1.5907953797845718
2020-11-23,89294.81522216574,0.0,0.0,0.0,1.1821373430242545
2020-11-24,89294.81522216574,0.0,0.0,0.0,1.4045156293122414
2020-11-25,89294.81522216574,0.0,0.0,0.0,1.2949248002173168
2020-11-27,89294.81522216574,0.0,0.0,0.0,0.7984169721409172
2020-11-30,89294.81522216574,0.0,0.0,0.0,-0.028350613794175056
2020-12-01,89294.81522216574,0.0,0.0,0.0,0.63573979344225
2020-12-02,89294.81522216574,0.0,0.0,0.0,0.3865163437594278
2020-12-03,89294.81522216574,0.0,0.0,0.0,0.18595643621077354
2020-12-04,89294.81522216574,0.0,0.0,0.0,-0.36216161752034853
2020-12-07,89294.81522216574,0.0,0.0,0.0,-0.5339186752179517
2020-12-08,89294.81522216574,0.0,0.0,0.0,-0.31542334893548507
2020-12-09,89294.81522216574,0.0,0.0,0.0,-0.05645246881610678
2020-12-10,89294.81522216574,0.0,0.0,0.0,-0.2379464755030343
2020-12-11,89294.81522216574,0.0,0.0,0.0,-0.14806354118543436
2020-12-14,89294.81522216574,0.0,0.0,0.0,0.5520089181864647
2020-12-15,89294.81522216574,0.0,0.0,0.0,0.4117432541928303
2020-12-16,89294.81522216574,0.0,0.0,0.0,0.5996825193371252
2020-12-17,89294.81522216574,0.0,0.0,0.0,0.8374349808105757
2020-12-18,89294.81522216574,0.0,0.0,0.0,0.9097996016099456
2020-12-21,89294.81522216574,0.0,0.0,0.0,0.9653425185417588
2020-12-22,89294.81522216574,0.0,0.0,0.0,0.7018599899016935
2020-12-23,89294.81522216574,0.0,0.0,0.0,0.8496351793730595
2020-12-24,89294.81522216574,0.0,0.0,0.0,0.5590228687257937
2020-12-28,89294.81522216574,0.0,0.0,0.0,1.2233240274644224
2020-12-29,89294.81522216574,0.0,0.0,0.0,0.8355523349280894
2020-12-30,89294.81522216574,0.0,0.0,0.0,0.843836607015599
2020-12-31,89294.81522216574,0.0,0.0,0.0,0.9664812568360875
2021-01-04,89294.81522216574,0.0,0.0,0.0,0.9097062033965695
2021-01-05,89294.81522216574,0.0,0.0,0.0,0.38676464136955757
2021-01-06,89294.81522216574,0.0,0.0,0.0,0.4725817478465888
2021-01-07,89294.81522216574,0.0,0.0,0.0,-0.39670864875815415
2021-01-08,89294.81522216574,0.0,0.0,0.0,-0.05253687119980373
2021-01-11,89294.81522216574,0.0,0.0,0.0,-0.24137818807140599
2021-01-12,89294.81522216574,0.0,0.0,0.0,-0.42488067645889177
2021-01-13,89294.81522216574,0.0,0.0,0.0,-0.5433580049459968
2021-01-14,89294.81522216574,0.0,0.0,0.0,-0.4006337409630275
2021-01-15,89294.81522216574,0.0,0.0,0.0,-0.36918674069094287
2021-01-19,89294.81522216574,0.0,0.0,0.0,-0.2751282466699906
2021-01-20,89294.81522216574,0.0,0.0,0.0,0.04754830779792955
2021-01-21,89294.81522216574,0.0,0.0,0.0,0.5024949902419166
2021-01-22,89294.81522216574,0.0,0.0,0.0,1.0787771146645342
2021-01-25,89250.16781455465,-0.000500000000000056,1.0005002501250624,0.13112899536154163,1.1004085449106646
2021-01-26,89043.26176281743,-0.0023182707305058337,1.0012077851942767,0.1291186814057293,1.4035958149308385
2021-01-27,88777.23254219747,-0.002987640112831702,0.977078373076243,0.12651768227305607,1.806059272693054
2021-01-28,89085.40505566058,0.0034713011955698203,0.983093417747798,0.1295477224070423,1.2690981804467607
2021-01-29,89358.96764445247,0.0030707901998197062,0.9577787124692053,0.13222095750158686,0.7817884305694994
2021-02-01,89262.59792234919,-0.001078456081618162,0.9720084879727614,0.13129228443968513,0.9355537880612776
2021-02-02,89671.27616470106,0.004578381672325937,0.9825359126213461,0.13525973585489637,0.25188852381620624
2021-02-03,89690.27913386445,0.000211918130042843,0.9860112424930215,0.1354513549047227,0.2107746118137898
2021-02-04,89896.03891013248,0.002294114571334216,0.9857060840497455,0.13743860765768856,-0.1428825253814479
2021-02-05,89956.01439437203,0.0006671649270275637,0.0,0.0,-0.3170873216013954
2021-02-08,89956.01439437203,0.0,0.0,0.0,-0.9596252436793202
2021-02-09,89956.01439437203,0.0,0.0,0.0,-1.5548816469789795
2021-02-10,89911.03638717484,-0.000500000000000056,1.0005002501250624,-0.13112899536154154,-1.854420438072271
2021-02-11,90145.72947233156,0.0026102811688888394,1.0015440114251037,-0.12817292035168726,-1.4449873223666392
2021-02-12,90052.01291051273,-0.0010396117749270628,1.0046607861449497,-0.12933578362094234,-1.5720582110411856
2021-02-16,90131.7402794966,0.0008853479939765485,1.0098365751589466,-0.12832557287247737,-1.4365545787036793
2021-02-17,90283.84113640536,0.001687539333392385,1.0015753331862927,-0.12641341463846295,-1.1978309890634762
2021-02-18,90548.06205483436,0.0029265582312762994,0.9984948040897953,-0.1231153617672482,-0.7896468079034241
2021-02-19,90050.4421431206,-0.0054956439753774955,1.0102240299149785,-0.12931052325573036,-1.5803273842005887
2021-02-22,90066.33949786246,0.00017653833077901915,1.0129923256291333,-0.1290998889397727,-1.5618253608017023
2021-02-23,90534.88953051472,0.005202276846872245,1.010878022255753,-0.12324512654468084,-0.8304658405532
2021-02-24,90024.19845803738,-0.005640820628661669,1.028545743121779,-0.12960577890285727,-1.6332626206486687
2021-02-25,90231.75989388183,0.0023056182604190845,1.0040533710960675,-0.126995867053928,-1.2957534683974752
2021-02-26,90173.05568752179,-0.0006505936094904907,0.9803017296969679,-0.12771833266789817,-1.3844638133265028
2021-03-01,90402.74062834626,0.0025471571199762177,1.005098504230748,-0.124842190610711,-1.0335785483161786
2021-03-02,89795.48005897235,-0.00671728052881071,1.017249910663744,-0.13243788382872582,-1.9694395313567903
2021-03-03,89947.28095977526,0.0016905182833615306,1.0082545368901463,-0.13051532137543834,-1.69907831977962
2021-03-04,90223.15472607389,0.003067060653250797,0.9961923747830183,-0.12704730162225786,-1.2477410459102396
2021-03-05,89727.5455150231,-0.005493148766029132,1.0124508453889316,-0.13326133145597574,-1.9701589973129132
2021-03-08,89210.6657884556,-0.005760546815369527,1.0163641566524766,-0.13981592827950312,-2.632015116303381
2021-03-09,89182.75959612853,-0.0003128122862937621,1.0264798724012463,-0.14016111464399297,-2.5524747902720852
2021-03-10,88495.35727614447,-0.00770779378320452,1.035120240898112,-0.14900584090204763,-3.279620437467911
2021-03-11,87938.21101550291,-0.006295768250339062,1.0547793770103588,-0.15627372502621129,-3.6541742431844333
2021-03-12,87517.19592248686,-0.004787624039131577,0.0,0.0,-3.74033789607646
2021-03-15,87517.19592248686,0.0,0.0,0.0,-3.6393789484142154
2021-03-16,87517.19592248686,0.0,0.0,0.0,-3.362560565972883
2021-03-17,87517.19592248686,0.0,0.0,0.0,-3.4422684494827465
2021-03-18,87517.19592248686,0.0,0.0,0.0,-3.1256149324972333
2021-03-19,87517.19592248686,0.0,0.0,0.0,-3.0982240903827174
2021-03-22,87517.19592248686,0.0,0.0,0.0,-2.532304138165813
2021-03-23,87517.19592248686,0.0,0.0,0.0,-2.3683449680241675
2021-03-24,87517.19592248686,0.0,0.0,0.0,-2.2877260234573393
2021-03-25,87517.19592248686,0.0,0.0,0.0,-2.022783424268698
2021-03-26,87517.19592248686,0.0,0.0,0.0,-1.8383995187729918
2021-03-29,87517.19592248686,0.0,0.0,0.0,-1.8510249370628398
2021-03-30,87517.19592248686,0.0,0.0,0.0,-1.8843481864953788
2021-03-31,87517.19592248686,0.0,0.0,0.0,-1.9013689989436922
2021-04-01,87517.19592248686,0.0,0.0,0.0,-2.082990687020925
2021-04-05,87517.19592248686,0.0,0.0,0.0,-1.7740369976872954
2021-04-06,87517.19592248686,0.0,0.0,0.0,-1.9192629611642038
2021-04-07,87517.19592248686,0.0,0.0,0.0,-1.7917242817403247
2021-04-08,87517.19592248686,0.0,0.0,0.0,-1.823649777765912
2021-04-09,87517.19592248686,0.0,0.0,0.0,-1.8413734235742671
2021-04-12,87517.19592248686,0.0,0.0,0.0,-1.758675182914989
2021-04-13,87517.19592248686,0.0,0.0,0.0,-1.7249127981326544
2021-04-14,87517.19592248686,0.0,0.0,0.0,-1.4842335078865043
2021-04-15,87517.19592248686,0.0,0.0,0.0,-1.187678474464505
2021-04-16,87517.19592248686,0.0,0.0,0.0,-1.208193165868746
2021-04-19,87517.19592248686,0.0,0.0,0.0,-1.0652261508038339
2021-04-20,87517.19592248686,0.0,0.0,0.0,-0.9256438664769663
2021-04-21,87517.19592248686,0.0,0.0,0.0,-0.9970651776727923
2021-04-22,87517.19592248686,0.0,0.0,0.0,-0.925539940540146
2021-04-23,87517.19592248686,0.0,0.0,0.0,-0.7962661364846784
2021-04-26,87517.19592248686,0.0,0.0,0.0,-0.9838528373116716
2021-04-27,87517.19592248686,0.0,0.0,0.0,-1.1441840314901264
2021-04-28,87473.43732452561,-0.000500000000000056,1.0005002501250624,-0.13112899536154154,-1.4433579571215132
2021-04-29,87326.85069736808,-0.0016757844625872043,0.9995686650323848,-0.13301646026089234,-1.502400632800107
2021-04-30,87214.9518882375,-0.0012813791890694537,0.9872936371871665,-0.13445889631794433,-1.5389611508154541
2021-05-03,87427.8288259779,0.002440830765041202,0.9936207902449712,-0.13168551499922648,-1.3647113666076773
2021-05-04,87279.35970152484,-0.001698190684210843,0.9917322197271815,-0.1335994192195438,-1.4266398346480296
2021-05-05,87342.39033499545,0.0007221711259817187,1.0021296026353004,-0.13277020128344982,-1.3523350914426666
2021-05-06,86973.04748811535,-0.004228678027513477,1.0119424432954196,-0.13756935690112412,-1.5467675731408468
2021-05-07,86826.20460484298,-0.0016883722890409514,1.0252639069985063,-0.1394818225472721,-1.594699188770942
2021-05-10,86925.79549721561,0.0011470142317735466,1.02524650391637,-0.13816477633355592,-1.4969297857469455
2021-05-11,86896.49296356396,-0.0003370982512618248,1.018310879414234,-0.1385370333979374,-1.4806658163609452
2021-05-12,86742.73584205187,-0.0017694283885145712,1.0066358904750088,-0.14054366707499857,-1.5431287575149117
2021-05-13,86803.6599680789,0.0007023542137056804,1.0088581324989996,-0.13973179089958712,-1.468389918768688
2021-05-14,86406.4002213304,-0.0045765322210443715,1.0263980102704788,-0.14496034406471364,-1.6651929704837183
2021-05-17,85852.7492046086,-0.006407523230960055,1.0377804086226072,-0.15233231955344387,-1.939063843617805
2021-05-18,85654.37669637102,-0.0023106133475679913,1.0398037967575526,-0.1549892464486951,-1.9966895821921344
2021-05-19,85473.1036565241,-0.002116331317073339,1.0286504222649464,-0.1574268921221286,-2.054714200382393
2021-05-20,85772.99946973611,0.0035086571141391687,1.042655423320482,-0.15336835141070468,-1.8138753119100002
2021-05-21,85495.77467964706,-0.0032320752661432195,1.0411989896976224,-0.15709630845458097,-1.9203338853640628
2021-05-24,85369.43625441208,-0.0014777154275561477,1.0506044447009095,-0.15879679250208378,-1.9269505377277332
2021-05-25,85798.03076100077,0.005020467809010887,1.0423586441577426,-0.1529962140971505,-1.644498621161445
2021-05-26,85579.77263133832,-0.0025438594304155737,1.048898990741578,-0.15592486578868955,-1.7159755450827634
2021-05-27,85409.66920370025,-0.001987659261153185,1.058015102692987,-0.15821505004168762,-1.753866369190089
2021-05-28,85326.22509740783,-0.0009769866464814925,1.0600156446940714,-0.15933563970514492,-1.7486875808990288
2021-06-01,85140.46790463955,-0.002177023448022286,1.068548619212328,-0.161852924024968,-1.7900300751114426
2021-06-02,85389.43015733903,0.002924135359207991,1.071256582570334,-0.15845324356894258,-1.6129138523681537
2021-06-03,85486.87626287856,0.0011411963443248574,1.0628317661167992,-0.15712054233384465,-1.5300215628588636
2021-06-04,85774.71612348709,0.0033670649015573595,1.070640377060696,-0.15322545468033505,-1.3439260058816263
2021-06-07,85688.08466059837,-0.0010099883369359963,1.0710446122281312,-0.15437922270556034,-1.3591592627770588
2021-06-08,85813.21498553171,0.001460300173927065,1.0693523137310497,-0.15268380136745124,-1.2700067985131591
2021-06-09,85672.06714005957,-0.0016448264465552809,1.0640272394102999,-0.1545707464915419,-1.3237063623631216
2021-06-10,85930.87038651847,0.003020859132951692,1.0671596641942713,-0.15108140245842155,-1.1659426453642467
2021-06-11,85969.7870855308,0.0004528837987709533,1.0655337838601864,-0.15054825207048703,-1.129223801891223
2021-06-14,85821.21475756567,-0.0017281923452633352,1.0711351617338576,-0.15252797779349964,-1.1925469321794178
2021-06-15,85720.41563233269,-0.0011745245685198524,1.0721984410736127,-0.1538710882202459,-1.2312424493920227
2021-06-16,85903.87144768193,0.002140164790335408,1.0636897213869578,-0.15139475032763008,-1.1171063050143555
2021-06-17,86148.93582123112,0.0028527744957156376,1.0503645066150038,-0.14810740439658363,-0.9700208417185836
2021-06-18,85849.5810043584,-0.0034748521733792836,1.0350962535757608,-0.15209888811962213,-1.1403091810222066
2021-06-21,85653.68828893083,-0.002281813296416968,1.0516478431418206,-0.15472197033561844,-1.227661829992335
2021-06-22,85362.41673414838,-0.0034005722415585415,1.0586364170425784,-0.1586500756661096,-1.3779363259759612
2021-06-23,85122.96551005621,-0.002805112990625802,1.0565405000877794,-0.1618972524879481,-1.5044936863499405
2021-06-24,85345.03157665122,0.002608767977764881,1.0583486311319643,-0.15886196283254406,-1.3402334751192615
2021-06-25,85207.28721943175,-0.001613970428914313,1.0623481287686751,-0.16072326034897608,-1.3948226148614367
2021-06-28,85316.39036398094,0.0012804438224658377,1.053208148204676,-0.15922680190690428,-1.3094037705264114
2021-06-29,85482.72041310642,0.0019495673506095823,1.0498830485813362,-0.1569592038925031,-1.1855677894111323
2021-06-30,85244.78080790227,-0.0027834819020063906,1.04841292284331,-0.1601765617137718,-1.3157698710981582
2021-07-01,84615.03462017626,-0.007387504334665729,1.0605462941318238,-0.16879908000864377,-1.6751366715767282
2021-07-02,84992.87380305813,0.0044653906315577085,1.0602892748553494,-0.1635909957904281,-1.4070216637540816
2021-07-06,84882.63935171039,-0.0012969846343020563,1.050935508539158,-0.16508995789404463,-1.4730057269195749
2021-07-07,85469.31825652895,0.006911647768016005,1.046393321272553,-0.15708056087336278,-1.0696023949923745
2021-07-08,85573.89568880817,0.0012235669408915406,0.0,0.0,-0.9717843036812035
2021-07-09,85573.89568880817,0.0,0.0,0.0,
2021-07-12,85573.89568880817,0.0,0.0,0.0,
2021-07-13,85573.89568880817,0.0,0.0,0.0,
2021-07-14,85573.89568880817,0.0,0.0,0.0,
2021-07-15,85573.89568880817,0.0,0.0,0.0,
2021-07-16,85573.89568880817,0.0,0.0,0.0,
2021-07-19,85573.89568880817,0.0,0.0,0.0,
2021-07-20,85573.89568880817,0.0,0.0,0.0,
2021-07-21,85573.89568880817,0.0,0.0,0.0,
2021-07-22,85573.89568880817,0.0,0.0,0.0,
2021-07-23,85573.89568880817,0.0,0.0,0.0,
2021-07-26,85573.89568880817,0.0,0.0,0.0,
2021-07-27,85573.89568880817,0.0,0.0,0.0,
2021-07-28,85573.89568880817,0.0,0.0,0.0,
2021-07-29,85573.89568880817,0.0,0.0,0.0,
2021-07-30,85573.89568880817,0.0,0.0,0.0,
2021-08-02,85573.89568880817,0.0,0.0,0.0,
2021-08-03,85573.89568880817,0.0,0.0,0.0,
2021-08-04,85573.89568880817,0.0,0.0,0.0,
2021-08-05,85573.89568880817,0.0,0.0,0.0,
2021-08-06,85573.89568880817,0.0,0.0,0.0,
2021-08-09,85573.89568880817,0.0,0.0,0.0,
2021-08-10,85573.89568880817,0.0,0.0,0.0,
2021-08-11,85573.89568880817,0.0,0.0,0.0,
2021-08-12,85573.89568880817,0.0,0.0,0.0,
2021-08-13,85573.89568880817,0.0,0.0,0.0,
2021-08-16,85573.89568880817,0.0,0.0,0.0,
2021-08-17,85573.89568880817,0.0,0.0,0.0,
2021-08-18,85573.89568880817,0.0,0.0,0.0,
2021-08-19,85573.89568880817,0.0,0.0,0.0,
2021-08-20,85573.89568880817,0.0,0.0,0.0,
2021-08-23,85573.89568880817,0.0,0.0,0.0,
2021-08-24,85573.89568880817,0.0,0.0,0.0,
2021-08-25,85573.89568880817,0.0,0.0,0.0,
2021-08-26,85573.89568880817,0.0,0.0,0.0,
2021-08-27,85573.89568880817,0.0,0.0,0.0,
2021-08-30,85573.89568880817,0.0,0.0,0.0,
2021-08-31,85573.89568880817,0.0,0.0,0.0,
2021-09-01,85573.89568880817,0.0,0.0,0.0,
2021-09-02,85573.89568880817,0.0,0.0,0.0,
2021-09-03,85573.89568880817,0.0,0.0,0.0,
2021-09-07,85573.89568880817,0.0,0.0,0.0,
2021-09-08,85573.89568880817,0.0,0.0,0.0,
2021-09-09,85573.89568880817,0.0,0.0,0.0,
2021-09-10,85573.89568880817,0.0,0.0,0.0,
2021-09-13,85573.89568880817,0.0,0.0,0.0,
2021-09-14,85573.89568880817,0.0,0.0,0.0,
2021-09-15,85573.89568880817,0.0,0.0,0.0,
2021-09-16,85573.89568880817,0.0,0.0,0.0,
2021-09-17,85573.89568880817,0.0,0.0,0.0,
2021-09-20,85573.89568880817,0.0,0.0,0.0,
2021-09-21,85573.89568880817,0.0,0.0,0.0,
2021-09-22,85573.89568880817,0.0,0.0,0.0,
2021-09-23,85573.89568880817,0.0,0.0,0.0,
2021-09-24,85573.89568880817,0.0,0.0,0.0,
2021-09-27,85573.89568880817,0.0,0.0,0.0,
2021-09-28,85573.89568880817,0.0,0.0,0.0,
2021-09-29,85573.89568880817,0.0,0.0,0.0,
2021-09-30,85573.89568880817,0.0,0.0,0.0,
2021-10-01,85573.89568880817,0.0,0.0,0.0,
2021-10-04,85573.89568880817,0.0,0.0,0.0,
2021-10-05,85573.89568880817,0.0,0.0,0.0,
2021-10-06,85573.89568880817,0.0,0.0,0.0,
2021-10-07,85573.89568880817,0.0,0.0,0.0,
2021-10-08,85573.89568880817,0.0,0.0,0.0,
2021-10-11,85573.89568880817,0.0,0.0,0.0,
2021-10-12,85573.89568880817,0.0,0.0,0.0,
2021-10-13,85573.89568880817,0.0,0.0,0.0,
2021-10-14,85573.89568880817,0.0,0.0,0.0,
2021-10-15,85573.89568880817,0.0,0.0,0.0,
2021-10-18,85573.89568880817,0.0,0.0,0.0,
2021-10-19,85573.89568880817,0.0,0.0,0.0,
2021-10-20,85573.89568880817,0.0,0.0,0.0,
2021-10-21,85573.89568880817,0.0,0.0,0.0,
2021-10-22,85573.89568880817,0.0,0.0,0.0,
2021-10-25,85573.89568880817,0.0,0.0,0.0,
2021-10-26,85573.89568880817,0.0,0.0,0.0,
2021-10-27,85573.89568880817,0.0,0.0,0.0,
2021-10-28,85573.89568880817,0.0,0.0,0.0,
2021-10-29,85573.89568880817,0.0,0.0,0.0,
2021-11-01,85573.89568880817,0.0,0.0,0.0,
2021-11-02,85573.89568880817,0.0,0.0,0.0,
2021-11-03,85573.89568880817,0.0,0.0,0.0,
2021-11-04,85573.89568880817,0.0,0.0,0.0,
2021-11-05,85573.89568880817,0.0,0.0,0.0,
2021-11-08,85573.89568880817,0.0,0.0,0.0,
2021-11-09,85573.89568880817,0.0,0.0,0.0,
2021-11-10,85573.89568880817,0.0,0.0,0.0,
2021-11-11,85573.89568880817,0.0,0.0,0.0,
2021-11-12,85573.89568880817,0.0,0.0,0.0,
2021-11-15,85573.89568880817,0.0,0.0,0.0,
2021-11-16,85573.89568880817,0.0,0.0,0.0,
2021-11-17,85573.89568880817,0.0,0.0,0.0,
2021-11-18,85573.89568880817,0.0,0.0,0.0,
2021-11-19,85573.89568880817,0.0,0.0,0.0,
2021-11-22,85573.89568880817,0.0,0.0,0.0,
2021-11-23,85573.89568880817,0.0,0.0,0.0,
2021-11-24,85573.89568880817,0.0,0.0,0.0,
2021-11-26,85573.89568880817,0.0,0.0,0.0,
2021-11-29,85573.89568880817,0.0,0.0,0.0,
2021-11-30,85573.89568880817,0.0,0.0,0.0,
2021-12-01,85573.89568880817,0.0,0.0,0.0,
2021-12-02,85573.89568880817,0.0,0.0,0.0,
2021-12-03,85573.89568880817,0.0,0.0,0.0,
2021-12-06,85573.89568880817,0.0,0.0,0.0,
2021-12-07,85573.89568880817,0.0,0.0,0.0,
2021-12-08,85573.89568880817,0.0,0.0,0.0,
2021-12-09,85573.89568880817,0.0,0.0,0.0,
2021-12-10,85573.89568880817,0.0,0.0,0.0,
2021-12-13,85573.89568880817,0.0,0.0,0.0,
2021-12-14,85573.89568880817,0.0,0.0,0.0,
2021-12-15,85573.89568880817,0.0,0.0,0.0,
2021-12-16,85573.89568880817,0.0,0.0,0.0,
2021-12-17,85573.89568880817,0.0,0.0,0.0,
2021-12-20,85573.89568880817,0.0,0.0,0.0,
2021-12-21,85573.89568880817,0.0,0.0,0.0,
2021-12-22,85573.89568880817,0.0,0.0,0.0,
2021-12-23,85573.89568880817,0.0,0.0,0.0,
2021-12-27,85573.89568880817,0.0,0.0,0.0,
2021-12-28,85573.89568880817,0.0,0.0,0.0,
2021-12-29,85573.89568880817,0.0,0.0,0.0,
2021-12-30,85573.89568880817,0.0,0.0,0.0,
2021-12-31,85573.89568880817,0.0,0.0,0.0,
2022-01-03,85573.89568880817,0.0,0.0,0.0,
2022-01-04,85573.89568880817,0.0,0.0,0.0,
2022-01-05,85573.89568880817,0.0,0.0,0.0,
2022-01-06,85573.89568880817,0.0,0.0,0.0,
2022-01-07,85573.89568880817,0.0,0.0,0.0,
2022-01-10,85573.89568880817,0.0,0.0,0.0,
2022-01-11,85573.89568880817,0.0,0.0,0.0,
2022-01-12,85573.89568880817,0.0,0.0,0.0,
2022-01-13,85573.89568880817,0.0,0.0,0.0,
2022-01-14,85573.89568880817,0.0,0.0,0.0,
2022-01-18,85573.89568880817,0.0,0.0,0.0,
2022-01-19,85573.89568880817,0.0,0.0,0.0,
2022-01-20,85573.89568880817,0.0,0.0,0.0,
2022-01-21,85573.89568880817,0.0,0.0,0.0,
2022-01-24,85573.89568880817,0.0,0.0,0.0,
2022-01-25,85573.89568880817,0.0,0.0,0.0,
2022-01-26,85573.89568880817,0.0,0.0,0.0,
2022-01-27,85573.89568880817,0.0,0.0,0.0,
2022-01-28,85573.89568880817,0.0,0.0,0.0,
2022-01-31,85573.89568880817,0.0,0.0,0.0,
2022-02-01,85573.89568880817,0.0,0.0,0.0,
2022-02-02,85573.89568880817,0.0,0.0,0.0,
2022-02-03,85573.89568880817,0.0,0.0,0.0,
2022-02-04,85573.89568880817,0.0,0.0,0.0,
2022-02-07,85573.89568880817,0.0,0.0,0.0,
2022-02-08,85573.89568880817,0.0,0.0,0.0,
2022-02-09,85573.89568880817,0.0,0.0,0.0,
2022-02-10,85573.89568880817,0.0,0.0,0.0,
2022-02-11,85573.89568880817,0.0,0.0,0.0,
2022-02-14,85573.89568880817,0.0,0.0,0.0,
2022-02-15,85573.89568880817,0.0,0.0,0.0,
2022-02-16,85573.89568880817,0.0,0.0,0.0,
2022-02-17,85573.89568880817,0.0,0.0,0.0,
2022-02-18,85573.89568880817,0.0,0.0,0.0,
2022-02-22,85573.89568880817,0.0,0.0,0.0,
2022-02-23,85573.89568880817,0.0,0.0,0.0,
2022-02-24,85573.89568880817,0.0,0.0,0.0,
2022-02-25,85573.89568880817,0.0,0.0,0.0,
2022-02-28,85573.89568880817,0.0,0.0,0.0,
2022-03-01,85573.89568880817,0.0,0.0,0.0,
2022-03-02,85573.89568880817,0.0,0.0,0.0,
2022-03-03,85573.89568880817,0.0,0.0,0.0,
2022-03-04,85573.89568880817,0.0,0.0,0.0,
2022-03-07,85573.89568880817,0.0,0.0,0.0,
2022-03-08,85573.89568880817,0.0,0.0,0.0,
2022-03-09,85573.89568880817,0.0,0.0,0.0,
2022-03-10,85573.89568880817,0.0,0.0,0.0,
2022-03-11,85573.89568880817,0.0,0.0,0.0,
2022-03-14,85573.89568880817,0.0,0.0,0.0,
2022-03-15,85573.89568880817,0.0,0.0,0.0,
2022-03-16,85573.89568880817,0.0,0.0,0.0,
2022-03-17,85573.89568880817,0.0,0.0,0.0,
2022-03-18,85573.89568880817,0.0,0.0,0.0,
2022-03-21,85573.89568880817,0.0,0.0,0.0,
2022-03-22,85573.89568880817,0.0,0.0,0.0,
2022-03-23,85573.89568880817,0.0,0.0,0.0,
2022-03-24,85573.89568880817,0.0,0.0,0.0,
2022-03-25,85573.89568880817,0.0,0.0,0.0,
2022-03-28,85573.89568880817,0.0,0.0,0.0,
2022-03-29,85573.89568880817,0.0,0.0,0.0,
2022-03-30,85573.89568880817,0.0,0.0,0.0,
2022-03-31,85573.89568880817,0.0,0.0,0.0,
2022-04-01,85573.89568880817,0.0,0.0,0.0,
2022-04-04,85573.89568880817,0.0,0.0,0.0,
2022-04-05,85573.89568880817,0.0,0.0,0.0,
2022-04-06,85573.89568880817,0.0,0.0,0.0,
2022-04-07,85573.89568880817,0.0,0.0,0.0,
2022-04-08,85573.89568880817,0.0,0.0,0.0,
2022-04-11,85573.89568880817,0.0,0.0,0.0,
2022-04-12,85573.89568880817,0.0,0.0,0.0,
2022-04-13,85573.89568880817,0.0,0.0,0.0,
2022-04-14,85573.89568880817,0.0,0.0,0.0,
2022-04-18,85573.89568880817,0.0,0.0,0.0,
2022-04-19,85573.89568880817,0.0,0.0,0.0,
2022-04-20,85573.89568880817,0.0,0.0,0.0,
2022-04-21,85573.89568880817,0.0,0.0,0.0,
2022-04-22,85573.89568880817,0.0,0.0,0.0,
2022-04-25,85573.89568880817,0.0,0.0,0.0,
2022-04-26,85573.89568880817,0.0,0.0,0.0,
2022-04-27,85573.89568880817,0.0,0.0,0.0,
2022-04-28,85573.89568880817,0.0,0.0,0.0,
2022-04-29,85573.89568880817,0.0,0.0,0.0,
2022-05-02,85573.89568880817,0.0,0.0,0.0,
2022-05-03,85573.89568880817,0.0,0.0,0.0,
2022-05-04,85573.89568880817,0.0,0.0,0.0,
2022-05-05,85573.89568880817,0.0,0.0,0.0,
2022-05-06,85573.89568880817,0.0,0.0,0.0,
2022-05-09,85573.89568880817,0.0,0.0,0.0,
2022-05-10,85573.89568880817,0.0,0.0,0.0,
2022-05-11,85573.89568880817,0.0,0.0,0.0,
2022-05-12,85573.89568880817,0.0,0.0,0.0,
2022-05-13,85573.89568880817,0.0,0.0,0.0,
2022-05-16,85573.89568880817,0.0,0.0,0.0,
2022-05-17,85573.89568880817,0.0,0.0,0.0,
2022-05-18,85573.89568880817,0.0,0.0,0.0,
2022-05-19,85573.89568880817,0.0,0.0,0.0,
2022-05-20,85573.89568880817,0.0,0.0,0.0,
2022-05-23,85573.89568880817,0.0,0.0,0.0,
2022-05-24,85573.89568880817,0.0,0.0,0.0,
2022-05-25,85573.89568880817,0.0,0.0,0.0,
2022-05-26,85573.89568880817,0.0,0.0,0.0,
2022-05-27,85573.89568880817,0.0,0.0,0.0,
2022-05-31,85573.89568880817,0.0,0.0,0.0,
2022-06-01,85573.89568880817,0.0,0.0,0.0,
2022-06-02,85573.89568880817,0.0,0.0,0.0,
2022-06-03,85573.89568880817,0.0,0.0,0.0,
2022-06-06,85573.89568880817,0.0,0.0,0.0,
2022-06-07,85573.89568880817,0.0,0.0,0.0,
2022-06-08,85573.89568880817,0.0,0.0,0.0,
2022-06-09,85573.89568880817,0.0,0.0,0.0,
2022-06-10,85573.89568880817,0.0,0.0,0.0,
2022-06-13,85573.89568880817,0.0,0.0,0.0,
2022-06-14,85573.89568880817,0.0,0.0,0.0,
2022-06-15,85573.89568880817,0.0,0.0,0.0,
2022-06-16,85573.89568880817,0.0,0.0,0.0,
2022-06-17,85573.89568880817,0.0,0.0,0.0,
2022-06-21,85573.89568880817,0.0,0.0,0.0,
2022-06-22,85573.89568880817,0.0,0.0,0.0,
2022-06-23,85573.89568880817,0.0,0.0,0.0,
2022-06-24,85573.89568880817,0.0,0.0,0.0,
2022-06-27,85573.89568880817,0.0,0.0,0.0,
2022-06-28,85573.89568880817,0.0,0.0,0.0,
2022-06-29,85573.89568880817,0.0,0.0,0.0,
2022-06-30,85573.89568880817,0.0,0.0,0.0,
2022-07-01,85573.89568880817,0.0,0.0,0.0,
2022-07-05,85573.89568880817,0.0,0.0,0.0,
2022-07-06,85573.89568880817,0.0,0.0,0.0,
2022-07-07,85573.89568880817,0.0,0.0,0.0,
2022-07-08,85573.89568880817,0.0,0.0,0.0,
2022-07-11,85573.89568880817,0.0,0.0,0.0,
2022-07-12,85573.89568880817,0.0,0.0,0.0,
2022-07-13,85573.89568880817,0.0,0.0,0.0,
2022-07-14,85573.89568880817,0.0,0.0,0.0,
2022-07-15,85573.89568880817,0.0,0.0,0.0,
2022-07-18,85573.89568880817,0.0,0.0,0.0,
2022-07-19,85573.89568880817,0.0,0.0,0.0,
2022-07-20,85573.89568880817,0.0,0.0,0.0,
2022-07-21,85573.89568880817,0.0,0.0,0.0,
2022-07-22,85573.89568880817,0.0,0.0,0.0,
2022-07-25,85573.89568880817,0.0,0.0,0.0,
2022-07-26,85573.89568880817,0.0,0.0,0.0,
2022-07-27,85573.89568880817,0.0,0.0,0.0,
2022-07-28,85573.89568880817,0.0,0.0,0.0,
2022-07-29,85573.89568880817,0.0,0.0,0.0,
2022-08-01,85573.89568880817,0.0,0.0,0.0,
2022-08-02,85573.89568880817,0.0,0.0,0.0,
2022-08-03,85573.89568880817,0.0,0.0,0.0,
2022-08-04,85573.89568880817,0.0,0.0,0.0,
2022-08-05,85573.89568880817,0.0,0.0,0.0,
2022-08-08,85573.89568880817,0.0,0.0,0.0,
2022-08-09,85573.89568880817,0.0,0.0,0.0,
2022-08-10,85573.89568880817,0.0,0.0,0.0,
2022-08-11,85573.89568880817,0.0,0.0,0.0,
2022-08-12,85573.89568880817,0.0,0.0,0.0,
2022-08-15,85573.89568880817,0.0,0.0,0.0,
2022-08-16,85573.89568880817,0.0,0.0,0.0,
2022-08-17,85573.89568880817,0.0,0.0,0.0,
2022-08-18,85573.89568880817,0.0,0.0,0.0,
2022-08-19,85573.89568880817,0.0,0.0,0.0,
2022-08-22,85573.89568880817,0.0,0.0,0.0,
2022-08-23,85573.89568880817,0.0,0.0,0.0,
2022-08-24,85573.89568880817,0.0,0.0,0.0,
2022-08-25,85573.89568880817,0.0,0.0,0.0,
2022-08-26,85573.89568880817,0.0,0.0,0.0,
2022-08-29,85573.89568880817,0.0,0.0,0.0,
2022-08-30,85573.89568880817,0.0,0.0,0.0,
2022-08-31,85573.89568880817,0.0,0.0,0.0,
2022-09-01,85573.89568880817,0.0,0.0,0.0,
2022-09-02,85573.89568880817,0.0,0.0,0.0,
2022-09-06,85573.89568880817,0.0,0.0,0.0,
2022-09-07,85573.89568880817,0.0,0.0,0.0,
2022-09-08,85573.89568880817,0.0,0.0,0.0,
2022-09-09,85573.89568880817,0.0,0.0,0.0,
2022-09-12,85573.89568880817,0.0,0.0,0.0,
2022-09-13,85573.89568880817,0.0,0.0,0.0,
2022-09-14,85573.89568880817,0.0,0.0,0.0,
2022-09-15,85573.89568880817,0.0,0.0,0.0,
2022-09-16,85573.89568880817,0.0,0.0,0.0,
2022-09-19,85573.89568880817,0.0,0.0,0.0,
2022-09-20,85573.89568880817,0.0,0.0,0.0,
2022-09-21,85573.89568880817,0.0,0.0,0.0,
2022-09-22,85573.89568880817,0.0,0.0,0.0,
2022-09-23,85573.89568880817,0.0,0.0,0.0,
2022-09-26,85573.89568880817,0.0,0.0,0.0,
2022-09-27,85573.89568880817,0.0,0.0,0.0,
2022-09-28,85573.89568880817,0.0,0.0,0.0,
2022-09-29,85573.89568880817,0.0,0.0,0.0,
2022-09-30,85573.89568880817,0.0,0.0,0.0,
2022-10-03,85573.89568880817,0.0,0.0,0.0,
2022-10-04,85573.89568880817,0.0,0.0,0.0,
2022-10-05,85573.89568880817,0.0,0.0,0.0,
2022-10-06,85573.89568880817,0.0,0.0,0.0,
2022-10-07,85573.89568880817,0.0,0.0,0.0,
2022-10-10,85573.89568880817,0.0,0.0,0.0,
2022-10-11,85573.89568880817,0.0,0.0,0.0,
2022-10-12,85573.89568880817,0.0,0.0,0.0,
2022-10-13,85573.89568880817,0.0,0.0,0.0,
2022-10-14,85573.89568880817,0.0,0.0,0.0,
2022-10-17,85573.89568880817,0.0,0.0,0.0,
2022-10-18,85573.89568880817,0.0,0.0,0.0,
2022-10-19,85573.89568880817,0.0,0.0,0.0,
2022-10-20,85573.89568880817,0.0,0.0,0.0,
2022-10-21,85573.89568880817,0.0,0.0,0.0,
2022-10-24,85573.89568880817,0.0,0.0,0.0,
2022-10-25,85573.89568880817,0.0,0.0,0.0,
2022-10-26,85573.89568880817,0.0,0.0,0.0,
2022-10-27,85573.89568880817,0.0,0.0,0.0,
2022-10-28,85573.89568880817,0.0,0.0,0.0,
2022-10-31,85573.89568880817,0.0,0.0,0.0,
2022-11-01,85573.89568880817,0.0,0.0,0.0,
2022-11-02,85573.89568880817,0.0,0.0,0.0,
2022-11-03,85573.89568880817,0.0,0.0,0.0,
2022-11-04,85573.89568880817,0.0,0.0,0.0,
2022-11-07,85573.89568880817,0.0,0.0,0.0,
2022-11-08,85573.89568880817,0.0,0.0,0.0,
2022-11-09,85573.89568880817,0.0,0.0,0.0,
2022-11-10,85573.89568880817,0.0,0.0,0.0,
2022-11-11,85573.89568880817,0.0,0.0,0.0,
2022-11-14,85573.89568880817,0.0,0.0,0.0,
2022-11-15,85573.89568880817,0.0,0.0,0.0,
2022-11-16,85573.89568880817,0.0,0.0,0.0,
2022-11-17,85573.89568880817,0.0,0.0,0.0,
2022-11-18,85573.89568880817,0.0,0.0,0.0,
2022-11-21,85573.89568880817,0.0,0.0,0.0,
2022-11-22,85573.89568880817,0.0,0.0,0.0,
2022-11-23,85573.89568880817,0.0,0.0,0.0,
2022-11-25,85573.89568880817,0.0,0.0,0.0,
2022-11-28,85573.89568880817,0.0,0.0,0.0,
2022-11-29,85573.89568880817,0.0,0.0,0.0,
2022-11-30,85573.89568880817,0.0,0.0,0.0,
2022-12-01,85573.89568880817,0.0,0.0,0.0,
2022-12-02,85573.89568880817,0.0,0.0,0.0,
2022-12-05,85573.89568880817,0.0,0.0,0.0,
2022-12-06,85573.89568880817,0.0,0.0,0.0,
2022-12-07,85573.89568880817,0.0,0.0,0.0,
2022-12-08,85573.89568880817,0.0,0.0,0.0,
2022-12-09,85573.89568880817,0.0,0.0,0.0,
2022-12-12,85573.89568880817,0.0,0.0,0.0,
2022-12-13,85573.89568880817,0.0,0.0,0.0,
2022-12-14,85573.89568880817,0.0,0.0,0.0,
2022-12-15,85573.89568880817,0.0,0.0,0.0,
2022-12-16,85573.89568880817,0.0,0.0,0.0,
2022-12-19,85573.89568880817,0.0,0.0,0.0,
2022-12-20,85573.89568880817,0.0,0.0,0.0,
2022-12-21,85573.89568880817,0.0,0.0,0.0,
2022-12-22,85573.89568880817,0.0,0.0,0.0,
2022-12-23,85573.89568880817,0.0,0.0,0.0,
2022-12-27,85573.89568880817,0.0,0.0,0.0,
2022-12-28,85573.89568880817,0.0,0.0,0.0,
2022-12-29,85573.89568880817,0.0,0.0,0.0,
2022-12-30,85573.89568880817,0.0,0.0,0.0,
2023-01-03,85573.89568880817,0.0,0.0,0.0,
2023-01-04,85573.89568880817,0.0,0.0,0.0,
2023-01-05,85573.89568880817,0.0,0.0,0.0,
2023-01-06,85573.89568880817,0.0,0.0,0.0,
2023-01-09,85573.89568880817,0.0,0.0,0.0,
2023-01-10,85573.89568880817,0.0,0.0,0.0,
2023-01-11,85573.89568880817,0.0,0.0,0.0,
2023-01-12,85573.89568880817,0.0,0.0,0.0,
2023-01-13,85573.89568880817,0.0,0.0,0.0,
2023-01-17,85573.89568880817,0.0,0.0,0.0,
2023-01-18,85573.89568880817,0.0,0.0,0.0,
2023-01-19,85573.89568880817,0.0,0.0,0.0,
2023-01-20,85573.89568880817,0.0,0.0,0.0,
2023-01-23,85573.89568880817,0.0,0.0,0.0,
2023-01-24,85573.89568880817,0.0,0.0,0.0,
2023-01-25,85573.89568880817,0.0,0.0,0.0,
2023-01-26,85573.89568880817,0.0,0.0,0.0,
2023-01-27,85573.89568880817,0.0,0.0,0.0,
2023-01-30,85573.89568880817,0.0,0.0,0.0,
2023-01-31,85573.89568880817,0.0,0.0,0.0,
2023-02-01,85573.89568880817,0.0,0.0,0.0,
2023-02-02,85573.89568880817,0.0,0.0,0.0,
2023-02-03,85573.89568880817,0.0,0.0,0.0,
2023-02-06,85573.89568880817,0.0,0.0,0.0,
2023-02-07,85573.89568880817,0.0,0.0,0.0,
2023-02-08,85573.89568880817,0.0,0.0,0.0,
2023-02-09,85573.89568880817,0.0,0.0,0.0,
2023-02-10,85573.89568880817,0.0,0.0,0.0,
2023-02-13,85573.89568880817,0.0,0.0,0.0,
2023-02-14,85573.89568880817,0.0,0.0,0.0,
2023-02-15,85573.89568880817,0.0,0.0,0.0,
2023-02-16,85573.89568880817,0.0,0.0,0.0,
2023-02-17,85573.89568880817,0.0,0.0,0.0,
2023-02-21,85573.89568880817,0.0,0.0,0.0,
2023-02-22,85573.89568880817,0.0,0.0,0.0,
2023-02-23,85573.89568880817,0.0,0.0,0.0,
2023-02-24,85573.89568880817,0.0,0.0,0.0,
2023-02-27,85573.89568880817,0.0,0.0,0.0,
2023-02-28,85573.89568880817,0.0,0.0,0.0,
2023-03-01,85573.89568880817,0.0,0.0,0.0,
2023-03-02,85573.89568880817,0.0,0.0,0.0,
2023-03-03,85573.89568880817,0.0,0.0,0.0,
2023-03-06,85573.89568880817,0.0,0.0,0.0,
2023-03-07,85573.89568880817,0.0,0.0,0.0,
2023-03-08,85573.89568880817,0.0,0.0,0.0,
2023-03-09,85573.89568880817,0.0,0.0,0.0,
2023-03-10,85573.89568880817,0.0,0.0,0.0,
2023-03-13,85573.89568880817,0.0,0.0,0.0,
2023-03-14,85573.89568880817,0.0,0.0,0.0,
2023-03-15,85573.89568880817,0.0,0.0,0.0,
2023-03-16,85573.89568880817,0.0,0.0,0.0,
2023-03-17,85573.89568880817,0.0,0.0,0.0,
2023-03-20,85573.89568880817,0.0,0.0,0.0,
2023-03-21,85573.89568880817,0.0,0.0,0.0,
2023-03-22,85573.89568880817,0.0,0.0,0.0,
2023-03-23,85573.89568880817,0.0,0.0,0.0,
2023-03-24,85573.89568880817,0.0,0.0,0.0,
2023-03-27,85573.89568880817,0.0,0.0,0.0,
2023-03-28,85573.89568880817,0.0,0.0,0.0,
2023-03-29,85573.89568880817,0.0,0.0,0.0,
2023-03-30,85573.89568880817,0.0,0.0,0.0,
2023-03-31,85573.89568880817,0.0,0.0,0.0,
2023-04-03,85573.89568880817,0.0,0.0,0.0,
2023-04-04,85573.89568880817,0.0,0.0,0.0,
2023-04-05,85573.89568880817,0.0,0.0,0.0,
2023-04-06,85573.89568880817,0.0,0.0,0.0,
2023-04-10,85573.89568880817,0.0,0.0,0.0,
2023-04-11,85573.89568880817,0.0,0.0,0.0,
2023-04-12,85573.89568880817,0.0,0.0,0.0,
2023-04-13,85573.89568880817,0.0,0.0,0.0,
2023-04-14,85573.89568880817,0.0,0.0,0.0,
2023-04-17,85573.89568880817,0.0,0.0,0.0,
2023-04-18,85573.89568880817,0.0,0.0,0.0,
2023-04-19,85573.89568880817,0.0,0.0,0.0,
2023-04-20,85573.89568880817,0.0,0.0,0.0,
2023-04-21,85573.89568880817,0.0,0.0,0.0,
2023-04-24,85573.89568880817,0.0,0.0,0.0,
2023-04-25,85573.89568880817,0.0,0.0,0.0,
2023-04-26,85573.89568880817,0.0,0.0,0.0,
2023-04-27,85573.89568880817,0.0,0.0,0.0,
2023-04-28,85573.89568880817,0.0,0.0,0.0,
2023-05-01,85573.89568880817,0.0,0.0,0.0,
2023-05-02,85573.89568880817,0.0,0.0,0.0,
2023-05-03,85573.89568880817,0.0,0.0,0.0,
2023-05-04,85573.89568880817,0.0,0.0,0.0,
2023-05-05,85573.89568880817,0.0,0.0,0.0,
2023-05-08,85573.89568880817,0.0,0.0,0.0,
2023-05-09,85573.89568880817,0.0,0.0,0.0,
2023-05-10,85573.89568880817,0.0,0.0,0.0,
2023-05-11,85573.89568880817,0.0,0.0,0.0,
2023-05-12,85573.89568880817,0.0,0.0,0.0,
2023-05-15,85573.89568880817,0.0,0.0,0.0,
2023-05-16,85573.89568880817,0.0,0.0,0.0,
2023-05-17,85573.89568880817,0.0,0.0,0.0,
2023-05-18,85573.89568880817,0.0,0.0,0.0,
2023-05-19,85573.89568880817,0.0,0.0,0.0,
2023-05-22,85573.89568880817,0.0,0.0,0.0,
2023-05-23,85573.89568880817,0.0,0.0,0.0,
2023-05-24,85573.89568880817,0.0,0.0,0.0,
2023-05-25,85573.89568880817,0.0,0.0,0.0,
2023-05-26,85573.89568880817,0.0,0.0,0.0,
2023-05-30,85573.89568880817,0.0,0.0,0.0,
2023-05-31,85573.89568880817,0.0,0.0,0.0,
2023-06-01,85573.89568880817,0.0,0.0,0.0,
2023-06-02,85573.89568880817,0.0,0.0,0.0,
2023-06-05,85573.89568880817,0.0,0.0,0.0,
2023-06-06,85573.89568880817,0.0,0.0,0.0,
2023-06-07,85573.89568880817,0.0,0.0,0.0,
2023-06-08,85573.89568880817,0.0,0.0,0.0,
2023-06-09,85573.89568880817,0.0,0.0,0.0,
2023-06-12,85573.89568880817,0.0,0.0,0.0,
2023-06-13,85573.89568880817,0.0,0.0,0.0,
2023-06-14,85573.89568880817,0.0,0.0,0.0,
2023-06-15,85573.89568880817,0.0,0.0,0.0,
2023-06-16,85573.89568880817,0.0,0.0,0.0,
2023-06-20,85573.89568880817,0.0,0.0,0.0,
2023-06-21,85573.89568880817,0.0,0.0,0.0,
2023-06-22,85573.89568880817,0.0,0.0,0.0,
2023-06-23,85573.89568880817,0.0,0.0,0.0,
2023-06-26,85573.89568880817,0.0,0.0,0.0,
2023-06-27,85573.89568880817,0.0,0.0,0.0,
2023-06-28,85573.89568880817,0.0,0.0,0.0,
2023-06-29,85573.89568880817,0.0,0.0,0.0,
2023-06-30,85573.89568880817,0.0,0.0,0.0,
2023-07-03,85573.89568880817,0.0,0.0,0.0,
2023-07-05,85573.89568880817,0.0,0.0,0.0,
2023-07-06,85573.89568880817,0.0,0.0,0.0,
2023-07-07,85573.89568880817,0.0,0.0,0.0,
2023-07-10,85573.89568880817,0.0,0.0,0.0,
2023-07-11,85573.89568880817,0.0,0.0,0.0,
2023-07-12,85573.89568880817,0.0,0.0,0.0,
2023-07-13,85573.89568880817,0.0,0.0,0.0,
2023-07-14,85573.89568880817,0.0,0.0,0.0,
2023-07-17,85573.89568880817,0.0,0.0,0.0,
2023-07-18,85573.89568880817,0.0,0.0,0.0,
2023-07-19,85573.89568880817,0.0,0.0,0.0,
2023-07-20,85573.89568880817,0.0,0.0,0.0,
2023-07-21,85573.89568880817,0.0,0.0,0.0,
2023-07-24,85573.89568880817,0.0,0.0,0.0,
2023-07-25,85573.89568880817,0.0,0.0,0.0,
2023-07-26,85573.89568880817,0.0,0.0,0.0,
2023-07-27,85573.89568880817,0.0,0.0,0.0,
2023-07-28,85573.89568880817,0.0,0.0,0.0,
2023-07-31,85573.89568880817,0.0,0.0,0.0,
2023-08-01,85573.89568880817,0.0,0.0,0.0,
2023-08-02,85573.89568880817,0.0,0.0,0.0,
2023-08-03,85573.89568880817,0.0,0.0,0.0,
2023-08-04,85573.89568880817,0.0,0.0,0.0,
2023-08-07,85573.89568880817,0.0,0.0,0.0,
2023-08-08,85573.89568880817,0.0,0.0,0.0,
2023-08-09,85573.89568880817,0.0,0.0,0.0,
2023-08-10,85573.89568880817,0.0,0.0,0.0,
2023-08-11,85573.89568880817,0.0,0.0,0.0,
2023-08-14,85573.89568880817,0.0,0.0,0.0,
2023-08-15,85573.89568880817,0.0,0.0,0.0,
2023-08-16,85573.89568880817,0.0,0.0,0.0,
2023-08-17,85573.89568880817,0.0,0.0,0.0,
2023-08-18,85573.89568880817,0.0,0.0,0.0,
2023-08-21,85573.89568880817,0.0,0.0,0.0,
2023-08-22,85573.89568880817,0.0,0.0,0.0,
2023-08-23,85573.89568880817,0.0,0.0,0.0,
2023-08-24,85573.89568880817,0.0,0.0,0.0,
2023-08-25,85573.89568880817,0.0,0.0,0.0,
2023-08-28,85573.89568880817,0.0,0.0,0.0,
2023-08-29,85573.89568880817,0.0,0.0,0.0,
2023-08-30,85573.89568880817,0.0,0.0,0.0,
2023-08-31,85573.89568880817,0.0,0.0,0.0,
2023-09-01,85573.89568880817,0.0,0.0,0.0,
2023-09-05,85573.89568880817,0.0,0.0,0.0,
2023-09-06,85573.89568880817,0.0,0.0,0.0,
2023-09-07,85573.89568880817,0.0,0.0,0.0,
2023-09-08,85573.89568880817,0.0,0.0,0.0,
2023-09-11,85573.89568880817,0.0,0.0,0.0,
2023-09-12,85573.89568880817,0.0,0.0,0.0,
2023-09-13,85573.89568880817,0.0,0.0,0.0,
2023-09-14,85573.89568880817,0.0,0.0,0.0,
2023-09-15,85573.89568880817,0.0,0.0,0.0,
2023-09-18,85573.89568880817,0.0,0.0,0.0,
2023-09-19,85573.89568880817,0.0,0.0,0.0,
2023-09-20,85573.89568880817,0.0,0.0,0.0,
2023-09-21,85573.89568880817,0.0,0.0,0.0,
2023-09-22,85573.89568880817,0.0,0.0,0.0,
2023-09-25,85573.89568880817,0.0,0.0,0.0,
2023-09-26,85573.89568880817,0.0,0.0,0.0,
2023-09-27,85573.89568880817,0.0,0.0,0.0,
2023-09-28,85573.89568880817,0.0,0.0,0.0,
2023-09-29,85573.89568880817,0.0,0.0,0.0,
2023-10-02,85573.89568880817,0.0,0.0,0.0,
2023-10-03,85573.89568880817,0.0,0.0,0.0,
2023-10-04,85573.89568880817,0.0,0.0,0.0,
2023-10-05,85573.89568880817,0.0,0.0,0.0,
2023-10-06,85573.89568880817,0.0,0.0,0.0,
2023-10-09,85573.89568880817,0.0,0.0,0.0,
2023-10-10,85573.89568880817,0.0,0.0,0.0,
2023-10-11,85573.89568880817,0.0,0.0,0.0,
2023-10-12,85573.89568880817,0.0,0.0,0.0,
2023-10-13,85573.89568880817,0.0,0.0,0.0,
2023-10-16,85573.89568880817,0.0,0.0,0.0,
2023-10-17,85573.89568880817,0.0,0.0,0.0,
2023-10-18,85573.89568880817,0.0,0.0,0.0,
2023-10-19,85573.89568880817,0.0,0.0,0.0,
2023-10-20,85573.89568880817,0.0,0.0,0.0,
2023-10-23,85573.89568880817,0.0,0.0,0.0,
2023-10-24,85573.89568880817,0.0,0.0,0.0,
2023-10-25,85573.89568880817,0.0,0.0,0.0,
2023-10-26,85573.89568880817,0.0,0.0,0.0,
2023-10-27,85573.89568880817,0.0,0.0,0.0,
2023-10-30,85573.89568880817,0.0,0.0,0.0,
2023-10-31,85573.89568880817,0.0,0.0,0.0,
2023-11-01,85573.89568880817,0.0,0.0,0.0,
2023-11-02,85573.89568880817,0.0,0.0,0.0,
2023-11-03,85573.89568880817,0.0,0.0,0.0,
2023-11-06,85573.89568880817,0.0,0.0,0.0,
2023-11-07,85573.89568880817,0.0,0.0,0.0,
2023-11-08,85573.89568880817,0.0,0.0,0.0,
2023-11-09,85573.89568880817,0.0,0.0,0.0,
2023-11-10,85573.89568880817,0.0,0.0,0.0,
2023-11-13,85573.89568880817,0.0,0.0,0.0,
2023-11-14,85573.89568880817,0.0,0.0,0.0,
2023-11-15,85573.89568880817,0.0,0.0,0.0,
2023-11-16,85573.89568880817,0.0,0.0,0.0,
2023-11-17,85573.89568880817,0.0,0.0,0.0,
2023-11-20,85573.89568880817,0.0,0.0,0.0,
2023-11-21,85573.89568880817,0.0,0.0,0.0,
2023-11-22,85573.89568880817,0.0,0.0,0.0,
2023-11-24,85573.89568880817,0.0,0.0,0.0,
2023-11-27,85573.89568880817,0.0,0.0,0.0,
2023-11-28,85573.89568880817,0.0,0.0,0.0,
2023-11-29,85573.89568880817,0.0,0.0,0.0,
2023-11-30,85573.89568880817,0.0,0.0,0.0,
2023-12-01,85573.89568880817,0.0,0.0,0.0,
2023-12-04,85573.89568880817,0.0,0.0,0.0,
2023-12-05,85573.89568880817,0.0,0.0,0.0,
2023-12-06,85573.89568880817,0.0,0.0,0.0,
2023-12-07,85573.89568880817,0.0,0.0,0.0,
2023-12-08,85573.89568880817,0.0,0.0,0.0,
2023-12-11,85573.89568880817,0.0,0.0,0.0,
2023-12-12,85573.89568880817,0.0,0.0,0.0,
2023-12-13,85573.89568880817,0.0,0.0,0.0,
2023-12-14,85573.89568880817,0.0,0.0,0.0,
2023-12-15,85573.89568880817,0.0,0.0,0.0,
2023-12-18,85573.89568880817,0.0,0.0,0.0,
2023-12-19,85573.89568880817,0.0,0.0,0.0,
2023-12-20,85573.89568880817,0.0,0.0,0.0,
2023-12-21,85573.89568880817,0.0,0.0,0.0,
2023-12-22,85573.89568880817,0.0,0.0,0.0,
2023-12-26,85573.89568880817,0.0,0.0,0.0,
2023-12-27,85573.89568880817,0.0,0.0,0.0,
2023-12-28,85573.89568880817,0.0,0.0,0.0,
2023-12-29,85573.89568880817,0.0,0.0,0.0,
2024-01-02,85573.89568880817,0.0,0.0,0.0,
2024-01-03,85573.89568880817,0.0,0.0,0.0,
2024-01-04,85573.89568880817,0.0,0.0,0.0,
2024-01-05,85573.89568880817,0.0,0.0,0.0,
2024-01-08,85573.89568880817,0.0,0.0,0.0,
2024-01-09,85573.89568880817,0.0,0.0,0.0,
2024-01-10,85573.89568880817,0.0,0.0,0.0,
2024-01-11,85573.89568880817,0.0,0.0,0.0,
2024-01-12,85573.89568880817,0.0,0.0,0.0,
2024-01-16,85573.89568880817,0.0,0.0,0.0,
2024-01-17,85573.89568880817,0.0,0.0,0.0,
2024-01-18,85573.89568880817,0.0,0.0,0.0,
2024-01-19,85573.89568880817,0.0,0.0,0.0,
2024-01-22,85573.89568880817,0.0,0.0,0.0,
2024-01-23,85573.89568880817,0.0,0.0,0.0,
2024-01-24,85573.89568880817,0.0,0.0,0.0,
2024-01-25,85573.89568880817,0.0,0.0,0.0,
2024-01-26,85573.89568880817,0.0,0.0,0.0,
2024-01-29,85573.89568880817,0.0,0.0,0.0,
2024-01-30,85573.89568880817,0.0,0.0,0.0,
2024-01-31,85573.89568880817,0.0,0.0,0.0,
2024-02-01,85573.89568880817,0.0,0.0,0.0,
2024-02-02,85573.89568880817,0.0,0.0,0.0,
2024-02-05,85573.89568880817,0.0,0.0,0.0,
2024-02-06,85573.89568880817,0.0,0.0,0.0,
2024-02-07,85573.89568880817,0.0,0.0,0.0,
2024-02-08,85573.89568880817,0.0,0.0,0.0,
2024-02-09,85573.89568880817,0.0,0.0,0.0,
2024-02-12,85573.89568880817,0.0,0.0,0.0,
2024-02-13,85573.89568880817,0.0,0.0,0.0,
2024-02-14,85573.89568880817,0.0,0.0,0.0,
2024-02-15,85573.89568880817,0.0,0.0,0.0,
2024-02-16,85573.89568880817,0.0,0.0,0.0,
2024-02-20,85573.89568880817,0.0,0.0,0.0,
2024-02-21,85573.89568880817,0.0,0.0,0.0,
2024-02-22,85573.89568880817,0.0,0.0,0.0,
2024-02-23,85573.89568880817,0.0,0.0,0.0,
2024-02-26,85573.89568880817,0.0,0.0,0.0,
2024-02-27,85573.89568880817,0.0,0.0,0.0,
2024-02-28,85573.89568880817,0.0,0.0,0.0,
2024-02-29,85573.89568880817,0.0,0.0,0.0,
2024-03-01,85573.89568880817,0.0,0.0,0.0,
2024-03-04,85573.89568880817,0.0,0.0,0.0,
2024-03-05,85573.89568880817,0.0,0.0,0.0,
2024-03-06,85573.89568880817,0.0,0.0,0.0,
2024-03-07,85573.89568880817,0.0,0.0,0.0,
2024-03-08,85573.89568880817,0.0,0.0,0.0,
2024-03-11,85573.89568880817,0.0,0.0,0.0,
2024-03-12,85573.89568880817,0.0,0.0,0.0,
2024-03-13,85573.89568880817,0.0,0.0,0.0,
2024-03-14,85573.89568880817,0.0,0.0,0.0,
2024-03-15,85573.89568880817,0.0,0.0,0.0,
2024-03-18,85573.89568880817,0.0,0.0,0.0,
2024-03-19,85573.89568880817,0.0,0.0,0.0,
2024-03-20,85573.89568880817,0.0,0.0,0.0,
2024-03-21,85573.89568880817,0.0,0.0,0.0,
2024-03-22,85573.89568880817,0.0,0.0,0.0,
2024-03-25,85573.89568880817,0.0,0.0,0.0,
2024-03-26,85573.89568880817,0.0,0.0,0.0,
2024-03-27,85573.89568880817,0.0,0.0,0.0,
2024-03-28,85573.89568880817,0.0,0.0,0.0,
2024-04-01,85573.89568880817,0.0,0.0,0.0,
2024-04-02,85573.89568880817,0.0,0.0,0.0,
2024-04-03,85573.89568880817,0.0,0.0,0.0,
2024-04-04,85573.89568880817,0.0,0.0,0.0,
2024-04-05,85573.89568880817,0.0,0.0,0.0,
2024-04-08,85573.89568880817,0.0,0.0,0.0,
2024-04-09,85573.89568880817,0.0,0.0,0.0,
2024-04-10,85573.89568880817,0.0,0.0,0.0,
2024-04-11,85573.89568880817,0.0,0.0,0.0,
2024-04-12,85573.89568880817,0.0,0.0,0.0,
2024-04-15,85573.89568880817,0.0,0.0,0.0,
2024-04-16,85573.89568880817,0.0,0.0,0.0,
2024-04-17,85573.89568880817,0.0,0.0,0.0,
2024-04-18,85573.89568880817,0.0,0.0,0.0,
2024-04-19,85573.89568880817,0.0,0.0,0.0,
2024-04-22,85573.89568880817,0.0,0.0,0.0,
2024-04-23,85573.89568880817,0.0,0.0,0.0,
2024-04-24,85573.89568880817,0.0,0.0,0.0,
2024-04-25,85573.89568880817,0.0,0.0,0.0,
2024-04-26,85573.89568880817,0.0,0.0,0.0,
2024-04-29,85573.89568880817,0.0,0.0,0.0,
2024-04-30,85573.89568880817,0.0,0.0,0.0,
2024-05-01,85573.89568880817,0.0,0.0,0.0,
2024-05-02,85573.89568880817,0.0,0.0,0.0,
2024-05-03,85573.89568880817,0.0,0.0,0.0,
2024-05-06,85573.89568880817,0.0,0.0,0.0,
2024-05-07,85573.89568880817,0.0,0.0,0.0,
2024-05-08,85573.89568880817,0.0,0.0,0.0,
2024-05-09,85573.89568880817,0.0,0.0,0.0,
2024-05-10,85573.89568880817,0.0,0.0,0.0,
2024-05-13,85573.89568880817,0.0,0.0,0.0,
2024-05-14,85573.89568880817,0.0,0.0,0.0,
2024-05-15,85573.89568880817,0.0,0.0,0.0,
2024-05-16,85573.89568880817,0.0,0.0,0.0,
2024-05-17,85573.89568880817,0.0,0.0,0.0,
2024-05-20,85573.89568880817,0.0,0.0,0.0,
2024-05-21,85573.89568880817,0.0,0.0,0.0,
2024-05-22,85573.89568880817,0.0,0.0,0.0,
2024-05-23,85573.89568880817,0.0,0.0,0.0,
2024-05-24,85573.89568880817,0.0,0.0,0.0,
2024-05-28,85573.89568880817,0.0,0.0,0.0,
2024-05-29,85573.89568880817,0.0,0.0,0.0,
2024-05-30,85573.89568880817,0.0,0.0,0.0,
2024-05-31,85573.89568880817,0.0,0.0,0.0,
2024-06-03,85573.89568880817,0.0,0.0,0.0,
2024-06-04,85573.89568880817,0.0,0.0,0.0,
2024-06-05,85573.89568880817,0.0,0.0,0.0,
2024-06-06,85573.89568880817,0.0,0.0,0.0,
2024-06-07,85573.89568880817,0.0,0.0,0.0,
2024-06-10,85573.89568880817,0.0,0.0,0.0,
2024-06-11,85573.89568880817,0.0,0.0,0.0,
2024-06-12,85573.89568880817,0.0,0.0,0.0,
2024-06-13,85573.89568880817,0.0,0.0,0.0,
2024-06-14,85573.89568880817,0.0,0.0,0.0,
2024-06-17,85573.89568880817,0.0,0.0,0.0,
2024-06-18,85573.89568880817,0.0,0.0,0.0,
2024-06-20,85573.89568880817,0.0,0.0,0.0,
2024-06-21,85573.89568880817,0.0,0.0,0.0,
2024-06-24,85573.89568880817,0.0,0.0,0.0,
2024-06-25,85573.89568880817,0.0,0.0,0.0,
2024-06-26,85573.89568880817,0.0,0.0,0.0,
2024-06-27,85573.89568880817,0.0,0.0,0.0,
2024-06-28,85573.89568880817,0.0,0.0,0.0,
2024-07-01,85573.89568880817,0.0,0.0,0.0,
2024-07-02,85573.89568880817,0.0,0.0,0.0,
2024-07-03,85573.89568880817,0.0,0.0,0.0,
2024-07-05,85573.89568880817,0.0,0.0,0.0,
2024-07-08,85573.89568880817,0.0,0.0,0.0,
2024-07-09,85573.89568880817,0.0,0.0,0.0,
2024-07-10,85573.89568880817,0.0,0.0,0.0,
2024-07-11,85573.89568880817,0.0,0.0,0.0,
2024-07-12,85573.89568880817,0.0,0.0,0.0,
2024-07-15,85573.89568880817,0.0,0.0,0.0,
2024-07-16,85573.89568880817,0.0,0.0,0.0,
2024-07-17,85573.89568880817,0.0,0.0,0.0,
2024-07-18,85573.89568880817,0.0,0.0,0.0,
2024-07-19,85573.89568880817,0.0,0.0,0.0,
2024-07-22,85573.89568880817,0.0,0.0,0.0,
2024-07-23,85573.89568880817,0.0,0.0,0.0,
2024-07-24,85573.89568880817,0.0,0.0,0.0,
2024-07-25,85573.89568880817,0.0,0.0,0.0,
2024-07-26,85573.89568880817,0.0,0.0,0.0,
2024-07-29,85573.89568880817,0.0,0.0,0.0,
2024-07-30,85573.89568880817,0.0,0.0,0.0,
2024-07-31,85573.89568880817,0.0,0.0,0.0,
2024-08-01,85573.89568880817,0.0,0.0,0.0,
2024-08-02,85573.89568880817,0.0,0.0,0.0,
2024-08-05,85573.89568880817,0.0,0.0,0.0,
2024-08-06,85573.89568880817,0.0,0.0,0.0,
2024-08-07,85573.89568880817,0.0,0.0,0.0,
2024-08-08,85573.89568880817,0.0,0.0,0.0,
2024-08-09,85573.89568880817,0.0,0.0,0.0,
2024-08-12,85573.89568880817,0.0,0.0,0.0,
2024-08-13,85573.89568880817,0.0,0.0,0.0,
2024-08-14,85573.89568880817,0.0,0.0,0.0,
2024-08-15,85573.89568880817,0.0,0.0,0.0,
2024-08-16,85573.89568880817,0.0,0.0,0.0,
2024-08-19,85573.89568880817,0.0,0.0,0.0,
2024-08-20,85573.89568880817,0.0,0.0,0.0,
2024-08-21,85573.89568880817,0.0,0.0,0.0,
2024-08-22,85573.89568880817,0.0,0.0,0.0,
2024-08-23,85573.89568880817,0.0,0.0,0.0,
2024-08-26,85573.89568880817,0.0,0.0,0.0,
2024-08-27,85573.89568880817,0.0,0.0,0.0,
2024-08-28,85573.89568880817,0.0,0.0,0.0,
2024-08-29,85573.89568880817,0.0,0.0,0.0,
2024-08-30,85573.89568880817,0.0,0.0,0.0,
2024-09-03,85573.89568880817,0.0,0.0,0.0,
2024-09-04,85573.89568880817,0.0,0.0,0.0,
2024-09-05,85573.89568880817,0.0,0.0,0.0,
2024-09-06,85573.89568880817,0.0,0.0,0.0,
2024-09-09,85573.89568880817,0.0,0.0,0.0,
2024-09-10,85573.89568880817,0.0,0.0,0.0,
2024-09-11,85573.89568880817,0.0,0.0,0.0,
2024-09-12,85573.89568880817,0.0,0.0,0.0,
2024-09-13,85573.89568880817,0.0,0.0,0.0,
2024-09-16,85573.89568880817,0.0,0.0,0.0,
2024-09-17,85573.89568880817,0.0,0.0,0.0,
2024-09-18,85573.89568880817,0.0,0.0,0.0,
2024-09-19,85573.89568880817,0.0,0.0,0.0,
2024-09-20,85573.89568880817,0.0,0.0,0.0,
2024-09-23,85573.89568880817,0.0,0.0,0.0,
2024-09-24,85573.89568880817,0.0,0.0,0.0,
2024-09-25,85573.89568880817,0.0,0.0,0.0,
2024-09-26,85573.89568880817,0.0,0.0,0.0,
2024-09-27,85573.89568880817,0.0,0.0,0.0,
2024-09-30,85573.89568880817,0.0,0.0,0.0,
2024-10-01,85573.89568880817,0.0,0.0,0.0,
2024-10-02,85573.89568880817,0.0,0.0,0.0,
2024-10-03,85573.89568880817,0.0,0.0,0.0,
2024-10-04,85573.89568880817,0.0,0.0,0.0,
2024-10-07,85573.89568880817,0.0,0.0,0.0,
2024-10-08,85573.89568880817,0.0,0.0,0.0,
2024-10-09,85573.89568880817,0.0,0.0,0.0,
2024-10-10,85573.89568880817,0.0,0.0,0.0,
2024-10-11,85573.89568880817,0.0,0.0,0.0,
2024-10-14,85573.89568880817,0.0,0.0,0.0,
2024-10-15,85573.89568880817,0.0,0.0,0.0,
2024-10-16,85573.89568880817,0.0,0.0,0.0,
2024-10-17,85573.89568880817,0.0,0.0,0.0,
2024-10-18,85573.89568880817,0.0,0.0,0.0,
2024-10-21,85573.89568880817,0.0,0.0,0.0,
2024-10-22,85573.89568880817,0.0,0.0,0.0,
2024-10-23,85573.89568880817,0.0,0.0,0.0,
2024-10-24,85573.89568880817,0.0,0.0,0.0,
2024-10-25,85573.89568880817,0.0,0.0,0.0,
2024-10-28,85573.89568880817,0.0,0.0,0.0,
2024-10-29,85573.89568880817,0.0,0.0,0.0,
2024-10-30,85573.89568880817,0.0,0.0,0.0,
2024-10-31,85573.89568880817,0.0,0.0,0.0,
2024-11-01,85573.89568880817,0.0,0.0,0.0,
2024-11-04,85573.89568880817,0.0,0.0,0.0,
2024-11-05,85573.89568880817,0.0,0.0,0.0,
2024-11-06,85573.89568880817,0.0,0.0,0.0,
2024-11-07,85573.89568880817,0.0,0.0,0.0,
2024-11-08,85573.89568880817,0.0,0.0,0.0,
2024-11-11,85573.89568880817,0.0,0.0,0.0,
2024-11-12,85573.89568880817,0.0,0.0,0.0,
2024-11-13,85573.89568880817,0.0,0.0,0.0,
2024-11-14,85573.89568880817,0.0,0.0,0.0,
2024-11-15,85573.89568880817,0.0,0.0,0.0,
2024-11-18,85573.89568880817,0.0,0.0,0.0,
2024-11-19,85573.89568880817,0.0,0.0,0.0,
2024-11-20,85573.89568880817,0.0,0.0,0.0,
2024-11-21,85573.89568880817,0.0,0.0,0.0,
2024-11-22,85573.89568880817,0.0,0.0,0.0,
2024-11-25,85573.89568880817,0.0,0.0,0.0,
2024-11-26,85573.89568880817,0.0,0.0,0.0,
2024-11-27,85573.89568880817,0.0,0.0,0.0,
2024-11-29,85573.89568880817,0.0,0.0,0.0,
2024-12-02,85573.89568880817,0.0,0.0,0.0,
2024-12-03,85573.89568880817,0.0,0.0,0.0,
2024-12-04,85573.89568880817,0.0,0.0,0.0,
2024-12-05,85573.89568880817,0.0,0.0,0.0,
2024-12-06,85573.89568880817,0.0,0.0,0.0,
2024-12-09,85573.89568880817,0.0,0.0,0.0,
2024-12-10,85573.89568880817,0.0,0.0,0.0,
2024-12-11,85573.89568880817,0.0,0.0,0.0,
2024-12-12,85573.89568880817,0.0,0.0,0.0,
2024-12-13,85573.89568880817,0.0,0.0,0.0,
2024-12-16,85573.89568880817,0.0,0.0,0.0,
2024-12-17,85573.89568880817,0.0,0.0,0.0,
2024-12-18,85573.89568880817,0.0,0.0,0.0,
2024-12-19,85573.89568880817,0.0,0.0,0.0,
2024-12-20,85573.89568880817,0.0,0.0,0.0,
2024-12-23,85573.89568880817,0.0,0.0,0.0,
2024-12-24,85573.89568880817,0.0,0.0,0.0,
2024-12-26,85573.89568880817,0.0,0.0,0.0,
2024-12-27,85573.89568880817,0.0,0.0,0.0,
2024-12-30,85573.89568880817,0.0,0.0,0.0,
2024-12-31,85573.89568880817,0.0,0.0,0.0,
